"code","Phylum","Genus","filename","Replicate","Di_2,3_diaminopropionic acid_14073","Tri_2,3_diaminopropionic acid_14940","Di_ornithine_15391","Tri_ornithine_17210","Tri_histidine_17315","Tri_2,3_diaminopropionic acid_17863","Tri_2,3_diaminopropionic acid_17869","Di_ornithine_17963","Tri_arginine_18281","Tri_2,3_diaminopropionic acid_18373","Tri_proline_M+NH4_18411","Tri_putrescine_18433","Tri_cystine_19329","Tri_cadaverine_19586","3a,7a,12k_alanine_20366","Tri_glutamine_22099","Di_citrulline_22104","Tri_citrulline_22220","Tri_phenylalanine_22512","Di_ornithine_22619","Di_phenylalanine_22687","Tri_serine_23158","3a,7a,12k_lysine_23168","3k12a_lysine_23849","Tri_GABA_M+H2O_23885","3a7k_citrulline_24966","Di_lysine_25070","Di_ornithine_25325","3a7k_threonine_27078","Di_alanine_27176","3k7a_glutamine_29953","Di_glutamine_30065","Di_glutamine_30067","Di_glutamine_31254","Di_citrulline_31270","Mono_ornithine_31596","Mono_lysine_32192","Tri_dopamine_32195","Di_serine_32622","Di_threonine_33288","Mono_ornithine_33494","Tri_methionine_33885","Di_dopamine_34015","Di_unconjugated_34634","Di_methionine_34896","Tri_2_aminophenol_35037","Di_alanine_35826","Tri_3_methoxytyramine_36008","Di_3_methoxytyramine_37128","Di_3_methoxytyramine_37165","Di_dopamine_38088","Tri_tryptamine_38723","Mono_tyramine_38979","Di_3_methoxytyramine_39396","Mono_methionine_41397","Mono_phenylalanine_41412","Mono_serotonin_42743","Tri_glyglycine_20401"
"A0A069S9I0","Bacteroidota","Phocaeicola","P1_A3_cluster54_A0A069S9I0_rep2","rep2",0,0,0,0,0,0,0,0,0,0,0,0,0,0,0,0,0,0,0,0,0,0,0,0,0,0,0,0,0,0,0,0,0,0,0,0,0,0,0,0,0,0,0,0,0,0,0,0,0,0,0,0,0,0,0,0,0,0
"A0A069S9I0","Bacteroidota","Phocaeicola","P1_A3_cluster54_A0A069S9I0","rep1",0,0,0,0,0,0,0,0,0,0,0,0,0,0,0,0,0,0,0,0,0,0,0,0,0,0,0,0,0,0,0,0,0,0,0,0,0,0,0,0,0,0,0,0,0,0,0,0,0,0,0,0,0,0,0,0,0,0
"A0A069S9I0","Bacteroidota","Phocaeicola","P1_A3_cluster54_A0A069S9I0_rep3","rep3",0,0,0,0,0,0,0,0,0,0,0,0,0,0,0,0,0,0,0,0,0,0,0,0,0,0,0,0,0,0,0,0,0,0,0,0,0,0,0,0,0,0,0,0,0,0,0,0,0,0,0,0,0,0,0,0,0,0
"A0A078S2R5","Bacteroidota","Bacteroides","P1_B2_cluster23_A0A078S2R5","rep1",73969.39,39463.508,0,0,0,0,0,320608.2,0,7066597.5,10168.439,6859.014,0,0,652848.5,0,5643.574,0,0,0,1157.3,0,0,0,10632.498,0,0,83608.18,0,50594.707,0,0,1053.754,0,0,3382.701,4046.542,3995.595,0,0,1092725,0,218221.62,89006.47,0,1090300.9,181117.73,14404.575,711738.06,60316.234,56349.754,8296.699,443868.3,84892.234,9948.436,0,5965.191,0
"A0A078S2R5","Bacteroidota","Bacteroides","P1_B2_cluster23_A0A078S2R5_rep3","rep3",63817.086,65544.49,1475.661,0,0,0,0,302762.97,0,6756087,9019.242,8029.022,0,0,388205.94,0,3822.178,0,0,0,1769.412,0,0,0,3483.57,0,0,74536.76,0,33359.688,0,0,0,0,0,0,1298.282,3713.889,0,0,965412.25,0,178193.5,71709.414,0,1023266.9,201083.72,7245.954,674613.1,43699.742,35610.234,0,339382.88,83296.766,10458.543,15319.635,45710.42,0
"A0A078S2R5","Bacteroidota","Bacteroides","P1_B2_cluster23_A0A078S2R5_rep2","rep2",89949.74,34604.336,0,0,0,0,0,354960.4,0,7144524.5,10230.122,9743.044,0,0,697099.6,0,1535.27,0,0,0,2749.155,0,0,0,22356.242,0,0,40318.406,0,23599.799,0,0,0,0,0,0,6812.489,7979.752,0,0,1749858.9,0,210409.88,88032.52,0,955860.2,248160.44,13157.982,588513.25,25569.035,32068.174,0,526610.56,0,18368.904,0,56643.816,0
"A0A096B1U0","Bacillota","Flavonifractor","P1_D5_cluster183_A0A096B1U0_rep3","rep3",0,0,0,0,0,0,0,0,0,0,0,0,0,0,0,0,0,0,0,0,0,0,0,0,0,0,0,0,0,0,0,0,0,0,0,0,0,0,0,0,0,0,0,0,0,0,0,0,0,0,0,0,0,0,0,0,0,0
"A0A096B1U0","Bacillota","Flavonifractor","P1_D5_cluster183_A0A096B1U0","rep1",0,0,0,0,0,0,0,0,0,0,0,0,0,0,0,0,0,0,0,0,0,0,0,0,2711.312,0,0,0,0,0,0,0,0,0,0,0,0,0,1848.098,0,0,0,0,0,0,0,0,0,0,0,0,0,0,0,0,0,0,0
"A0A096B1U0","Bacillota","Flavonifractor","P1_D5_cluster183_A0A096B1U0_rep2","rep2",0,0,0,0,0,0,0,0,0,0,0,0,0,0,0,0,0,0,0,0,0,0,0,0,0,0,0,0,0,0,0,0,0,0,0,0,0,0,0,0,0,0,0,0,0,0,0,0,0,0,0,0,0,0,0,0,0,0
"A0A096DGB7","Bacillota","Flavonifractor","P1_D6_cluster245_A0A096DGB7_rep2","rep2",0,0,0,0,0,0,0,0,0,165422.94,0,0,0,0,89354.45,0,0,0,0,0,0,0,0,0,58974.914,0,0,9573.403,0,0,0,0,0,0,0,0,0,0,1037.948,0,3685.322,0,0,0,0,14465.469,0,0,0,0,0,0,0,0,0,0,0,0
"A0A096DGB7","Bacillota","Flavonifractor","P1_D6_cluster245_A0A096DGB7_rep3","rep3",0,0,0,0,0,0,0,0,0,10997.122,0,0,0,0,2459.51,0,0,0,0,0,0,0,0,0,6599.842,0,0,1110.3356,0,0,0,0,0,0,913.8396,0,0,0,0,0,139.5976,0,0,0,0,465.6779,0,0,0,0,0,0,0,0,0,0,0,718.8106
"A0A096DGB7","Bacillota","Flavonifractor","P1_D6_cluster245_A0A096DGB7","rep1",0,0,0,0,0,0,0,0,0,190258.03,0,0,0,0,77132.62,0,0,0,0,0,0,0,1359.711,0,70480.164,0,0,6868.386,0,0,0,0,0,0,0,0,0,0,9626.958,0,4804.661,0,0,0,0,27772.5,5114.501,0,0,0,0,0,0,0,0,0,0,0
"A0A096KTH7","Actinomycetota","Collinsella","P1_E1_cluster10_A0A096KTH7_rep2","rep2",0,0,0,0,0,0,0,0,0,0,0,0,0,0,0,0,0,0,0,0,0,0,0,0,0,0,0,0,0,0,0,0,0,0,0,0,0,0,0,0,0,0,0,0,0,0,0,0,0,0,0,0,0,0,0,0,0,0
"A0A096KTH7","Actinomycetota","Collinsella","P1_E1_cluster10_A0A096KTH7_rep3","rep3",0,0,0,0,0,0,53209.273,0,0,1283866.4,0,0,0,0,664373.8,0,0,0,0,0,0,7775.1304,169285.97,0,81565.04,0,1541.6226,0,0,0,0,0,0,3503.1926,0,0,0,0,35170.242,25908.887,491.9229,25568.646,0,6372.006,0,136854.92,303905.2,0,0,0,0,0,0,0,10561.504,0,6172.8643,99902.836
"A0A096KTH7","Actinomycetota","Collinsella","P1_E1_cluster10_A0A096KTH7","rep1",0,0,0,0,0,0,0,0,0,0,0,0,0,0,0,0,0,0,0,0,0,0,0,0,0,0,0,0,0,0,0,0,0,0,0,0,0,0,0,0,0,0,0,0,0,0,0,0,0,0,0,0,0,0,0,0,0,0
"A0A0B8QU93","Bacillota","Lactococcus","P1_D2_cluster36_A0A0B8QU93_rep3","rep3",0,0,0,0,0,0,0,0,0,0,0,0,0,0,0,0,0,0,0,0,0,0,0,0,0,0,0,0,0,0,0,0,0,0,0,0,0,0,0,0,0,0,0,0,0,0,0,0,0,0,0,0,0,0,0,0,0,0
"A0A0B8QU93","Bacillota","Lactococcus","P1_D2_cluster36_A0A0B8QU93","rep1",0,0,0,0,0,0,0,0,0,0,0,0,0,0,0,0,0,0,0,0,0,0,0,0,1684.03,0,0,0,0,0,0,0,0,0,0,0,0,0,0,0,0,0,0,0,0,0,0,0,0,0,0,0,0,0,0,0,0,0
"A0A0B8QU93","Bacillota","Lactococcus","P1_D2_cluster36_A0A0B8QU93_rep2","rep2",0,0,0,0,0,0,0,0,0,0,0,0,0,0,0,0,0,0,0,0,0,0,0,0,0,0,0,0,0,0,0,0,0,0,0,0,0,0,0,0,0,0,0,0,0,0,0,0,0,0,0,0,0,0,0,0,0,0
"A0A0D8IVP2","Bacillota","Ruthenibacterium","P1_B9_cluster391_A0A0D8IVP2_rep2","rep2",0,0,0,0,0,0,0,0,0,72608.11,0,0,0,0,144787.9,0,0,0,0,0,0,0,17154.58,0,14131.064,0,0,0,9204.659,0,0,0,0,981.4615,0,0,0,0,42095.13,0,0,28166.447,0,0,0,0,33222.926,0,0,0,0,0,0,0,0,0,0,0
"A0A0D8IVP2","Bacillota","Ruthenibacterium","P1_B9_cluster391_A0A0D8IVP2_rep3","rep3",0,0,0,0,0,0,0,0,0,48157.004,0,0,0,0,68045.766,0,0,0,0,0,1098.826,0,8786.437,0,6032.188,0,0,0,0,0,0,0,0,0,2212.178,0,0,0,70785.65,0,0,22121.697,0,0,0,0,9612.912,0,0,0,0,0,0,0,2013.351,0,0,0
"A0A0D8IVP2","Bacillota","Ruthenibacterium","P1_B9_cluster391_A0A0D8IVP2","rep1",0,0,0,0,0,0,0,0,0,69382.48,0,0,0,0,109414.26,0,0,0,0,0,0,0,18114.422,0,5528.953,0,0,0,9186.256,0,0,0,0,1351.285,5233.762,0,0,0,73470.48,0,0,23767.52,0,0,0,0,23700.527,0,0,0,0,0,0,0,0,0,0,0
"A0A0F0CI09","Bacillota","Clostridium","P1_D7_cluster269_A0A0F0CI09_rep2","rep2",0,0,0,0,0,0,0,0,0,0,0,0,0,0,0,0,0,0,0,0,0,0,0,0,0,0,0,0,0,0,0,0,0,0,0,0,0,0,0,0,0,0,0,0,0,0,0,0,0,0,0,0,0,0,0,0,0,0
"A0A0F0CI09","Bacillota","Clostridium","P1_D7_cluster269_A0A0F0CI09","rep1",0,0,0,0,0,0,0,0,0,0,0,0,0,0,0,0,0,0,0,0,0,0,0,0,1765.658,0,0,0,0,0,0,0,0,0,0,0,0,0,0,0,0,0,0,0,0,0,0,0,0,0,0,0,0,0,0,0,0,0
"A0A0F0CI09","Bacillota","Clostridium","P1_D7_cluster269_A0A0F0CI09_rep3","rep3",0,0,0,0,0,0,0,0,0,0,0,0,0,0,0,0,0,0,0,0,0,0,0,0,0,0,0,0,0,0,0,0,0,0,0,0,0,0,0,0,0,0,0,0,0,0,0,0,0,0,0,0,0,0,0,0,0,0
"A0A0F5JPH2","Bacteroidota","Parabacteroides","P1_H5_cluster213_A0A0F5JPH2_rep3","rep3",68465.086,0,0,0,0,0,0,17368.06,0,648403.06,0,0,0,0,287695.2,0,0,0,0,0,0,0,0,0,0,0,0,7367.92,0,30468.406,0,0,0,0,0,0,0,1401.369,0,0,31897.277,0,14176.91,34486.74,0,106704.29,119705.39,0,191399.02,15783.398,5300.392,0,0,0,0,0,34802.73,0
"A0A0F5JPH2","Bacteroidota","Parabacteroides","P1_H5_cluster213_A0A0F5JPH2_rep2","rep2",0,0,0,0,0,0,0,0,0,251.5766,0,0,0,0,177.1661,0,0,0,0,0,0,0,0,0,0,0,0,0,0,0,0,0,0,0,0,0,0,0,0,0,0,0,0,0,0,0,0,0,0,0,0,0,0,0,0,0,0,0
"A0A0F5JPH2","Bacteroidota","Parabacteroides","P1_H5_cluster213_A0A0F5JPH2","rep1",81463.12,0,0,0,0,0,0,15279.867,0,657780.3,0,0,0,0,392771.47,0,0,0,0,0,1530.833,0,0,0,0,0,0,11440.122,0,50774.168,0,0,0,0,0,0,0,0,0,0,35201.668,0,27811.516,59099.56,0,153487.16,132168.4,0,171928.62,18730.22,8809.75,0,0,0,0,0,36839.375,0
"A0A0G8G768","Bacillota","Ligilactobacillus","P1_G4_cluster149_A0A0G8G768","rep1",0,3223.894,0,0,0,0,42888.05,34371.625,25247.955,246528.22,0,0,6113.281,0,98161.46,0,20892.975,4271.805,19887.365,17733.83,63149.48,4286.818,86440.945,28333.338,37530.605,22227.531,155335.89,77051.77,81154.66,0,8510.369,3461.614,18340.543,167349.12,120439.266,46901.957,113773.7,0,433167.72,10546.868,0,66049.74,0,0,46043.89,36393.75,108552.71,0,0,0,0,0,57446.945,0,74990.336,138785.58,9848.796,0
"A0A0G8G768","Bacillota","Ligilactobacillus","P1_G4_cluster149_A0A0G8G768_rep3","rep3",0,0,0,0,0,0,13752.055,33177.152,15250.514,253524.81,0,0,0,0,69792.89,3670.4873,13239.787,0,3447.3032,10632.389,61260.113,0,79930,19412.936,37496.75,21312.55,53262.207,60250.445,56047.99,0,0,2018.3794,8317.489,133567.97,98186.945,18746.848,110644,0,458220.25,7820.472,520.8184,60133.98,0,0,46765.043,20716.012,105686.13,0,0,0,0,0,0,0,109587.766,165610.64,16841.285,0
"A0A0G8G768","Bacillota","Ligilactobacillus","P1_G4_cluster149_A0A0G8G768_rep2","rep2",0,0,0,0,0,0,0,0,0,362.145,0,0,0,0,0,0,0,0,0,0,0,0,0,0,0,0,0,0,0,0,0,0,0,0,0,0,0,0,0,0,0,0,0,0,0,0,0,0,0,0,0,0,0,0,0,0,0,0
"A0A0M6WH75","Bacillota","Roseburia","P1_G6_cluster256_A0A0M6WH75_rep2","rep2",0,0,0,0,0,0,0,0,0,0,0,0,0,0,0,0,0,0,0,0,0,0,0,0,0,0,0,0,0,0,0,0,0,0,0,0,0,0,0,0,0,0,0,0,0,0,0,0,0,0,0,0,0,0,0,0,0,0
"A0A0M6WH75","Bacillota","Roseburia","P1_G6_cluster256_A0A0M6WH75","rep1",0,0,0,0,0,0,0,0,0,0,0,0,0,0,0,0,0,0,0,0,0,0,0,0,2466.521,0,0,0,0,0,0,0,0,0,0,0,0,0,0,0,0,0,0,0,0,0,0,0,0,0,0,0,0,0,0,0,0,0
"A0A0M6WH75","Bacillota","Roseburia","P1_G6_cluster256_A0A0M6WH75_rep3","rep3",0,0,0,0,0,0,0,0,0,0,0,0,0,0,0,0,0,0,0,0,0,0,0,0,0,0,0,0,0,0,0,0,0,0,0,0,0,0,0,0,0,0,0,0,0,0,0,0,0,0,0,0,0,0,0,0,0,0
"A0A0M6WMX1","Bacillota","Roseburia","P1_G3_cluster98_A0A0M6WMX1_rep3","rep3",0,0,0,0,0,0,19061.164,0,0,273868.9,0,0,0,0,332469.6,0,0,0,0,0,0,3059.919,106553.59,0,83042.42,0,0,1914.9419,63440.29,0,0,0,0,0,4336.356,0,0,0,54798.293,3033.3462,502.6708,60387.55,0,97023.34,0,20969.771,175514.61,0,0,0,0,0,0,0,12054.168,44136.562,0,42182.242
"A0A0M6WMX1","Bacillota","Roseburia","P1_G3_cluster98_A0A0M6WMX1_rep2","rep2",0,0,0,0,0,0,27091.441,0,0,249740.78,0,0,0,0,610391.4,0,0,0,5834.4624,0,8469.25,5978.3325,154871.58,0,110627.91,635.2401,444.4021,5939.9473,91744.18,2337.4219,0,0,2254.662,11180.672,5521.956,0,0,0,109856.16,7196.7983,687.0237,78719.55,0,108078.945,0,52944.13,108834.01,0,0,0,0,0,60793.984,0,21484.098,48357.43,0,81877.68
"A0A0M6WMX1","Bacillota","Roseburia","P1_G3_cluster98_A0A0M6WMX1","rep1",0,3517.1694,0,0,0,0,31244.648,0,0,255431.34,0,0,0,0,481858.38,0,0,0,16676.04,0,8170.8193,8209.954,128060.19,0,88903.016,0,0,4550.9443,70950.74,0,966.1973,0,3101.9185,6014.468,12198.032,0,0,0,144057.69,7472.32,0,69123.31,0,129192.11,0,66496.42,191325.31,0,0,0,0,0,37686.484,0,12191.965,70849.305,0,89200.29
"A0A0M6WSM3","Bacillota","Agathobacter","P1_F2_cluster40_A0A0M6WSM3_rep2","rep2",0,0,0,0,0,0,0,0,0,0,0,0,0,0,0,0,0,0,0,0,0,0,0,0,0,0,0,0,0,0,0,0,0,0,0,0,0,0,0,0,0,0,0,0,0,0,0,0,0,0,0,0,0,0,0,0,0,0
"A0A0M6WSM3","Bacillota","Agathobacter","P1_F2_cluster40_A0A0M6WSM3","rep1",0,44732.57,0,0,0,0,42708.934,0,0,570215.56,0,0,0,0,953333.3,0,0,0,3096.0186,0,6232.192,11865.912,180877.1,0,256768.27,0,2254.8867,4591.87,106168.77,15520.018,0,0,6661.5317,0,1476.9509,0,0,0,11670.596,8799.878,897.8932,44720.062,0,269541.03,2976.6035,169806.78,231673.95,0,2842.1196,0,0,0,65302.266,0,7290.9854,10662.66,6548.824,168041.31
"A0A0M6WSM3","Bacillota","Agathobacter","P1_F2_cluster40_A0A0M6WSM3_rep3","rep3",0,42050.457,0,0,0,0,34986.27,0,0,688915.4,0,0,0,0,678856.94,0,0,0,0,0,0,13824.809,148704.84,0,251115.48,0,3284.335,0,68632.3,3593.121,0,0,5613.476,0,0,0,0,0,11987.912,5297.646,0,41685.008,0,279234.62,0,103163.71,187786.92,0,0,0,0,0,51851.734,5838.324,11784.07,0,5642.908,117913.41
"A0A0P0FKS2","Bacteroidota","Bacteroides","P1_A2_cluster21_A0A0P0FKS2_rep3","rep3",0,0,0,0,0,0,0,0,0,0,0,0,0,0,0,0,0,0,0,0,0,0,0,0,0,0,0,0,0,0,0,0,0,0,0,0,0,0,0,0,0,0,0,0,0,0,0,0,0,0,0,0,0,0,0,0,0,0
"A0A0P0FKS2","Bacteroidota","Bacteroides","P1_A2_cluster21_A0A0P0FKS2_rep2","rep2",0,0,0,0,0,0,0,0,0,0,0,0,0,0,0,0,0,0,0,0,0,0,0,0,0,0,0,0,0,0,0,0,0,0,0,0,0,0,0,0,0,0,0,0,0,0,0,0,0,0,0,0,0,0,0,0,0,0
"A0A0P0FKS2","Bacteroidota","Bacteroides","P1_A2_cluster21_A0A0P0FKS2","rep1",0,0,0,0,0,0,0,0,0,0,0,0,0,0,0,0,0,0,0,0,0,0,0,0,0,0,0,0,0,0,0,0,0,0,0,0,0,0,0,0,0,0,0,0,0,0,0,0,0,0,0,0,0,0,0,0,0,0
"A0A0P0LK75","Bacteroidota","Phocaeicola","P1_A1_cluster4_A0A0P0LK75_rep3","rep3",0,0,0,0,0,0,0,0,0,0,0,0,0,0,0,0,0,0,0,0,0,0,0,0,0,0,0,0,0,0,0,0,0,0,0,0,0,0,0,0,0,0,0,0,0,0,0,0,0,0,0,0,0,0,0,0,0,0
"A0A0P0LK75","Bacteroidota","Phocaeicola","P1_A1_cluster4_A0A0P0LK75","rep1",0,0,0,0,0,0,0,0,0,0,0,0,0,0,0,0,0,0,0,0,0,0,0,0,0,0,0,0,0,0,0,0,0,0,0,0,0,0,0,0,0,0,0,0,0,0,0,0,0,0,0,0,0,0,0,0,0,0
"A0A0P0LK75","Bacteroidota","Phocaeicola","P1_A1_cluster4_A0A0P0LK75_rep2","rep2",0,0,0,0,0,0,0,0,0,0,0,0,0,0,0,0,0,0,0,0,0,0,0,0,0,0,0,0,0,0,0,0,0,0,0,0,0,0,0,0,0,0,0,0,0,0,0,0,0,0,0,0,0,0,0,0,0,0
"A0A0S2W269","Bacillota","Intestinimonas","P1_H10_cluster525_A0A0S2W269_rep3","rep3",0,0,0,0,0,0,0,0,0,0,0,0,0,0,0,0,0,0,0,0,0,0,0,0,0,0,0,0,0,0,0,0,0,0,0,0,0,0,0,0,0,0,0,0,0,0,0,0,0,0,0,0,0,0,0,0,0,0
"A0A0S2W269","Bacillota","Intestinimonas","P1_H10_cluster525_A0A0S2W269_rep2","rep2",0,0,0,0,0,0,0,0,0,0,0,0,0,0,0,0,0,0,0,0,0,0,0,0,0,0,0,0,0,0,0,0,0,0,0,0,0,0,0,0,0,0,0,0,0,0,0,0,0,0,0,0,0,0,0,0,0,0
"A0A0S2W269","Bacillota","Intestinimonas","P1_H10_cluster525_A0A0S2W269","rep1",0,0,0,0,0,0,0,0,0,0,0,0,0,0,0,0,0,0,0,0,0,0,0,0,2436.15,0,0,0,0,0,0,0,0,0,0,0,0,0,0,0,0,0,0,0,0,0,0,0,0,0,0,0,0,0,0,0,0,0
"A0A173ZD58","Bacillota","Hungatella","P1_C12_cluster634_A0A173ZD58","rep1",0,0,0,0,0,0,0,0,0,4158.9185,0,0,0,0,0,0,0,0,0,0,0,0,0,0,9352.295,0,0,0,0,0,0,0,0,0,0,0,0,0,7092.544,0,1879.9661,548.4804,19042.846,0,0,6458.492,0,0,68843.45,0,0,0,0,0,0,0,3646.9353,0
"A0A173ZD58","Bacillota","Hungatella","P1_C12_cluster634_A0A173ZD58_rep3","rep3",0,0,0,0,0,0,0,0,0,0,0,0,0,0,0,0,0,0,0,0,0,0,0,0,0,0,0,0,0,0,0,0,0,0,0,0,0,0,0,0,0,0,0,0,0,0,0,0,0,0,0,0,0,0,0,0,0,0
"A0A173ZD58","Bacillota","Hungatella","P1_C12_cluster634_A0A173ZD58_rep2","rep2",0,0,0,0,0,0,0,0,0,0,0,0,0,0,0,0,0,0,0,0,0,0,0,0,0,0,0,0,0,0,0,0,0,0,0,0,0,0,0,0,0,0,0,0,0,0,0,0,0,0,0,0,0,0,0,0,0,0
"A0A174CW35","Bacteroidota","Parabacteroides","P1_F1_cluster11_A0A174CW35_rep2","rep2",0,0,0,0,0,0,0,0,0,0,0,0,0,0,0,0,0,0,0,0,0,0,0,0,0,0,0,0,0,0,0,0,0,0,0,0,0,0,0,0,0,0,0,0,0,0,0,0,0,0,0,0,0,0,0,0,0,0
"A0A174CW35","Bacteroidota","Parabacteroides","P1_F1_cluster11_A0A174CW35","rep1",0,0,0,0,0,0,0,0,0,0,0,0,0,0,0,0,0,0,0,0,0,0,0,0,0,0,0,0,0,0,0,0,0,0,0,0,0,0,0,0,0,0,0,0,0,0,0,0,0,0,0,0,0,0,0,0,0,0
"A0A174CW35","Bacteroidota","Parabacteroides","P1_F1_cluster11_A0A174CW35_rep3","rep3",0,0,0,0,0,0,0,0,0,0,0,0,0,0,0,0,0,0,0,0,0,0,0,0,0,0,0,0,0,0,0,0,0,0,0,0,0,0,0,0,0,0,0,0,0,0,0,0,0,0,0,0,0,0,0,0,0,9971.796
"A0A174DZA2","Bacillota","Fusicatenibacter","P1_C3_cluster64_A0A174DZA2","rep1",0,0,0,0,0,0,0,0,0,43222.867,0,0,0,0,31893.06,0,0,0,0,0,1668.6139,0,13058.075,0,99580.39,0,0,0,16805.342,0,0,0,0,0,0,0,0,0,52673.09,0,875.7849,4450.683,0,0,0,29681.2,9671.639,0,0,0,0,0,20273.793,0,1967.7306,0,0,0
"A0A174DZA2","Bacillota","Fusicatenibacter","P1_C3_cluster64_A0A174DZA2_rep3","rep3",0,0,0,0,0,0,0,0,0,64488.242,0,0,0,0,26263.941,0,0,0,0,0,0,0,12237.927,0,89780.4,0,0,0,2492.433,0,0,0,0,0,0,0,0,0,36363.582,0,0,3378.9985,0,0,0,9155.166,4870.0205,0,0,0,0,0,21004.184,0,0,0,0,0
"A0A174DZA2","Bacillota","Fusicatenibacter","P1_C3_cluster64_A0A174DZA2_rep2","rep2",0,0,0,0,0,0,0,0,0,66278.67,0,0,0,0,111923.03,0,0,0,0,0,0,0,14126.987,0,112413.34,0,0,0,18963.184,0,0,0,0,0,0,0,0,0,56824.242,0,1080.496,4174.129,0,0,0,31534.469,9528.25,0,0,0,0,0,28485.596,0,0,0,0,0
"A0A174MBD8","Bacillota","Lachnoclostridium","P1_G5_cluster206_A0A174MBD8_rep2","rep2",0,0,0,0,0,0,0,0,0,0,0,0,0,0,0,0,0,0,0,0,0,0,0,0,0,0,0,0,0,0,0,0,0,0,0,0,0,0,0,0,0,0,0,0,0,0,0,0,0,0,0,0,0,0,0,0,0,0
"A0A174MBD8","Bacillota","Lachnoclostridium","P1_G5_cluster206_A0A174MBD8","rep1",0,0,0,0,0,0,0,0,0,0,0,0,0,0,0,0,0,0,0,0,0,0,0,0,0,0,0,0,0,0,0,0,0,0,0,0,0,0,0,0,0,0,0,0,0,0,0,0,0,0,0,0,0,0,0,0,0,0
"A0A174MBD8","Bacillota","Lachnoclostridium","P1_G5_cluster206_A0A174MBD8_rep3","rep3",0,0,0,0,0,0,0,0,0,0,0,0,0,0,0,0,0,0,0,0,0,0,0,0,0,0,0,0,0,0,0,0,0,0,0,0,0,0,0,0,0,0,0,0,0,0,0,0,0,0,0,0,0,0,0,0,0,0
"A0A174YG41","Bacillota","Lachnospira","P1_A9_cluster388_A0A174YG41","rep1",0,0,0,0,0,0,0,0,0,0,0,0,0,0,0,0,0,0,0,0,0,0,0,0,0,0,0,0,0,0,0,0,0,0,0,0,0,0,0,0,0,0,0,0,0,0,0,0,0,0,0,0,0,0,0,0,0,0
"A0A174YG41","Bacillota","Lachnospira","P1_A9_cluster388_A0A174YG41_rep2","rep2",0,0,0,0,0,0,0,0,0,0,0,0,0,0,0,0,0,0,0,0,0,0,0,0,0,0,0,0,0,0,0,0,0,0,0,0,0,0,0,0,0,0,0,0,0,0,0,0,0,0,0,0,0,0,0,0,0,0
"A0A174YG41","Bacillota","Lachnospira","P1_A9_cluster388_A0A174YG41_rep3","rep3",0,0,0,0,0,0,0,0,0,0,0,0,0,0,0,0,0,0,0,0,0,0,0,0,0,0,0,0,0,0,0,0,0,0,0,0,0,0,0,0,0,0,0,0,0,0,0,0,0,0,0,0,0,0,0,0,0,0
"A0A174Z2R4","Bacillota","Lachnospira","P1_A5_cluster169_A0A174Z2R4_rep3","rep3",0,1370.9657,1217.959,0,3595.5386,809.8695,15537.276,1217.959,2645.8347,265707.56,0,0,0,0,104811.93,1111.9636,3931.5918,1625.2107,5583.9336,0,24411.473,0,24802.217,0,13255.87,0,2157.5813,0,17838.178,1094.6636,124.9226,139.4159,3291.4702,702.2328,4656.235,0,0,0,1457.325,80.9939,0,10515.508,197.0747,0,15218.113,6685.524,52446.95,568.353,1116.951,0,0,0,1069.3992,1107.3323,522.8463,711.2452,0,121210.62
"A0A174Z2R4","Bacillota","Lachnospira","P1_A5_cluster169_A0A174Z2R4_rep2","rep2",0,0,0,0,0,0,0,0,0,0,0,0,0,0,0,0,0,0,0,0,0,0,0,0,0,0,0,0,0,0,0,0,0,0,0,0,0,0,0,0,0,0,0,0,0,0,0,0,0,0,0,0,0,0,0,0,0,0
"A0A174Z2R4","Bacillota","Lachnospira","P1_A5_cluster169_A0A174Z2R4","rep1",0,0,0,0,0,0,0,0,0,0,0,0,0,0,0,0,0,0,0,0,0,0,0,0,0,0,0,0,0,0,0,0,0,0,0,0,0,0,0,0,0,0,0,0,0,0,0,0,0,0,0,0,0,0,0,0,0,0
"A0A174ZD20","Bacillota",NA,"P1_C5_cluster178_A0A174ZD20","rep1",0,5722.568,0,0,0,0,39400.242,0,0,648879.75,0,0,2834.918,1251.614,214287.81,0,0,0,14620.248,0,2396.806,19037.438,260104.61,0,155330.22,0,0,4656.14,61787.75,3353.799,0,0,6069.668,7527.62,2986.789,0,0,0,79565.83,8020.316,0,75690.19,0,122711.84,0,230760.66,169962.78,0,2517.072,0,0,0,0,0,16674.178,20134.256,8454.201,29683.61
"A0A174ZD20","Bacillota",NA,"P1_C5_cluster178_A0A174ZD20_rep3","rep3",0,0,0,0,12387.965,0,81317.766,0,0,909811.7,0,0,0,0,245567.38,2254.032,0,0,8667.463,0,0,18494.607,248123.62,0,147356.06,0,5293.597,0,57120.61,0,0,0,5024.79,0,0,0,0,0,37561.82,8890.113,0,79025,0,131268.33,0,230130.84,191763.5,0,0,0,0,0,0,0,14353.393,17131.814,0,72128.05
"A0A174ZD20","Bacillota",NA,"P1_C5_cluster178_A0A174ZD20_rep2","rep2",0,0,0,0,0,0,66806.75,0,5593.1973,627993.6,0,0,3242.2083,0,263012.3,0,0,0,16536.52,0,7187.3926,18910.902,285942.7,0,166463.2,0,0,5615.71,90240.69,2573.6982,0,0,2547.9182,8748.876,2317.5513,0,0,0,34329.64,10633.575,977.2521,97670.086,0,127872.92,0,250323.39,179387.52,0,0,0,0,0,0,0,13218.621,30843.76,14288.668,44016.51
"A0A1C5L0B6","Bacillota","Blautia","P1_A6_cluster218_A0A1C5L0B6_rep3","rep3",0,0,0,0,0,0,0,0,0,0,0,0,0,0,0,0,0,0,0,0,0,0,0,0,0,0,0,0,0,0,0,0,0,0,0,0,0,0,0,0,0,0,0,0,0,0,0,0,0,0,0,0,0,0,0,0,0,0
"A0A1C5L0B6","Bacillota","Blautia","P1_A6_cluster218_A0A1C5L0B6","rep1",0,55758.83,0,0,0,0,91982.984,0,0,637894.44,0,0,7578.078,0,837744.56,0,0,0,9086.293,0,17471.223,34960.5,501883.62,0,258801.33,0,0,5626.352,178046.72,39307.168,0,5586.279,20869.496,13334.738,6933.774,0,0,0,141930.58,17068.004,0,72219.75,0,275108.12,44843.113,256458.12,420138.56,0,9404.959,0,0,0,41690.94,0,12261.825,0,11857.167,140211.78
"A0A1C5L0B6","Bacillota","Blautia","P1_A6_cluster218_A0A1C5L0B6_rep2","rep2",0,0,0,0,0,0,0,0,0,0,0,0,0,0,0,0,0,0,0,0,0,0,0,0,0,0,0,0,0,0,0,0,0,0,0,0,0,0,0,0,0,0,0,0,0,0,0,0,0,0,0,0,0,0,0,0,0,0
"A0A1C5LGL2","Bacillota","Blautia","P1_C4_cluster119_A0A1C5LGL2_rep3","rep3",0,4799.3096,0,0,0,0,27833.246,0,0,345130.94,0,0,0,0,234031.77,0,0,0,0,0,8631.379,2344.5012,106804.92,0,154713.58,0,0,0,34251.85,0,670.0905,906.3259,11816.131,8520.002,0,0,0,0,42874.402,2608.0222,0,40427.53,0,55294.363,0,0,103244.68,0,0,0,0,0,30296.158,0,9248.429,11904.9375,0,3086.343
"A0A1C5LGL2","Bacillota","Blautia","P1_C4_cluster119_A0A1C5LGL2_rep2","rep2",0,7702.996,0,0,0,0,10681.781,0,0,297671.75,0,0,0,0,330260.2,0,0,0,0,0,8026.9556,5167.1265,105628.36,0,147555.02,0,678.5701,837.8074,42221.914,0,0,0,8996.428,15580.565,0,0,0,0,84891.69,2757.096,755.9265,46079.28,0,35627.395,0,22084.125,138094.2,0,0,0,0,0,19426.41,0,18690.64,0,0,4510.5024
"A0A1C5LGL2","Bacillota","Blautia","P1_C4_cluster119_A0A1C5LGL2","rep1",0,15809.932,0,0,0,0,16295.313,0,0,254389.8,0,0,0,0,205485.28,0,0,0,7928.924,0,8480.133,5680.88,96972.8,0,126278.55,0,599.9596,2932.7688,37348.445,6207.897,3605.0195,2957.7876,13919.624,12554.404,0,0,0,0,90367.625,2050.8064,1296.0868,39871.38,0,54213.773,0,31506.727,96775.84,0,0,0,0,0,50143.805,0,5445.749,0,0,6897.9834
"A0A1C5M2J2","Bacillota","Ruminococcus","P1_C9_cluster392_A0A1C5M2J2_rep2","rep2",0,0,0,0,0,0,0,0,0,0,0,0,0,0,0,0,0,0,0,0,0,0,0,0,0,0,0,0,0,0,0,0,0,0,0,0,0,0,0,0,0,0,0,0,0,0,0,0,0,0,0,0,0,0,0,0,0,0
"A0A1C5M2J2","Bacillota","Ruminococcus","P1_C9_cluster392_A0A1C5M2J2","rep1",0,166905.12,0,1848.916,80237.055,0,175651.86,0,22623.943,1767401.2,1848.916,0,7819.893,0,719910.56,15369.036,0,21859.518,51775.49,0,4579.168,32307.291,413163.88,0,220114.9,0,17658.156,1036.561,158436.31,34927,0,9036.19,33626.312,2062.169,14313.187,0,0,0,145098.73,42525.86,0,146632.77,0,221012.62,2082.57,176380.66,271399.94,0,5979.43,0,0,0,0,0,11200.264,20702.428,8005.571,134195.62
"A0A1C5M2J2","Bacillota","Ruminococcus","P1_C9_cluster392_A0A1C5M2J2_rep3","rep3",0,177039.03,0,2880.729,81725.62,16500.55,196870.92,0,7060.72,3320374.5,0,0,0,0,673962.4,11538.186,0,47896.195,51719.85,0,5863.041,29130.47,390670.56,0,201450.81,0,10926.782,0,171945.73,40686.47,0,9911.425,36409.215,0,6267.296,0,0,0,63353.37,53794.535,0,164844.2,0,283244.94,2827.105,160265.98,270536.94,2675.175,3741.729,0,0,0,0,0,7620.191,11003.798,4379.859,116318.76
"A0A1C5MIH1","Bacillota","Clostridium","P1_E9_cluster398_A0A1C5MIH1_rep3","rep3",0,0,0,0,0,0,0,0,0,182238,0,0,0,0,255430.02,0,0,0,0,0,0,0,10875.177,0,289883.75,0,0,4759.115,0,0,0,0,0,0,0,0,0,0,50764.27,0,5308.754,7534.587,0,0,0,153180.1,58092.09,0,0,0,0,0,169063.52,0,0,9930.479,5182.456,0
"A0A1C5MIH1","Bacillota","Clostridium","P1_E9_cluster398_A0A1C5MIH1","rep1",0,2434.795,0,0,0,0,0,0,0,157726.14,0,0,0,0,235932.39,0,0,0,0,0,2000.88,0,17981.328,0,280483.25,0,0,8369.817,6940.786,0,0,0,0,2722.359,0,0,0,0,89426.77,0,5470.797,8594.81,0,7215.456,0,223136.08,76056.6,0,2434.951,0,0,0,115405.7,0,0,0,5725.032,0
"A0A1C5MIH1","Bacillota","Clostridium","P1_E9_cluster398_A0A1C5MIH1_rep2","rep2",0,0,0,0,0,0,0,0,0,265049.1,0,0,0,0,681929.3,0,0,0,0,0,0,0,16975.084,0,381400.66,0,0,2521.885,8847.599,0,0,0,0,1427.165,0,0,0,0,113389.92,0,9652.534,11040.59,0,0,0,258776.84,67754.23,0,0,0,0,0,146202.75,0,0,10439.986,0,0
"A0A1C5MV31","Bacillota","Clostridium","P1_A8_cluster314_A0A1C5MV31","rep1",0,0,0,0,0,0,0,0,0,0,0,0,0,0,0,0,0,0,0,0,0,0,0,0,0,0,0,0,0,0,0,0,0,0,0,0,0,0,0,0,0,0,0,0,0,0,0,0,0,0,0,0,0,0,0,0,0,0
"A0A1C5MV31","Bacillota","Clostridium","P1_A8_cluster314_A0A1C5MV31_rep2","rep2",0,0,0,0,0,0,0,0,0,0,0,0,0,0,0,0,0,0,0,0,0,0,0,0,0,0,0,0,0,0,0,0,0,0,0,0,0,0,0,0,0,0,0,0,0,0,0,0,0,0,0,0,0,0,0,0,0,0
"A0A1C5MV31","Bacillota","Clostridium","P1_A8_cluster314_A0A1C5MV31_rep3","rep3",0,9599.402,0,0,0,0,59198.016,0,6341.582,1240738.9,0,0,3480.001,0,1618423.8,0,0,0,29840.383,0,0,8784.489,203750.42,0,181273.23,0,3871.283,10859.84,48778.72,30599.148,0,0,4082.063,5717.966,34771.793,0,0,0,86288.11,14811.896,1306.936,158462.45,0,218771.88,0,83092.01,400828.38,0,0,0,0,0,49309.16,0,14712.754,27599.762,14258.167,154769.17
"A0A1C5PCN0","Bacillota","Clostridium","P1_G2_cluster44_A0A1C5PCN0_rep3","rep3",3130.88,9463.512,0,7307.602,94666.016,1483.891,143852.92,0,33619.465,1392837.1,7307.602,0,4616.455,0,966821.94,36932.53,7042.089,58983.18,90661.055,0,32943.82,30185.81,410848.3,0,337609.94,1372.94,46632.87,11304.859,211304.19,7316.952,3780.103,5789.925,22206.81,34552.105,68800.516,0,4616.053,0,212589.36,22458.867,0,297497.47,0,292414.72,13783.395,301049.34,329601.44,1846.665,0,0,0,0,58294.344,0,52990.133,103791.04,5379.021,98166.375
"A0A1C5PCN0","Bacillota","Clostridium","P1_G2_cluster44_A0A1C5PCN0_rep2","rep2",0,44967.406,0,0,0,0,119018.05,0,50461.227,1012007.7,0,0,23174.494,0,1439367.6,26534.133,2134.528,49476.797,84393.98,0,35986.832,47889.43,580331,0,339077.75,3062.062,52887.973,21233.002,181299.92,17587.36,5596.511,5216.388,24259.938,68247.04,97525.79,0,0,0,266983.16,33178.95,0,368343.03,0,284228.94,8568.15,345755.38,197861.77,0,2890.393,0,0,0,230629.94,0,70799.04,171328.36,10788.978,159395.83
"A0A1C5PCN0","Bacillota","Clostridium","P1_G2_cluster44_A0A1C5PCN0","rep1",0,54881.426,0,0,0,0,105768.63,1630.9595,45416.188,1218010.8,0,0,26278.719,0,1269762,40963.473,13465.244,60344.17,121090.46,0,43365.2,41256.297,541174.75,0,366717.44,0,61582.277,20451.04,160623.1,11185.201,6620.8853,7448.914,28316.488,42828.29,87719.695,0,1276.5295,0,295680,30479.46,803.6843,322083.66,1060.1567,304136.53,27085.209,411311.28,477360,0,3916.8906,0,0,0,73544.84,7272.9795,55533.797,205304.72,0,144725.19
"A0A1C5QNJ0","Bacillota","Ruminococcus","P1_B5_cluster177_A0A1C5QNJ0","rep1",0,17227.707,0,0,0,0,41304.934,0,0,745099.6,0,0,0,0,399746.1,0,0,0,3792.1177,0,793.4868,12462.87,209422.53,0,268715.72,0,0,2870.0789,34607.277,6497.1626,1118.9937,0,5597.8003,4164.264,0,0,0,0,30862.545,5513.5693,0,57472.812,0,146359.03,0,248588.36,215213.42,0,2000.9491,0,0,0,0,0,0,0,9044.432,90746.98
"A0A1C5QNJ0","Bacillota","Ruminococcus","P1_B5_cluster177_A0A1C5QNJ0_rep2","rep2",0,25316.18,0,0,0,0,72021.87,0,0,1106203,0,0,0,0,624289.9,0,0,0,8640.447,0,0,18464.213,246580.98,0,339957.9,0,0,703.7898,67004.16,4585.1787,0,0,2702.6895,6384.2017,0,0,0,0,7286.1255,7613.297,1496.8331,66958.945,0,181848.8,0,236680.16,133274.58,0,0,0,0,0,27787.568,0,9858.805,0,0,97833.83
"A0A1C5QNJ0","Bacillota","Ruminococcus","P1_B5_cluster177_A0A1C5QNJ0_rep3","rep3",0,7571.319,0,0,0,0,41165.523,0,0,1160068.5,0,0,0,0,421463.72,0,0,0,0,0,0,14043.17,208875.78,0,266833.8,0,681.3519,0,35714.285,0,0,759.0828,1562.9968,0,0,0,0,0,0,4286.1387,0,56858.81,0,215998.12,0,231430.05,182990.58,0,0,0,0,0,0,0,4397.1113,0,8017.469,86029.195
"A0A1C5S406","Bacillota","Eubacterium","P1_D1_cluster8_A0A1C5S406","rep1",0,0,0,0,0,0,0,0,0,0,0,0,0,0,0,0,0,0,0,0,0,0,0,0,0,0,0,0,0,0,0,0,0,0,0,0,0,0,0,0,0,0,0,0,0,0,0,0,0,0,0,0,0,0,0,0,0,0
"A0A1C5S406","Bacillota","Eubacterium","P1_D1_cluster8_A0A1C5S406_rep3","rep3",0,0,0,0,0,0,8675.26,0,0,248277.33,0,0,0,0,448892.66,0,0,0,0,0,0,0,101465.086,0,90222.19,0,0,0,21232.47,0,0,0,0,4047.9766,0,0,0,0,216285.83,0,664.1344,18332.139,0,46127.715,0,4906.8164,63782.312,0,0,0,0,0,28992.727,0,4873.5684,7167.1484,0,33025.703
"A0A1C5S406","Bacillota","Eubacterium","P1_D1_cluster8_A0A1C5S406_rep2_20250408112323","rep2",0,0,0,0,0,0,0,0,0,0,0,0,0,0,0,0,0,0,0,0,0,0,0,0,0,0,0,0,0,0,0,0,0,0,0,0,0,0,0,0,0,0,0,0,0,0,0,0,0,0,0,0,0,0,0,0,0,0
"A0A1C5V0T2","Bacillota","Roseburia","P1_F3_cluster86_A0A1C5V0T2_rep2","rep2",0,0,0,0,0,0,0,0,0,47005.86,0,0,0,0,106942.16,0,0,0,0,0,0,915.7864,42682.55,0,117921.39,0,0,0,18334.344,0,0,0,668.6693,2719.0518,0,0,0,0,236522.14,2764.552,448.8955,8749.752,0,0,0,4972.324,49648.113,0,0,6192.647,0,0,63423.543,0,5540.4976,12692.334,0,0
"A0A1C5V0T2","Bacillota","Roseburia","P1_F3_cluster86_A0A1C5V0T2_rep3","rep3",0,0,0,0,0,0,0,0,0,36577.016,0,0,0,0,34656.914,0,0,0,0,0,723.1593,0,30347.303,0,88514.695,0,0,0,6495.093,0,0,0,0,2404.3406,0,0,0,0,157740.69,0,0,4459.5664,0,0,0,0,77453.07,0,0,0,0,0,30108.275,0,4339.4824,9594.379,0,0
"A0A1C5V0T2","Bacillota","Roseburia","P1_F3_cluster86_A0A1C5V0T2","rep1",0,0,0,0,0,0,0,0,0,37985.32,0,0,0,0,47234.69,0,0,0,0,0,0,0,28152.44,0,92949.92,0,0,805.8477,7216.6455,0,0,0,0,3837.8535,0,0,0,0,170325.22,1276.4313,0,5715.073,0,0,0,7061.2725,81171.234,0,0,0,0,0,24588.64,0,3197.37,0,0,0
"A0A1C5VKY6","Bacillota","Coprococcus","P1_E4_cluster144_A0A1C5VKY6_rep3","rep3",0,9971.562,0,0,18344.736,0,102115.16,0,0,621266.44,0,0,0,0,585117.2,3257.822,1464.679,3747.365,0,0,3258.617,11735.112,297498.97,0,199536.25,0,6071.684,0,152411.98,2763.533,0,2353.816,13710.367,0,4338.886,0,0,0,30311.055,7423.398,0,54360.156,0,252108,0,145255.28,289906.44,0,4773.433,0,0,0,0,0,7380.57,8546.16,0,112443.2
"A0A1C5VKY6","Bacillota","Coprococcus","P1_E4_cluster144_A0A1C5VKY6_rep2","rep2",0,19788,0,0,0,0,88317.625,0,0,615668.6,0,0,0,0,768786.1,2428.8586,1938.4036,0,0,0,0,31519.838,357518.56,0,231721.83,0,7217.619,871.5272,119524.78,9505.018,0,4395.7905,16046.25,15187.502,3287.849,0,0,0,126705.76,10806.245,0,63677.258,0,100067.5,0,153998.94,185371.19,0,0,0,0,0,88754.125,0,20283.219,35844.12,0,98640.97
"A0A1C5VKY6","Bacillota","Coprococcus","P1_E4_cluster144_A0A1C5VKY6","rep1",0,15370.105,0,0,6073.2583,0,72032.3,0,0,551641.06,0,0,0,0,590294.94,6059.912,0,1749.1157,4554.176,0,8934.774,23140.656,297684.4,0,198050.97,0,7077.121,0,155269.27,5970.7554,0,902.5413,13376.914,0,6820.76,0,0,0,139891.19,9119.292,0,48463.254,0,122382.555,0,165022.44,248698.67,0,0,0,0,0,50213.37,0,5150.872,21545.852,6311.8027,108073.73
"A0A1C5X749","Bacillota","Ruminococcus","P1_A11_cluster526_A0A1C5X749","rep1",0,0,0,0,0,0,0,0,0,0,0,0,0,0,0,0,0,0,0,0,0,0,0,0,0,0,0,0,0,0,0,0,0,0,0,0,0,0,0,0,0,0,0,0,0,0,0,0,0,0,0,0,0,0,0,0,0,0
"A0A1C5X749","Bacillota","Ruminococcus","P1_A11_cluster526_A0A1C5X749_rep3","rep3",0,0,0,0,0,0,0,0,0,0,0,0,0,0,0,0,0,0,0,0,0,0,0,0,0,0,0,0,0,0,0,0,0,0,0,0,0,0,0,0,0,0,0,0,0,0,0,0,0,0,0,0,0,0,0,0,0,0
"A0A1C5X749","Bacillota","Ruminococcus","P1_A11_cluster526_A0A1C5X749_rep2","rep2",0,0,0,0,0,0,0,0,0,0,0,0,0,0,0,0,0,0,0,0,0,0,0,0,0,0,0,0,0,0,0,0,0,0,0,0,0,0,0,0,0,0,0,0,0,0,0,0,0,0,0,0,0,0,0,0,0,0
"A0A1C6A728","Bacillota","Clostridium","P1_H4_cluster168_A0A1C6A728_rep3","rep3",0,0,0,0,0,0,0,0,0,0,0,0,0,0,0,0,0,0,0,0,0,0,0,0,0,0,0,0,0,0,0,0,0,0,0,0,0,0,0,0,0,0,0,0,0,0,0,0,0,0,0,0,0,0,0,0,0,0
"A0A1C6A728","Bacillota","Clostridium","P1_H4_cluster168_A0A1C6A728_rep2","rep2",0,0,0,0,0,0,0,0,0,0,0,0,0,0,0,0,0,0,0,0,0,0,0,0,0,0,0,0,0,0,0,0,0,0,0,0,0,0,0,0,0,0,0,0,0,0,0,0,0,0,0,0,0,0,0,0,0,0
"A0A1C6A728","Bacillota","Clostridium","P1_H4_cluster168_A0A1C6A728","rep1",0,27201.758,0,0,0,0,12213.846,2443.521,0,278977,0,0,0,0,298444.75,1538.9014,10090.656,0,3469.3433,0,41081.727,4595.5527,64612.19,0,17312.105,0,1780.2756,3125.9956,51197.902,0,0,0,7228.2812,10912.982,2980.8804,0,0,0,18323.695,2438.6719,805.2418,20537.406,0,103687.35,0,67089.7,65429.78,0,6019.914,0,0,0,368740.7,0,22486.861,21480.604,18034.604,4735.167
"A0A1C6E6X3","Bacillota","Ruminococcus","P1_B3_cluster56_A0A1C6E6X3_rep3","rep3",0,0,0,0,0,0,0,0,0,67311.7,0,0,0,0,59318.723,0,0,0,0,0,851.6951,0,20692.438,0,40060.902,0,0,0,0,0,0,0,0,0,0,0,0,0,14256.779,0,0,4982.092,0,11521.4,0,0,21962.775,0,0,0,0,0,0,0,0,0,0,0
"A0A1C6E6X3","Bacillota","Ruminococcus","P1_B3_cluster56_A0A1C6E6X3_rep2","rep2",0,0,0,0,0,0,0,0,0,74210.08,0,0,0,0,142269.06,0,0,0,0,0,0,0,21777.398,0,42781.79,0,0,0,11815.043,0,0,0,0,0,0,0,0,0,18567,0,522.7123,6484.5635,0,7118.7285,0,0,13215.367,0,0,0,0,0,0,0,0,0,0,0
"A0A1C6E6X3","Bacillota","Ruminococcus","P1_B3_cluster56_A0A1C6E6X3","rep1",0,0,0,0,0,0,0,0,0,75760.36,0,0,0,0,61651.18,0,0,0,0,0,1080.1661,0,21441.832,0,41165.316,0,0,612.9736,8891.655,0,0,0,0,0,0,0,0,0,53191.734,0,790.0341,6128.2437,0,15909.921,0,2590.9746,28788.236,0,0,0,0,0,0,0,0,0,0,0
"A0A1C6E707","Bacillota","Blautia","P1_G7_cluster285_A0A1C6E707","rep1",0,0,0,0,0,0,0,0,0,0,0,0,0,0,0,0,0,0,0,0,0,0,0,0,0,0,0,0,0,0,0,0,0,0,0,0,0,0,0,0,0,0,0,0,0,0,0,0,0,0,0,0,0,0,0,0,0,0
"A0A1C6E707","Bacillota","Blautia","P1_G7_cluster285_A0A1C6E707_rep2","rep2",0,0,0,0,0,0,0,0,0,0,0,0,0,0,0,0,0,0,0,0,0,0,0,0,0,0,0,0,0,0,0,0,0,0,0,0,0,0,0,0,0,0,0,0,0,0,0,0,0,0,0,0,0,0,0,0,0,0
"A0A1C6E707","Bacillota","Blautia","P1_G7_cluster285_A0A1C6E707_rep3","rep3",0,0,0,0,0,0,0,0,0,0,0,0,0,0,0,0,0,0,0,0,0,0,0,0,0,0,0,0,0,0,0,0,0,0,0,0,0,0,0,0,0,0,0,0,0,0,0,0,0,0,0,0,0,0,0,0,0,0
"A0A1C6FDU7","Bacillota","Ruminococcus","P1_G12_cluster830_A0A1C6FDU7_rep3","rep3",0,0,0,0,0,0,0,0,0,0,0,0,0,0,0,0,0,0,0,0,0,0,0,0,0,0,0,0,0,0,0,0,0,0,0,0,0,0,0,0,0,0,0,0,0,0,0,0,0,0,0,0,0,0,0,0,0,0
"A0A1C6FDU7","Bacillota","Ruminococcus","P1_G12_cluster830_A0A1C6FDU7_rep2","rep2",0,0,0,0,0,0,0,0,0,0,0,0,0,0,0,0,0,0,0,0,0,0,0,0,0,0,0,0,0,0,0,0,0,0,0,0,0,0,0,0,0,0,0,0,0,0,0,0,0,0,0,0,0,0,0,0,0,0
"A0A1C6FDU7","Bacillota","Ruminococcus","P1_G12_cluster830_A0A1C6FDU7","rep1",0,0,0,0,0,0,0,0,0,0,0,0,0,0,0,0,0,0,0,0,0,0,0,0,0,0,0,0,0,0,0,0,0,0,0,0,0,0,0,0,0,0,0,0,0,0,0,0,0,0,0,0,0,0,0,0,0,0
"A0A1C7H271","Bacteroidota","Bacteroides","P1_G1_cluster13_A0A1C7H271","rep1",0,0,0,0,0,0,0,0,0,0,0,0,0,0,0,0,0,0,0,0,0,0,0,0,0,0,0,0,0,0,0,0,0,0,0,0,0,0,0,0,0,0,0,0,0,0,0,0,0,0,0,0,0,0,0,0,0,0
"A0A1C7H271","Bacteroidota","Bacteroides","P1_G1_cluster13_A0A1C7H271_rep2","rep2",0,0,0,0,0,0,0,0,0,0,0,0,0,0,0,0,0,0,0,0,0,0,0,0,0,0,0,0,0,0,0,0,0,0,0,0,0,0,0,0,0,0,0,0,0,0,0,0,0,0,0,0,0,0,0,0,0,0
"A0A1C7H271","Bacteroidota","Bacteroides","P1_G1_cluster13_A0A1C7H271_rep3","rep3",118497.6,586848.7,149222.33,0,0,0,0,1974338,2237.561,9130606,55901.51,14171.807,6244.917,0,455926.6,2069.428,257657.73,0,0,272455.97,249157.16,0,1282.853,0,0,0,0,1956042.4,255852.92,165618.16,138676.28,171166.5,354885.1,10567.521,0,784874.44,267358.94,96207.37,0,35500.617,3011748.8,1918.954,3166061.2,575094.06,267316.38,6268340,398041.22,119695.086,10169221,974411.9,2413508.5,114348.94,2080535,1112514.5,494424.3,711304.6,301162.25,0
"A0A1D2WV04","Euryarchaeota","Methanobrevibacter","P1_E5_cluster184_A0A1D2WV04","rep1",0,0,0,0,0,0,0,0,0,0,0,0,0,0,0,0,0,0,0,0,0,0,0,0,567.5222,0,0,0,0,0,0,0,0,0,0,0,0,0,0,0,0,0,0,0,0,0,0,0,0,0,0,0,0,0,0,0,0,0
"A0A1D2WV04","Euryarchaeota","Methanobrevibacter","P1_E5_cluster184_A0A1D2WV04_rep2","rep2",0,0,0,0,0,0,0,0,0,0,0,0,0,0,0,0,0,0,0,0,0,0,0,0,0,0,0,0,0,0,0,0,0,0,0,0,0,0,0,0,0,0,0,0,0,0,0,0,0,0,0,0,0,0,0,0,0,0
"A0A1D2WV04","Euryarchaeota","Methanobrevibacter","P1_E5_cluster184_A0A1D2WV04_rep3","rep3",0,0,0,0,0,0,0,0,0,0,0,0,0,0,0,0,0,0,0,0,48.87809,0,0,0,0,0,0,0,0,0,0,0,0,0,0,0,0,0,0,0,0,0,0,0,0,0,0,0,0,274.42114,0,0,0,0,0,0,0,7168.793
"A0A1E3ADP5","Bacillota","Eisenbergiella","P1_E7_cluster272_A0A1E3ADP5_rep2","rep2",0,0,0,0,0,0,0,0,0,0,0,0,0,0,0,0,0,0,0,0,0,0,0,0,0,0,0,0,0,0,0,0,0,0,0,0,0,0,0,0,0,0,0,0,0,0,0,0,0,0,0,0,0,0,0,0,0,0
"A0A1E3ADP5","Bacillota","Eisenbergiella","P1_E7_cluster272_A0A1E3ADP5_rep3","rep3",0,0,0,0,0,0,0,0,0,0,0,0,0,0,0,0,0,0,0,0,0,0,0,0,0,0,0,0,0,0,0,0,0,0,0,0,0,0,0,0,0,0,0,0,0,0,0,0,0,0,0,0,0,0,0,0,0,0
"A0A1E3ADP5","Bacillota","Eisenbergiella","P1_E7_cluster272_A0A1E3ADP5","rep1",0,0,0,0,0,0,0,0,0,0,0,0,0,0,0,0,0,0,0,0,0,0,0,0,0,0,0,0,0,0,0,0,0,0,0,0,0,0,0,0,0,0,0,0,0,0,0,0,0,0,0,0,0,0,0,0,0,0
"A0A1I4P275","Pseudomonadota","Marinobacter","P2_F4_Marinobacter_A0A1I4P275","rep1",0,0,0,0,0,0,0,0,0,0,0,0,0,0,0,0,0,0,0,0,0,0,0,0,0,0,0,0,0,0,0,0,0,0,0,0,0,0,0,0,0,0,0,0,0,0,0,0,0,0,0,0,0,0,0,0,0,0
"A0A1I4P275","Pseudomonadota","Marinobacter","P2_F4_Marinobacter_A0A1I4P275_rep2","rep2",0,0,0,0,0,0,0,0,0,0,0,0,0,0,0,0,0,0,0,0,618.8577,0,0,0,0,0,0,0,0,0,0,0,0,0,0,0,0,0,0,0,0,0,0,0,0,0,0,0,0,0,0,0,0,0,0,0,0,0
"A0A1I4P275","Pseudomonadota","Marinobacter","P2_F4_Marinobacter_A0A1I4P275_rep3","rep3",0,0,0,0,0,0,0,0,0,0,0,0,0,0,0,0,0,0,0,0,0,0,0,0,0,0,0,0,0,0,0,0,0,0,0,0,0,0,0,0,0,0,0,0,0,0,0,0,0,0,0,0,0,0,0,0,0,0
"A0A1M3L7G3","Bacteroidota","Dysgonomonas","P1_E2_cluster38_A0A1M3L7G3","rep1",0,0,0,0,0,0,0,0,0,0,0,0,0,0,0,0,0,0,0,0,0,0,0,0,2176.223,0,0,0,0,0,0,0,0,0,0,0,0,0,0,0,581.1458,0,34267.64,0,0,6850.5366,0,0,127003.1,11300.279,9748.954,0,0,0,0,0,29819.441,0
"A0A1M3L7G3","Bacteroidota","Dysgonomonas","P1_E2_cluster38_A0A1M3L7G3_rep3","rep3",0,0,0,0,0,0,0,0,0,0,0,0,0,0,0,0,0,0,0,0,0,0,0,0,0,0,0,0,0,0,0,0,0,0,0,0,0,0,0,0,577.1686,0,16608.34,0,0,0,0,0,75948.5,10592.72,2675.6235,0,0,0,0,0,0,0
"A0A1M3L7G3","Bacteroidota","Dysgonomonas","P1_E2_cluster38_A0A1M3L7G3_rep2","rep2",0,0,0,0,0,0,0,0,0,0,0,0,0,0,0,0,0,0,0,0,0,0,0,0,0,0,0,0,0,0,0,0,0,0,0,0,0,0,0,0,2088.512,0,21499.906,0,0,0,0,0,104245.39,8327.451,7554.277,0,0,0,0,0,17662.242,0
"A0A1N6ECR1","Thermodesulfobacteriota","Halodesulfovibrio","P2_H3_Halodesulfovibrio_A0A1N6ECR1_rep3","rep3",0,0,0,0,0,0,0,0,0,0,0,0,0,0,0,0,0,0,0,0,0,0,0,0,0,0,0,0,0,0,0,0,0,0,0,0,0,0,0,0,0,0,0,0,0,0,0,0,0,0,0,0,0,0,0,0,0,0
"A0A1N6ECR1","Thermodesulfobacteriota","Halodesulfovibrio","P2_H3_Halodesulfovibrio_A0A1N6ECR1_rep2","rep2",0,0,0,0,0,0,0,0,0,0,0,0,0,0,0,0,0,0,0,0,0,0,0,0,0,0,0,0,0,0,0,0,0,0,0,0,0,0,0,0,0,0,0,0,0,0,0,0,0,0,0,0,0,0,0,0,0,0
"A0A1N6ECR1","Thermodesulfobacteriota","Halodesulfovibrio","P2_H3_Halodesulfovibrio_A0A1N6ECR1","rep1",0,0,0,0,0,0,0,0,0,0,0,0,0,0,0,0,0,0,0,0,0,0,0,0,946.1513,0,0,0,0,0,0,0,0,0,0,0,0,0,0,0,0,0,0,0,0,0,0,0,0,0,0,0,0,0,0,0,0,0
"A0A1Q6E5Z9","Bacteroidota","Alistipes","P1_A10_cluster424_A0A1Q6E5Z9_rep2","rep2",0,0,0,0,0,0,0,0,0,0,0,0,0,0,0,0,0,0,0,0,0,0,0,0,0,0,0,0,0,0,0,0,0,0,0,0,0,0,0,0,0,0,0,0,0,0,0,0,0,0,0,0,0,0,0,0,0,0
"A0A1Q6E5Z9","Bacteroidota","Alistipes","P1_A10_cluster424_A0A1Q6E5Z9","rep1",0,0,0,0,0,0,0,0,0,0,0,0,0,0,0,0,0,0,0,0,0,0,0,0,0,0,0,0,0,0,0,0,0,0,0,0,0,0,0,0,0,0,0,0,0,0,0,0,0,0,0,0,0,0,0,0,0,0
"A0A1Q6E5Z9","Bacteroidota","Alistipes","P1_A10_cluster424_A0A1Q6E5Z9_rep3","rep3",0,0,0,0,0,0,0,0,0,0,0,0,0,0,0,0,0,0,0,0,0,0,0,0,0,0,0,0,0,0,0,0,0,0,0,0,0,0,0,0,0,0,0,0,0,0,0,0,0,0,0,0,0,0,0,0,0,0
"A0A1Q6F0C9","Actinomycetota","Collinsella","P1_E3_cluster83_A0A1Q6F0C9_rep3","rep3",0,0,0,0,0,0,0,0,0,0,0,0,0,0,0,0,0,0,0,0,0,0,0,0,1466.631,0,0,0,0,0,0,0,0,0,0,0,0,0,0,0,0,0,0,0,0,0,0,0,1621.398,0,0,0,0,0,0,0,0,0
"A0A1Q6F0C9","Actinomycetota","Collinsella","P1_E3_cluster83_A0A1Q6F0C9","rep1",0,0,0,0,0,0,0,0,0,0,0,0,0,0,0,0,0,0,0,0,0,0,0,0,0,0,0,0,0,0,0,0,0,0,0,0,0,0,0,0,0,0,0,0,0,0,0,0,0,0,0,0,0,0,0,0,0,0
"A0A1Q6F0C9","Actinomycetota","Collinsella","P1_E3_cluster83_A0A1Q6F0C9_rep2","rep2",0,0,0,0,0,0,0,0,0,0,0,0,0,0,0,0,0,0,0,0,0,0,0,0,0,0,0,0,0,0,0,0,0,0,0,0,0,0,0,0,0,0,0,0,0,0,0,0,0,0,0,0,0,0,0,0,0,0
"A0A1Q6JXM9","Bacillota","Clostridium","P1_F11_cluster564_A0A1Q6JXM9_rep3","rep3",0,0,0,0,0,0,0,0,0,0,0,0,0,0,0,0,0,0,0,0,0,0,0,0,0,0,0,0,0,0,0,0,0,0,0,0,0,0,0,0,0,0,0,0,0,0,0,0,0,0,0,0,0,0,0,0,0,0
"A0A1Q6JXM9","Bacillota","Clostridium","P1_F11_cluster564_A0A1Q6JXM9_rep2","rep2",0,0,0,0,0,0,0,0,0,0,0,0,0,0,0,0,0,0,0,0,0,0,0,0,0,0,0,0,0,0,0,0,0,0,0,0,0,0,0,0,0,0,0,0,0,0,0,0,0,0,0,0,0,0,0,0,0,0
"A0A1Q6JXM9","Bacillota","Clostridium","P1_F11_cluster564_A0A1Q6JXM9","rep1",0,36369.79,0,0,34915.094,0,170722.23,22584.26,30635.496,994983.6,0,0,15817.577,0,328686.03,17974.596,4635.6816,23734.121,57759.906,1824.5638,72088.53,52221.06,577747,2680.8635,219879.4,1969.8903,49988.582,17403.37,128746.375,43111.996,17448.906,11040.595,34976.637,47820.004,56467.164,0,0,1003.6659,371357.56,38386.816,0,209939.31,583.2002,174863.1,37929.242,267935.44,408139.4,7369.6104,9193.491,0,0,0,41996.46,19652.531,80458.3,199653.44,16119.869,90867.4
"A0A1Q6K9G3","Bacillota","Clostridium","P1_B7_cluster265_A0A1Q6K9G3","rep1",0,30493.96,0,0,0,0,16895.746,0,0,1073487.1,0,0,0,0,556914.06,0,0,0,7133.316,0,0,9749.047,130125.39,0,243866.2,0,2370.377,2516.838,6914.909,0,0,0,0,6138.387,1957.044,0,0,0,28359.295,0,0,55440.164,0,91902.63,0,59855.637,184702.62,0,0,0,0,0,42896.016,0,0,0,6337.231,94504.28
"A0A1Q6K9G3","Bacillota","Clostridium","P1_B7_cluster265_A0A1Q6K9G3_rep2","rep2",0,38574.695,0,0,0,0,23589.94,0,0,1133523.2,0,0,0,1805.839,925974.56,0,0,0,9466.709,0,806.0994,7487.005,174045.47,0,246526.92,0,0,2834.0076,12543.222,0,0,0,1159.0334,5556.2725,3027.3062,0,0,0,1704.8881,0,2467.2842,69403.04,0,46871.703,0,25654.91,171687.67,0,0,0,0,0,99193.11,0,8129.524,0,10025.928,170437.86
"A0A1Q6K9G3","Bacillota","Clostridium","P1_B7_cluster265_A0A1Q6K9G3_rep3","rep3",0,32018.244,0,0,0,0,31125.883,0,0,1338459.5,0,0,0,0,752614,0,0,0,3114.0288,0,0,8502.675,141550.48,0,258918.11,0,2776.3523,842.4115,4135.083,0,0,0,786.0551,1323.2114,1443.2527,0,0,0,0,0,0,62994.46,0,95586.72,0,27874.047,196953.03,0,0,0,0,0,39273.617,0,0,0,15212.921,134838.88
"A0A1Q6M5M7","Bacillota","Clostridium","P1_A12_cluster582_A0A1Q6M5M7_rep3","rep3",0,0,0,0,0,0,0,0,0,0,0,0,0,0,0,0,0,0,0,0,0,0,0,0,0,0,0,0,0,0,0,0,0,0,0,0,0,0,0,0,0,0,0,0,0,0,0,0,0,0,0,0,0,0,0,0,0,0
"A0A1Q6M5M7","Bacillota","Clostridium","P1_A12_cluster582_A0A1Q6M5M7_rep2","rep2",0,0,0,0,0,0,0,0,0,0,0,0,0,0,0,0,0,0,0,0,0,0,0,0,0,0,0,0,0,0,0,0,0,0,0,0,0,0,0,0,0,0,0,0,0,0,0,0,0,0,0,0,0,0,0,0,0,0
"A0A1Q6M5M7","Bacillota","Clostridium","P1_A12_cluster582_A0A1Q6M5M7","rep1",0,0,0,0,0,0,0,0,0,0,0,0,0,0,0,0,0,0,0,0,0,0,0,0,0,0,0,0,0,0,0,0,0,0,0,0,0,0,0,0,0,0,0,0,0,0,0,0,0,0,0,0,0,0,0,0,0,0
"A0A1Q6PYZ4","Bacillota","Faecalibacterium","P1_F7_cluster277_A0A1Q6PYZ4","rep1",0,127585.25,33677.59,83331.3,10990.021,5617.703,0,33677.59,6753.8506,8887994,0,0,11752.409,13446.792,817740.75,120655.37,1158.887,1353.1884,0,25081.322,9094.433,1158.6494,127522.836,0,419255.75,0,56991.91,0,8240.392,52562.973,15804.725,8954.516,29566.906,166865.4,14007.361,0,13231.669,457.3696,0,0,0,20011.68,0,227855.58,0,361663.56,628049.8,7180.5034,4243.784,0,9683.815,0,0,13842.63,0,0,0,124069.33
"A0A1Q6PYZ4","Bacillota","Faecalibacterium","P1_F7_cluster277_A0A1Q6PYZ4_rep2","rep2",0,146969.19,37915.254,99307.125,12124.195,0,3816.086,37915.254,0,8134455.5,0,0,17308.992,10045.516,987858.06,141306.53,0,4684.6045,2167.1592,29254.045,1689.1055,0,150965.4,0,506986.9,0,69742.64,0,1810.2787,46461.17,18123.676,11784.262,37884.78,207519.25,3314.396,5817.6,16599.213,525.5831,0,0,0,27930.904,0,270262.22,0,416414.25,787831.8,9423.017,3914.9033,0,0,0,30609.012,0,0,0,0,148145.23
"A0A1Q6PYZ4","Bacillota","Faecalibacterium","P1_F7_cluster277_A0A1Q6PYZ4_rep3","rep3",0,113547.86,33794.176,79487.22,10042.159,0,0,33794.176,43073.098,9901129,7847.822,0,14265.16,0,754759.4,132205.6,0,9344.311,0,25136.371,6509.454,1703.3177,144475.19,0,443633.28,0,59677.99,0,2065.291,51434.484,12872.048,9459.57,32649.32,172477.25,11217.024,4772.685,12108.917,635.7611,0,0,0,22336.754,0,284622.3,0,329449.5,595430.94,7216.909,2916.0845,0,0,0,0,14507.068,0,0,21928.797,111694.195
"A0A1Q6RAM4","Bacillota","Phascolarctobacterium","P1_E10_cluster470_A0A1Q6RAM4","rep1",0,0,0,0,0,0,0,0,0,0,0,0,0,0,0,0,0,0,0,0,0,0,0,0,0,0,0,0,0,0,0,0,0,0,0,0,0,0,0,0,0,0,0,0,0,0,0,0,0,0,0,0,0,0,0,0,0,0
"A0A1Q6RAM4","Bacillota","Phascolarctobacterium","P1_E10_cluster470_A0A1Q6RAM4_rep3","rep3",0,0,0,0,0,0,0,0,0,0,0,0,0,0,0,0,0,0,0,0,0,0,0,0,0,0,0,0,0,0,0,0,0,0,0,0,0,0,0,0,0,0,0,0,0,0,0,0,0,0,0,0,0,0,0,0,0,0
"A0A1Q6RAM4","Bacillota","Phascolarctobacterium","P1_E10_cluster470_A0A1Q6RAM4_rep2","rep2",0,0,0,0,0,0,0,0,0,0,0,0,0,0,0,0,0,0,0,0,0,0,0,0,0,0,0,0,0,0,0,0,0,0,0,0,0,0,0,0,0,0,0,0,0,0,0,0,0,0,0,0,0,0,0,0,0,0
"A0A1Q6SNA2","Bacillota","Roseburia","P2_A1_cluster870_A0A1Q6SNA2","rep1",0,0,0,0,0,0,0,0,0,0,0,0,0,0,0,0,0,0,0,0,0,0,0,0,0,0,0,0,0,0,0,0,0,0,0,0,0,0,0,0,0,0,0,0,0,0,0,0,0,0,0,0,0,0,0,0,0,0
"A0A1Q6SNA2","Bacillota","Roseburia","P2_A1_cluster870_A0A1Q6SNA2_rep2","rep2",0,0,0,0,0,0,0,0,0,0,0,0,0,0,0,0,0,0,0,0,0,0,0,0,0,0,0,0,0,0,0,0,0,0,0,0,0,0,0,0,0,0,0,0,0,0,0,0,0,0,0,0,0,0,0,0,0,0
"A0A1Q6SNA2","Bacillota","Roseburia","P2_A1_cluster870_A0A1Q6SNA2_rep3","rep3",0,0,0,0,0,0,0,0,0,0,0,0,0,0,0,0,0,0,0,0,0,0,0,0,0,0,0,0,0,0,0,0,0,0,0,0,0,0,0,0,0,0,0,0,0,0,0,0,0,0,0,0,0,0,0,0,0,0
"A0A1Y3QT37","Bacteroidota","Alistipes","P1_D3_cluster70_A0A1Y3QT37","rep1",0,0,0,0,0,0,43498.273,0,0,208131.6,0,0,0,0,215014.22,0,0,0,0,0,0,15068.024,178426.02,0,164135.42,0,0,1419.6165,35316.984,11376.738,0,0,990.2712,894.1298,977.6178,0,0,0,189250.25,1002.3337,0,24127.316,0,96452.15,0,73639.44,230393.48,0,2109.0837,0,0,0,52676.047,0,4443.618,0,6549.425,66097.086
"A0A1Y3QT37","Bacteroidota","Alistipes","P1_D3_cluster70_A0A1Y3QT37_rep2","rep2",0,0,0,0,0,0,47185.363,0,0,292672.88,0,0,0,0,409883.06,0,0,0,0,0,1227.54,13353.557,242278.39,0,195207.7,0,0,2834.521,55791.49,12612.097,0,0,0,2768.637,0,0,0,0,213017.05,1813.769,1589.464,31859.314,0,92768.016,0,56530.777,184375,0,0,0,0,0,83915.85,0,4836.589,0,10330.601,70692.66
"A0A1Y3QT37","Bacteroidota","Alistipes","P1_D3_cluster70_A0A1Y3QT37_rep3","rep3",0,4690.389,0,0,0,0,35715.47,0,0,275184.56,0,0,0,0,256201.72,0,0,0,0,0,0,11370.946,184731.22,0,169945.12,0,0,0,32969.305,2801.7964,0,0,0,0,0,0,0,0,135137.39,614.1604,0,25852.508,0,85693.75,0,52596.156,206337.4,0,0,0,0,0,56236.34,0,4309.907,0,5429.3457,74139.93
"A0A1Y3TDY5","Bacillota","Massilimicrobiota","P1_G9_cluster417_A0A1Y3TDY5_rep2","rep2",0,0,0,0,0,0,0,32993.887,0,146611.67,0,0,0,0,43250.832,0,13976.969,0,0,5806.066,0,0,24814.816,0,448199.34,0,4616.14,18247.004,0,0,0,0,0,0,0,0,5154.45,0,1471.883,0,2271.689,0,4241.212,0,0,281047.66,18082.691,0,14344.923,0,0,0,126345,0,0,0,0,0
"A0A1Y3TDY5","Bacillota","Massilimicrobiota","P1_G9_cluster417_A0A1Y3TDY5","rep1",0,0,0,0,5198.4243,0,0,25950.367,0,172751.42,0,0,0,0,0,0,7566.7275,0,0,8236.121,0,0,22380.684,0,340586,0,1305.2024,10404.23,0,0,0,0,0,0,0,0,5353.9697,0,0,0,339.3682,481.9412,5103.7593,51646.59,0,250511.06,14085.08,0,13286.005,0,0,0,127152.875,0,0,0,0,0
"A0A1Y3TDY5","Bacillota","Massilimicrobiota","P1_G9_cluster417_A0A1Y3TDY5_rep3","rep3",0,0,0,0,0,0,0,32291.99,0,209862.72,0,0,0,0,24755.787,0,20378.588,0,0,8875.54,0,0,29684.277,0,457872.44,0,2819.242,18929.707,0,0,0,0,0,0,0,0,4532.741,0,0,0,725.8989,0,3044.4487,0,0,179600.28,12789.476,0,20091.406,0,0,0,189153.89,0,0,0,0,0
"A0A1Y3VSR9","Bacteroidota","Butyricimonas","P1_F5_cluster200_A0A1Y3VSR9_rep2","rep2",0,0,0,0,0,0,0,0,0,0,0,0,0,0,0,0,0,0,0,0,0,0,0,0,0,0,0,0,0,0,0,0,0,0,0,0,0,0,0,0,2864.3608,0,4251.8154,0,0,0,0,0,37400.996,0,2289.401,0,0,0,0,0,4469.8613,0
"A0A1Y3VSR9","Bacteroidota","Butyricimonas","P1_F5_cluster200_A0A1Y3VSR9_rep3","rep3",0,0,0,0,0,0,0,0,0,0,0,0,0,0,0,0,0,0,0,0,0,0,0,0,0,0,0,939.2942,0,0,0,0,0,0,0,0,0,0,0,0,1395.1808,0,4699.097,0,0,0,0,0,38520.836,3691.3306,0,0,0,0,0,0,4610.0493,0
"A0A1Y3VSR9","Bacteroidota","Butyricimonas","P1_F5_cluster200_A0A1Y3VSR9","rep1",0,0,0,0,0,0,0,0,0,0,0,0,0,0,0,0,0,0,0,0,0,0,0,0,1360.873,0,0,1017.47,0,0,0,0,0,0,0,0,0,0,0,0,1472.719,0,7972.097,0,0,0,0,0,41864.234,6257.354,0,0,0,0,0,0,4094.959,0
"A0A1Y3YYW1","Bacteroidota","Bacteroides","P1_D9_cluster395_A0A1Y3YYW1","rep1",0,0,0,0,0,0,0,0,0,0,0,0,0,0,0,0,0,0,0,0,688.1863,0,0,0,1737.0927,0,0,0,0,0,0,0,0,0,0,0,0,0,0,0,669.0746,0,0,0,0,0,0,0,0,0,0,0,0,0,0,0,0,0
"A0A1Y3YYW1","Bacteroidota","Bacteroides","P1_D9_cluster395_A0A1Y3YYW1_rep2","rep2",0,0,0,0,0,0,0,0,0,0,0,0,0,0,0,0,0,0,0,0,0,0,0,0,718.9048,0,0,0,0,0,0,0,0,0,0,0,0,0,0,0,641.8389,0,0,0,0,0,0,0,0,0,0,0,0,0,0,0,0,0
"A0A1Y3YYW1","Bacteroidota","Bacteroides","P1_D9_cluster395_A0A1Y3YYW1_rep3","rep3",0,0,0,0,0,0,0,0,0,0,0,0,0,0,0,0,0,0,0,0,0,0,0,0,0,0,0,0,0,0,0,0,0,0,0,0,0,0,0,0,0,0,0,0,0,0,0,0,0,0,0,0,0,0,0,0,0,0
"A0A1Y4QH48","Bacillota","Clostridium","P2_G4_polyamineBSH_A0A1Y4QH48","rep1",0,0,0,0,0,0,0,0,0,0,0,0,0,0,0,0,0,0,0,0,0,0,0,0,1700.108,0,0,0,0,0,0,0,0,0,0,0,0,0,0,0,0,0,0,0,0,0,0,0,0,0,0,0,0,0,0,0,0,0
"A0A1Y4QH48","Bacillota","Clostridium","P2_G4_polyamineBSH_A0A1Y4QH48_rep3","rep3",0,0,0,0,0,0,0,0,0,0,0,0,0,0,0,0,0,0,0,0,0,0,0,0,0,0,0,0,0,0,0,0,0,0,0,0,0,0,0,0,0,0,0,0,0,0,0,0,0,0,0,0,0,0,0,0,0,0
"A0A1Y4QH48","Bacillota","Clostridium","P2_G4_polyamineBSH_A0A1Y4QH48_rep2","rep2",0,0,0,0,0,0,0,0,0,0,0,0,0,0,0,0,0,0,0,0,0,0,0,0,0,0,0,0,0,0,0,0,0,0,0,0,0,0,0,0,0,0,0,0,0,0,0,0,0,2906.6658,0,0,0,0,0,0,0,0
"A0A2S7KLN3","Bacteroidota","Aureitalea","P2_E2_Aureitalea_A0A2S7KLN3_rep2","rep2",0,0,0,0,0,0,0,0,0,0,0,0,0,0,0,0,0,0,0,0,0,0,0,0,0,0,0,0,0,0,0,0,0,0,0,0,0,0,0,0,0,0,0,0,0,0,0,0,0,0,0,0,0,0,0,0,0,0
"A0A2S7KLN3","Bacteroidota","Aureitalea","P2_E2_Aureitalea_A0A2S7KLN3","rep1",0,0,0,0,0,0,0,0,0,0,0,0,0,0,0,0,0,0,0,0,0,0,0,0,0,0,0,0,0,0,0,0,0,0,0,0,0,0,0,0,0,0,0,0,0,0,0,0,0,0,0,0,0,0,0,0,0,0
"A0A2S7KLN3","Bacteroidota","Aureitalea","P2_E2_Aureitalea_A0A2S7KLN3_rep3","rep3",0,0,0,0,0,0,0,0,0,0,0,0,0,0,0,0,0,0,0,0,570.7511,0,0,0,0,0,0,0,0,0,0,0,0,0,0,0,0,0,0,0,0,0,0,0,0,0,0,0,0,0,0,0,0,0,0,0,0,0
"A0A2S8G2H3","Planctomycetota","Blastopirellula","P2_F2_Blastospirellula_A0A2S8G2H3_rep3","rep3",0,0,0,0,0,0,0,0,0,0,0,0,0,0,0,0,0,0,0,0,0,0,0,0,0,0,0,0,0,0,0,0,0,0,0,0,0,0,0,0,0,0,0,0,0,0,0,0,0,0,0,0,0,0,0,0,0,0
"A0A2S8G2H3","Planctomycetota","Blastopirellula","P2_F2_Blastospirellula_A0A2S8G2H3","rep1",0,0,0,0,0,0,0,0,0,0,0,0,0,0,0,0,0,0,0,0,0,0,0,0,0,0,0,0,0,0,0,0,0,0,0,0,0,0,0,0,0,0,0,0,0,0,0,0,0,0,0,0,0,0,0,0,0,0
"A0A2S8G2H3","Planctomycetota","Blastopirellula","P2_F2_Blastospirellula_A0A2S8G2H3_rep2","rep2",0,0,0,0,0,0,0,0,0,0,0,0,0,0,0,0,0,0,0,0,0,0,0,0,0,0,0,0,0,0,0,0,0,0,0,0,0,0,0,0,0,0,0,0,0,0,0,0,0,0,0,0,0,0,0,0,0,0
"A0A2S8GTJ2","Planctomycetota","Blastopirellula","P2_G2_Blastospirellula_A0A2S8GTJ2","rep1",0,0,0,0,0,0,0,0,0,0,0,0,0,0,0,0,0,0,0,0,854.6661,0,0,0,0,0,0,0,0,0,0,0,0,0,0,0,0,0,0,0,0,0,0,0,0,0,0,0,0,0,0,0,0,0,0,0,0,0
"A0A2S8GTJ2","Planctomycetota","Blastopirellula","P2_G2_Blastospirellula_A0A2S8GTJ2_rep2","rep2",0,0,0,0,0,0,0,0,0,0,0,0,0,0,0,0,0,0,0,0,0,0,0,0,0,0,0,0,0,0,0,0,0,0,0,0,0,0,0,0,0,0,0,0,0,0,0,0,0,0,0,0,0,0,0,0,0,0
"A0A2S8GTJ2","Planctomycetota","Blastopirellula","P2_G2_Blastospirellula_A0A2S8GTJ2_rep3","rep3",0,0,0,0,0,0,0,0,0,0,0,0,0,0,0,0,0,0,0,0,0,0,0,0,0,0,0,0,0,0,0,0,0,0,0,0,0,0,0,0,0,0,0,0,0,0,0,0,0,0,0,0,0,0,0,0,0,0
"A0A2T3FKY8","Bacillota","Clostridium","P1_H2_cluster47_A0A2T3FKY8","rep1",0,0,0,0,0,0,0,0,0,0,0,0,0,0,0,0,0,0,0,0,0,0,0,0,0,0,0,0,0,0,0,0,0,0,0,0,0,0,0,0,0,0,0,0,0,0,0,0,0,0,0,0,0,0,0,0,0,0
"A0A2T3FKY8","Bacillota","Clostridium","P1_H2_cluster47_A0A2T3FKY8_rep3","rep3",0,14810.559,0,0,0,0,96585.5,0,0,545269.75,0,0,0,0,629960.94,1926.2024,10271.706,5425.4795,4257.6943,0,11743.367,24456.11,304402.16,0,131505.55,0,5372.638,0,87100.59,9013.918,656.4092,768.2026,6939.3228,0,4359.2397,0,0,0,115481.914,6860.8184,0,56108.145,0,319347.5,4578.4385,98308.87,330973.5,0,5711.741,0,0,0,60716.273,0,21840.76,17118.836,4954.5176,136888.69
"A0A2T3FKY8","Bacillota","Clostridium","P1_H2_cluster47_A0A2T3FKY8_rep2","rep2",0,0,0,0,0,0,0,0,0,0,0,0,0,0,0,0,0,0,0,0,0,0,0,0,0,0,0,0,0,0,0,0,0,0,0,0,0,0,0,0,0,0,0,0,0,0,0,0,0,0,0,0,0,0,0,0,0,0
"A0A2V1JL81","Bacillota","Eubacterium","P1_A7_cluster264_A0A2V1JL81_rep2","rep2",0,0,0,0,0,0,0,0,0,0,0,0,0,0,0,0,0,0,0,0,0,0,0,0,0,0,0,0,0,0,0,0,0,0,0,0,0,0,0,0,0,0,0,0,0,0,0,0,0,0,0,0,0,0,0,0,0,0
"A0A2V1JL81","Bacillota","Eubacterium","P1_A7_cluster264_A0A2V1JL81_rep3","rep3",0,0,0,0,0,0,0,0,0,0,0,0,0,0,0,0,0,0,0,0,0,0,0,0,0,0,0,0,0,0,0,0,0,0,0,0,0,0,0,0,0,0,0,0,0,0,0,0,0,0,0,0,0,0,0,0,0,0
"A0A2V1JL81","Bacillota","Eubacterium","P1_A7_cluster264_A0A2V1JL81","rep1",0,0,0,0,0,0,0,0,0,0,0,0,0,0,0,0,0,0,0,0,0,0,0,0,0,0,0,0,0,0,0,0,0,0,0,0,0,0,0,0,0,0,0,0,0,0,0,0,0,0,0,0,0,0,0,0,0,0
"A0A316LWP8","Bacillota","unclassified Lachnospiraceae","P1_H8_cluster387_A0A316LWP8","rep1",0,45251.805,0,0,0,0,117418.625,0,11529.47,631513.94,0,0,12717.303,1875.0345,870010.3,0,0,0,40971.684,1303.946,12381.386,40944.4,498465.2,0,235103.14,0,8305.925,3587.8538,131936.44,45895.594,0,0,5957.6772,20700.963,9232.255,0,0,0,265399.75,14031.219,816.9353,106030.45,0,181316.89,0,284257.84,419232.06,0,7695.1973,0,0,0,130639.66,0,19163.38,0,18041.27,154972.88
"A0A316LWP8","Bacillota","unclassified Lachnospiraceae","P1_H8_cluster387_A0A316LWP8_rep2","rep2",0,13996.293,0,0,0,0,105583.86,0,10263.205,598658.75,0,0,2914.411,0,752755.8,0,0,0,5027.951,0,9547.988,33383.848,440252.22,0,216927.44,0,6354.674,7129.828,114021.695,30583.69,0,0,7163.269,2918.367,8166.108,0,0,0,127393.445,12240.566,1014.375,91808.07,0,161923.52,0,215938.47,392278.53,0,0,0,0,0,62925.01,0,18522.303,22236.512,7688.885,163550.27
"A0A316LWP8","Bacillota","unclassified Lachnospiraceae","P1_H8_cluster387_A0A316LWP8_rep3","rep3",0,9614.68,0,0,0,0,64366.01,0,0,620330.3,0,0,3707.7368,0,600755.4,2422.537,0,0,4542.661,0,3779.4768,12985.297,373450,0,200377.62,0,5676.0024,1185.9141,91801.49,28148.135,0,0,6332.108,0,11418.775,0,0,0,170213.61,5920.19,891.4508,83049.375,0,138018.78,0,115615.164,403747.88,0,0,0,0,0,43677.516,0,10526.686,14502.701,16047.593,122517.3
"A0A316Q414","Actinomycetota",NA,"P1_C10_cluster428_A0A316Q414_rep3","rep3",0,0,0,0,0,0,0,0,0,0,0,0,0,0,0,0,0,0,0,0,0,0,0,0,0,0,0,0,0,0,0,0,0,0,0,0,0,0,0,0,0,0,0,0,0,0,0,0,0,0,0,0,0,0,0,0,0,0
"A0A316Q414","Actinomycetota",NA,"P1_C10_cluster428_A0A316Q414","rep1",0,0,0,0,0,0,0,0,0,0,0,0,0,0,0,0,0,0,0,0,0,0,808.3848,0,2198.3123,0,0,0,0,0,0,0,0,0,0,0,0,0,1281.2859,0,0,0,0,0,0,0,0,0,0,0,0,0,0,0,0,0,0,0
"A0A316Q414","Actinomycetota",NA,"P1_C10_cluster428_A0A316Q414_rep2","rep2",0,0,0,0,0,0,0,0,0,0,0,0,0,0,0,0,0,0,0,0,0,0,0,0,0,0,0,0,0,0,0,0,0,0,0,0,0,0,0,0,0,0,0,0,0,0,0,0,0,0,0,0,0,0,0,0,0,0
"A0A316R4M9","Bacillota",NA,"P1_B10_cluster427_A0A316R4M9_rep3","rep3",0,75689.64,0,0,0,0,38180.74,0,0,974450.3,0,0,0,0,1043409.06,0,0,0,4544.7666,0,798.754,1746.5498,103301.26,0,86210.83,0,0,2444.4548,60687.12,39123.55,0,0,0,2030.6234,1584.3264,0,0,0,218698.2,1047.0287,4036.7249,52399.004,502.3521,102823.05,0,325929.2,636867.56,0,15212.456,0,0,0,632642.2,31009.033,12253.872,19444.734,10989.47,4819.883
"A0A316R4M9","Bacillota",NA,"P1_B10_cluster427_A0A316R4M9","rep1",0,0,0,0,0,0,0,0,0,0,0,0,0,0,0,0,0,0,0,0,0,0,0,0,0,0,0,0,0,0,0,0,0,0,0,0,0,0,0,0,0,0,0,0,0,0,0,0,0,0,0,0,0,0,0,0,0,0
"A0A316R4M9","Bacillota",NA,"P1_B10_cluster427_A0A316R4M9_rep2","rep2",0,106414.51,0,0,0,0,0,0,0,859136.3,0,0,0,0,1430256.6,0,0,0,10267.553,0,9326.691,3057.54,91207.195,0,98015.96,0,0,5178.323,83357.02,34120.617,0,0,772.868,16580.414,3034.284,0,0,0,235056.61,5656.078,11961.488,53532.41,0,68411.88,0,273727.16,600506.44,0,13625.871,0,3999.004,0,1406913.6,0,55296.992,143292.08,18449.434,0
"A0A317T5Z6","Bacteroidota","Prosthecochloris","P2_A3_Prosthecochloris_A0A317T5Z6_rep2","rep2",0,0,0,0,0,0,0,0,0,0,0,0,0,0,0,0,0,0,0,0,0,0,0,0,0,0,0,0,0,0,0,0,0,0,0,0,0,0,0,0,0,0,0,0,0,0,0,0,0,0,0,0,0,0,0,0,0,0
"A0A317T5Z6","Bacteroidota","Prosthecochloris","P2_A3_Prosthecochloris_A0A317T5Z6_rep3","rep3",0,0,0,0,0,0,0,0,0,0,0,0,0,0,0,0,0,0,0,0,0,0,0,0,0,0,0,0,0,0,0,0,0,0,0,0,0,0,0,0,0,0,0,0,0,0,0,0,0,0,0,0,0,0,0,0,0,0
"A0A317T5Z6","Bacteroidota","Prosthecochloris","P2_A3_Prosthecochloris_A0A317T5Z6","rep1",0,0,0,0,0,0,0,0,0,0,0,0,0,0,0,0,0,0,0,0,0,0,0,0,0,0,0,0,0,0,0,0,0,0,0,0,0,0,0,0,0,0,0,0,0,0,0,0,0,0,0,0,0,0,0,0,0,0
"A0A349QN89","Bacillota","Roseburia","P1_H3_cluster103_A0A349QN89_rep2","rep2",0,0,0,0,0,0,0,0,0,0,0,0,0,0,0,0,0,0,0,0,0,0,0,0,0,0,0,0,0,0,0,0,0,0,0,0,0,0,0,0,0,0,0,0,0,0,0,0,0,0,0,0,0,0,0,0,0,0
"A0A349QN89","Bacillota","Roseburia","P1_H3_cluster103_A0A349QN89_rep3","rep3",0,0,0,0,0,0,0,0,0,0,0,0,0,0,0,0,0,0,0,0,0,0,0,0,0,0,0,0,0,0,0,0,0,0,0,0,0,0,0,0,0,0,0,0,0,0,0,0,0,0,0,0,0,0,0,0,0,0
"A0A349QN89","Bacillota","Roseburia","P1_H3_cluster103_A0A349QN89","rep1",0,10531.225,0,0,0,0,41281.92,0,4499.4707,511415.3,0,0,0,0,941965.25,4958.842,0,0,13300.803,0,20171.709,11624.202,167365.64,0,138078.4,0,0,3629.1252,21538.281,0,0,0,0,1255.661,3644.02,0,0,0,86875.2,946.2917,0,55689.31,0,119705.414,0,110697.88,233385,0,2398.579,0,0,0,38770.566,0,6103.6045,21846.953,17644.445,160862.72
"A0A350RPF7","Bacillota","Butyrivibrio","P1_D11_cluster557_A0A350RPF7_rep3","rep3",0,42985.594,0,0,0,0,88192.664,0,18303.572,836759.75,0,0,18686.666,0,735950.4,0,0,0,40950.355,0,45650.1,71356.305,800876.25,0,0,0,3339.004,1997.995,149772.2,86101.83,0,0,3081.338,20840.01,26242.557,0,0,0,217924.39,7200.182,1002.408,202447.84,0,165267.94,10117.508,342700,575891,0,13608.584,0,0,0,210080.03,0,42292,45450.266,8492.455,56245.3
"A0A350RPF7","Bacillota","Butyrivibrio","P1_D11_cluster557_A0A350RPF7","rep1",0,35699.344,0,0,0,0,50481.992,0,11759.561,632794.75,0,0,6612.2,0,449770.38,3895.5005,0,2815.3647,28780.719,0,26076.182,41318.285,483457.44,0,126183.984,701.6744,0,4410.7974,76904.64,36653.582,1928.5878,0,5480.869,20255.584,13667.3125,0,0,0,197588.33,2964.12,0,120394.22,0,35340.402,0,271001,454680.5,0,4366.109,0,0,0,129407.86,0,30588.61,32675.562,14670.235,89712.02
"A0A350RPF7","Bacillota","Butyrivibrio","P1_D11_cluster557_A0A350RPF7_rep2","rep2",0,40857.766,0,0,0,0,67900.45,0,14134.902,611420.2,0,0,4181.259,0,542037.75,0,0,4073.184,42473.953,0,33634.297,55935.387,613067.1,0,71111.51,0,1392.216,5297.206,123949.04,69254.65,1872.554,0,7854.489,27223.191,13552.079,0,0,0,170878.22,5578.708,988.642,163113.55,0,124366.06,4257.018,339818.38,397767.94,0,0,0,0,0,223255.11,0,26732.078,26299.182,8754.939,61551.973
"A0A350THC0","Bacillota","Oscillibacter","P1_G11_cluster569_A0A350THC0_rep3","rep3",0,0,0,0,0,0,0,0,0,0,0,0,0,0,0,0,0,0,0,0,0,0,0,0,0,0,0,0,0,0,0,0,0,0,0,0,0,0,0,0,0,0,0,0,0,0,0,0,0,0,0,0,0,0,0,0,0,0
"A0A350THC0","Bacillota","Oscillibacter","P1_G11_cluster569_A0A350THC0_rep2","rep2",0,0,0,0,0,0,48892.953,0,0,212172.62,0,0,2759.17,0,146908.06,0,0,0,8609.106,0,14192.811,11305.182,209792,0,275665.5,0,7820.896,1912.048,102073.56,0,6281.151,7930.749,32938.43,29241.578,1649.346,0,0,0,134219.2,10429.936,1268.668,79403.65,0,0,0,165574.11,67479.39,0,0,0,0,0,0,0,18031.281,21030.695,0,6357.56
"A0A350THC0","Bacillota","Oscillibacter","P1_G11_cluster569_A0A350THC0","rep1",0,3481.3972,0,0,0,0,30389.69,0,0,133716.42,0,0,0,0,69085.29,0,0,0,5094.4453,0,5268.499,11130.788,167044.02,0,226125.31,0,7054.918,1883.8518,94821.17,0,6134.647,7375.16,25654.129,22015.943,0,0,0,0,163195.6,7289.497,464.0731,54640.75,0,0,0,115253.24,80869.62,0,0,0,0,0,25643.02,0,15818.506,0,0,4475.01
"A0A357TLK7","Bacillota","unclassified Oscillospiraceae","P1_B8_cluster359_A0A357TLK7_rep2","rep2",0,0,0,0,0,0,0,0,0,0,0,0,0,0,0,0,0,0,0,0,0,0,0,0,0,0,0,0,0,0,0,0,0,0,0,0,0,0,0,0,0,0,0,0,0,0,0,0,0,0,0,0,0,0,0,0,0,0
"A0A357TLK7","Bacillota","unclassified Oscillospiraceae","P1_B8_cluster359_A0A357TLK7","rep1",0,0,0,0,0,0,0,0,0,0,0,0,0,0,0,0,0,0,0,0,743.2983,0,0,0,0,0,0,0,0,0,0,0,0,0,0,0,0,0,0,0,0,0,0,0,0,0,0,0,0,0,0,0,0,0,0,0,0,0
"A0A357TLK7","Bacillota","unclassified Oscillospiraceae","P1_B8_cluster359_A0A357TLK7_rep3","rep3",0,0,0,0,0,0,0,0,0,0,0,0,0,0,0,0,0,0,0,0,0,0,0,0,0,0,0,0,0,0,0,0,0,0,0,0,0,0,0,0,0,0,0,0,0,0,0,0,0,0,0,0,0,0,0,0,0,0
"A0A357TN00","Bacillota","unclassified Oscillospiraceae","P1_G8_cluster383_A0A357TN00_rep3","rep3",0,0,0,0,0,0,60824.242,0,0,169432.72,0,0,0,0,183885.44,0,0,0,8925.641,784.6926,18962.836,12963.475,181718.97,0,45423.22,592.021,5023.682,6576.715,102741.99,0,16941.887,5974.3345,25672.72,35527.98,3319.0447,0,0,0,275956.06,13837.855,0,91983.31,0,32417.79,24470.186,20485.777,58362.42,0,0,0,0,0,47201.39,0,53034.46,67188.44,0,1781.2048
"A0A357TN00","Bacillota","unclassified Oscillospiraceae","P1_G8_cluster383_A0A357TN00_rep2","rep2",0,5411.56,0,0,0,0,54910.438,0,6777.77,233356.64,0,0,3640.885,0,385951.06,9821.568,3117.004,0,23116.69,0,57698.625,17419.205,229059.61,1247.623,25917.186,0,8098.475,0,140591.64,3634.949,20395.018,9788.523,12212.938,60808.67,9449.082,0,0,0,329604.25,19178.057,2252.096,119157.82,0,23527.83,33709.28,38345.414,69278.55,0,0,0,0,0,86347.69,0,86142.836,73313.98,0,7841.362
"A0A357TN00","Bacillota","unclassified Oscillospiraceae","P1_G8_cluster383_A0A357TN00","rep1",0,5530.465,0,0,0,0,51930.164,0,0,126233.8,0,0,0,0,149486.31,0,0,0,17834.363,0,36795.93,11039.942,168047.89,0,54737.344,2086.7,5338.166,6468.628,85330.46,5614.339,15557.491,6961.292,24919.812,36014.44,11336.114,0,0,0,272382.25,13283.825,2248.034,80692.84,0,33983.887,31828.062,39731.895,33602.004,0,2443.831,0,0,0,93243.69,0,51488.715,81332.39,4489.056,0
"A0A358VEZ8","Bacillota","unclassified Lachnospiraceae","P1_F4_cluster145_A0A358VEZ8_rep2","rep2",0,0,0,0,0,0,0,0,0,121707.45,0,0,0,0,138527.5,0,0,0,0,0,2379.377,0,61061.188,0,95147.02,0,0,0,13534.92,0,0,0,0,13687.895,0,0,0,0,78831.11,0,1084.347,29164.012,0,0,0,4765.552,78204.94,0,0,0,0,0,23159.184,0,10667.084,8214.348,2695.778,0
"A0A358VEZ8","Bacillota","unclassified Lachnospiraceae","P1_F4_cluster145_A0A358VEZ8_rep3","rep3",0,0,0,0,0,0,7633.73,0,0,105602.68,0,0,0,0,65434.61,0,0,0,0,0,621.792,0,39389.38,0,76798.02,0,0,2494.657,4931.09,0,0,0,0,4187.059,0,0,0,0,112875.41,0,1591.151,18256.668,0,0,0,0,60107.844,0,0,0,0,0,0,0,7844.594,0,0,0
"A0A358VEZ8","Bacillota","unclassified Lachnospiraceae","P1_F4_cluster145_A0A358VEZ8","rep1",0,0,0,0,0,0,11301.145,0,0,117393.15,0,0,0,0,59014.383,0,0,0,0,0,6166.6035,3150.5645,51781.867,0,95628.82,0,0,830.097,16138.628,0,0,0,424.8961,13472.301,3791.37,0,0,0,150966.03,1341.2533,0,26559.18,0,29868.457,0,17454.877,105662.75,0,1355.4846,0,0,0,24172.508,0,13026.181,0,0,0
"A0A373HJM3","Bacillota","Catenibacterium","P1_E11_cluster560_A0A373HJM3_rep2","rep2",0,0,0,0,0,0,0,0,0,0,0,0,0,0,0,0,0,0,0,0,0,0,0,0,0,0,0,0,0,0,0,0,0,0,0,0,0,0,0,0,0,0,0,0,0,0,0,0,0,0,0,0,0,0,0,0,0,0
"A0A373HJM3","Bacillota","Catenibacterium","P1_E11_cluster560_A0A373HJM3_rep3","rep3",0,0,0,0,0,0,0,0,0,89656.32,0,0,0,0,214136.75,0,0,0,0,0,2543.3215,1152.8064,80042.22,0,42926.637,0,0,702.8948,30286.977,0,0,0,1446.7571,0,0,0,0,0,0,0,783.9821,45140.754,0,190064.97,0,0,18506.734,0,0,0,0,0,0,0,6502.0273,15780.746,0,181858.31
"A0A373HJM3","Bacillota","Catenibacterium","P1_E11_cluster560_A0A373HJM3","rep1",0,0,0,0,0,0,0,0,0,63533.754,0,0,0,1019.9428,173011.4,0,0,0,0,0,892.4179,0,55924.168,0,39214.418,0,0,728.4823,20800.562,0,0,0,0,1240.6758,0,0,0,0,1118.582,0,700.7256,30401.97,0,132054.56,0,5440.296,14470.706,0,0,0,0,0,0,0,6385.6514,0,0,134650.19
"A0A395V718","Bacillota","Roseburia","P1_C11_cluster546_A0A395V718_rep2","rep2",0,0,0,0,0,0,0,0,0,334361.28,0,0,0,0,201103.6,0,0,0,0,0,2143.431,2447.2412,78857.43,0,211664.7,0,0,844.2432,17099.012,0,0,0,0,6756.201,0,0,0,0,11219.355,0,537.9685,28627.621,0,29682.977,0,39146.152,110867.2,0,0,0,0,0,25965.504,0,5882.8623,0,0,0
"A0A395V718","Bacillota","Roseburia","P1_C11_cluster546_A0A395V718","rep1",0,0,0,0,0,0,0,0,0,279306.84,0,0,0,0,84692.17,0,0,0,0,0,0,3320.5728,69141.2,0,172968.11,0,0,3559.4094,7042.362,0,0,0,0,6458.0547,912.9285,0,0,0,55796.4,0,740.1249,24692.018,0,22418.188,0,43760.734,118412.984,0,0,0,0,0,0,0,7544.4897,0,14933.854,0
"A0A395V718","Bacillota","Roseburia","P1_C11_cluster546_A0A395V718_rep3","rep3",0,0,0,0,0,0,0,0,0,338906.06,0,0,0,0,129588.01,0,0,0,0,0,0,0,75827.33,0,191683.11,0,0,2494.338,7046.795,0,0,0,0,6019.429,0,0,0,0,40057.68,0,0,23842.494,0,0,0,18924.78,109289.73,0,0,0,0,0,0,0,3924.391,0,7235.19,0
"A0A395WCM1","Bacillota","Holdemanella","P1_B6_cluster225_A0A395WCM1_rep2","rep2",0,0,0,0,0,0,0,0,0,33648.977,0,0,0,0,51948.332,0,0,0,0,0,0,0,13367.99,0,5501.773,0,0,0,7496.2305,0,0,0,0,0,0,0,0,0,18287.371,0,0,1770.727,0,0,0,0,0,0,0,0,0,0,0,0,0,0,0,0
"A0A395WCM1","Bacillota","Holdemanella","P1_B6_cluster225_A0A395WCM1_rep3","rep3",0,184.0805,0,0,0,0,0,0,0,1033.8365,0,0,0,0,0,0,0,0,0,0,0,203.9245,0,0,1282.4695,0,0,0,0,0,0,0,0,0,1396.1183,0,0,0,699.2237,0,0,248.4373,0,0,0,0,0,0,685.0907,0,0,0,0,0,0,0,0,1201.6586
"A0A395WCM1","Bacillota","Holdemanella","P1_B6_cluster225_A0A395WCM1","rep1",0,0,0,0,0,0,0,0,0,25232.86,0,0,0,0,10337.34,0,0,0,0,0,0,0,15494.869,0,13299.489,0,0,0,5748.92,0,0,0,0,0,0,0,0,0,43715.316,0,513.2498,3252.8335,0,0,0,0,6333.8496,0,0,0,0,0,0,0,0,0,0,0
"A0A396KEZ6","Bacillota","Clostridium","P1_H6_cluster257_A0A396KEZ6_rep2","rep2",0,73193.836,0,0,0,0,113781.24,0,15471.884,1139259.6,0,0,17675.453,0,1151484.2,22752.934,2850.693,12070.354,39016.363,0,38862.914,54841.508,656939,0,319683.5,0,14164.359,8515.2,217106.03,51935.73,5532.228,3696.533,21715.559,39323.67,17763.053,0,0,0,304851.4,29687.078,0,200793.39,0,303004.6,62640.96,483583.62,455467.7,0,6565.379,0,0,0,117311.58,0,52559.625,88404.9,15993.72,126091.79
"A0A396KEZ6","Bacillota","Clostridium","P1_H6_cluster257_A0A396KEZ6_rep3","rep3",0,2086.9458,0,0,0,0,2825.6938,0,0,50537.24,0,0,0,0,66562.28,1520.3676,0,420.8626,0,0,1715.2297,0,47513.06,0,33056.055,0,860.9701,226.4949,10290.769,0,450.8731,0,2869.9165,178.8474,5430.2188,0,0,0,2482.0562,132.9642,0,12643.327,0,0,1706.9576,29327.604,47141.695,439.8395,0,0,0,692.5569,723.5896,767.1244,0,0,0,130826.38
"A0A396KEZ6","Bacillota","Clostridium","P1_H6_cluster257_A0A396KEZ6","rep1",0,6692.024,1415.773,0,34628.98,12139.924,87001.73,1415.773,12696.823,2581412.5,0,0,0,0,547627.44,7887.318,3641.789,11526.396,25044.148,0,19854.771,15906.562,212946.6,0,235332.28,0,8786.419,0,169837.28,37166.367,2767.288,1924.523,13800.267,6176.58,18114.979,0,0,0,86114.81,15047.568,0,79502.18,0,241176.86,28049.473,311769.97,241484.25,2975.577,2595.821,0,0,0,45579.094,0,17276.445,20987.176,7718.511,101613.38
"A0A3D0HN78","Bacillota","unclassified Lachnospiraceae","P1_B12_cluster586_A0A3D0HN78_rep3","rep3",0,0,0,0,0,0,0,0,0,0,0,0,0,0,0,0,0,0,0,0,0,0,0,0,0,0,0,0,0,0,0,0,0,0,0,0,0,0,0,0,0,0,0,0,0,0,0,0,0,0,0,0,0,0,0,0,0,0
"A0A3D0HN78","Bacillota","unclassified Lachnospiraceae","P1_B12_cluster586_A0A3D0HN78","rep1",0,0,0,0,0,0,0,0,0,0,0,0,0,0,0,0,0,0,0,0,0,0,0,0,0,0,0,0,0,0,0,0,0,0,0,0,0,0,0,0,0,0,0,0,0,0,0,0,0,0,0,0,0,0,0,0,0,0
"A0A3D0HN78","Bacillota","unclassified Lachnospiraceae","P1_B12_cluster586_A0A3D0HN78_rep2","rep2",0,0,0,0,0,0,0,0,0,0,0,0,0,0,0,0,0,0,0,0,0,0,0,0,0,0,0,0,0,0,0,0,0,0,0,0,0,0,0,0,0,0,0,0,0,0,0,0,0,0,0,0,0,0,0,0,0,0
"A0A3D3YKZ5","Bacteroidota","Alistipes","P1_H12_cluster838_A0A3D3YKZ5","rep1",0,0,0,0,0,0,0,0,0,0,0,0,0,0,0,0,0,0,0,0,0,0,0,0,0,0,0,0,0,0,0,0,0,0,0,0,0,0,0,0,0,0,0,0,0,0,0,0,0,0,0,0,0,0,0,0,0,0
"A0A3D3YKZ5","Bacteroidota","Alistipes","P1_H12_cluster838_A0A3D3YKZ5_rep3","rep3",0,0,0,0,0,0,0,0,0,0,0,0,0,0,0,0,0,0,0,0,0,0,0,0,0,0,0,0,0,0,0,0,0,0,0,0,0,0,0,0,0,0,0,0,0,0,0,0,0,0,0,0,0,0,0,0,0,0
"A0A3D3YKZ5","Bacteroidota","Alistipes","P1_H12_cluster838_A0A3D3YKZ5_rep2","rep2",0,0,0,0,0,0,0,0,0,0,0,0,0,0,0,0,0,0,0,0,0,0,0,0,0,0,0,0,0,0,0,0,0,0,0,0,0,0,0,0,0,0,0,0,0,0,0,0,0,0,0,0,0,0,0,0,0,0
"A0A3D4LSP0","Bacillota","unclassified Lachnospiraceae","P1_H9_cluster422_A0A3D4LSP0","rep1",0,0,0,0,0,0,0,0,0,0,0,0,0,0,0,0,0,0,0,0,0,0,0,0,1074.313,0,0,0,0,0,0,0,0,0,0,0,0,0,1003.249,0,0,0,0,0,0,0,0,0,0,0,0,0,0,0,0,0,0,0
"A0A3D4LSP0","Bacillota","unclassified Lachnospiraceae","P1_H9_cluster422_A0A3D4LSP0_rep2","rep2",0,0,0,0,0,0,0,0,0,0,0,0,0,0,0,0,0,0,0,0,0,0,0,0,0,0,0,0,0,0,0,0,0,0,0,0,0,0,0,0,0,0,0,0,0,0,0,0,0,0,0,0,0,0,0,0,0,0
"A0A3D4LSP0","Bacillota","unclassified Lachnospiraceae","P1_H9_cluster422_A0A3D4LSP0_rep3","rep3",0,0,0,0,0,0,0,0,0,0,0,0,0,0,0,0,0,0,0,0,0,0,0,0,0,0,0,0,0,0,0,0,0,0,0,0,0,0,731.4395,0,0,0,0,0,0,0,0,0,0,0,0,0,0,0,0,0,0,0
"A0A3E2MNL2","Actinomycetota","Mycobacterium","P2_H2_Mycobacterium_A0A3E2MNL2_rep3","rep3",0,0,0,0,0,0,0,0,0,0,0,0,0,0,0,0,0,0,0,0,0,0,0,0,0,0,0,0,0,0,0,0,0,0,0,0,0,0,0,0,0,0,0,0,0,0,0,0,0,0,0,0,0,0,0,0,0,0
"A0A3E2MNL2","Actinomycetota","Mycobacterium","P2_H2_Mycobacterium_A0A3E2MNL2_rep2","rep2",0,0,0,0,0,0,0,0,0,0,0,0,0,0,0,0,0,0,0,0,0,0,0,0,0,0,0,0,0,0,0,0,0,0,0,0,0,0,0,0,0,0,0,0,0,0,0,0,0,0,0,0,0,0,0,0,0,0
"A0A3E2MNL2","Actinomycetota","Mycobacterium","P2_H2_Mycobacterium_A0A3E2MNL2","rep1",0,0,0,0,0,0,0,0,0,0,0,0,0,0,0,0,0,0,0,0,0,0,0,0,2181.257,0,0,0,0,0,0,0,0,0,0,0,0,0,0,0,0,0,0,0,0,0,0,0,0,0,0,0,0,0,0,0,0,0
"A0A3E2XR62","Bacillota","Coprococcus","P1_F12_cluster791_A0A3E2XR62_rep2","rep2",0,0,0,0,0,0,0,0,0,0,0,0,0,0,0,0,0,0,0,0,0,0,0,0,0,0,0,0,0,0,0,0,0,0,0,0,0,0,0,0,0,0,0,0,0,0,0,0,0,0,0,0,0,0,0,0,0,0
"A0A3E2XR62","Bacillota","Coprococcus","P1_F12_cluster791_A0A3E2XR62","rep1",0,44452.188,0,0,0,0,50824.15,0,0,303954.16,0,0,0,0,730752.2,0,0,0,4943.511,0,3967.0864,6883.849,117736.914,0,219766.22,815.4207,686.4493,5468.4707,50852.336,28347.42,0,0,2603.9536,16915.455,5770.027,0,0,0,238158.84,5969.3926,2507.9343,44262.77,0,98660.92,0,27991.363,341365.12,0,3103.5146,0,0,0,42028.6,0,18556.984,46645.03,12552.884,6890.5146
"A0A3E2XR62","Bacillota","Coprococcus","P1_F12_cluster791_A0A3E2XR62_rep3","rep3",0,0,0,0,0,0,0,0,0,0,0,0,0,0,0,0,0,0,0,0,0,0,0,0,0,0,0,0,0,0,0,0,0,0,0,0,0,0,0,0,0,0,0,0,0,0,0,0,0,0,0,0,0,0,0,0,0,0
"A0A3E4KT54","Bacteroidota","Bacteroides","P1_E6_cluster247_A0A3E4KT54","rep1",0,0,0,0,0,0,0,0,0,0,0,0,0,0,0,0,0,0,0,0,769.3259,0,0,0,0,0,0,5951.837,0,0,0,0,0,0,0,0,0,0,0,0,9438.618,0,4532.647,0,0,0,13445.556,0,63180.54,8754.209,0,0,0,0,0,0,0,0
"A0A3E4KT54","Bacteroidota","Bacteroides","P1_E6_cluster247_A0A3E4KT54_rep2","rep2",0,0,0,0,0,0,0,0,0,0,0,0,0,0,3506.4268,0,0,0,0,0,0,0,0,0,0,0,0,5627.22,0,0,0,0,0,0,0,0,0,0,0,0,11277.368,0,6070.98,0,0,0,11531.56,0,58684.406,0,0,0,0,0,0,0,14234.82,0
"A0A3E4KT54","Bacteroidota","Bacteroides","P1_E6_cluster247_A0A3E4KT54_rep3","rep3",0,0,0,0,0,0,0,0,0,0,0,0,0,0,0,0,0,0,0,0,0,0,0,0,0,0,0,1638.0123,0,0,0,0,0,0,0,0,0,0,0,0,7835.2896,0,3551.4648,0,0,0,13338.246,0,47841.027,8337.482,0,0,0,0,0,0,16942.52,0
"A0A3E4LQA4","Bacillota","Mediterraneibacter","P1_H7_cluster308_A0A3E4LQA4","rep1",7025.411,51264.863,9093.116,0,45707.45,0,183822.84,9093.116,23262.584,3201627,0,0,2784.02,0,1069135.2,20333.303,34039.14,23462.535,52715.527,0,126838.07,33933.297,397399.3,0,247701.12,4551.767,18373.727,2955.5,259947.23,73557.695,3224.61,8736.065,33163.27,4127.248,23929.248,0,0,0,157947,19540.795,0,132022.7,0,376558.03,124676.23,247294.61,420411.22,4953.492,13105.979,0,0,0,86609.69,0,24521.455,76247.67,18518.166,144108.08
"A0A3E4LQA4","Bacillota","Mediterraneibacter","P1_H7_cluster308_A0A3E4LQA4_rep3","rep3",7153.495,3366.2185,310.2958,0,7556.485,0,17741.586,310.2958,3993.4338,117000.2,0,0,0,0,102257.55,648.4756,2116.4373,694.3361,3523.5698,0,13288.55,2705.939,46700.285,0,33818.582,0,5117.1235,0,37984.688,4770.9785,0,0,8683.82,2397.4805,12247.699,0,0,0,18232.967,3677.5647,0,56886.25,0,1050.0532,37999.65,70202.945,128567.39,0,970.7786,0,0,0,13965.39,0,2000.3274,17503.451,2567.1875,63047.57
"A0A3E4LQA4","Bacillota","Mediterraneibacter","P1_H7_cluster308_A0A3E4LQA4_rep2","rep2",6503.065,41444.55,0,0,63476.47,0,223240.38,5265.705,16604.05,2136097,0,0,0,0,1261432.2,9986.095,36334.85,26090.723,37632.406,0,112263.87,34771.484,478646.62,0,270655.03,1469.802,20404.61,3294.335,285679.72,60508.957,2855.601,8239.273,34733.12,8215.21,52741.21,0,0,0,183723,26947.428,0,181472.34,0,410680.3,181971.08,308860.94,457990.56,2486.355,13965.49,0,0,0,95781.31,8829.642,49562.98,86761.23,20469.625,176374.38
"A0A3N2MZX6","Bacteroidota","unclassified Muribaculaceae","P1_D8_cluster363_A0A3N2MZX6_rep3","rep3",0,0,0,0,0,0,0,0,0,0,0,0,0,0,0,0,0,0,0,0,0,0,0,0,0,0,0,12340.604,0,0,0,0,0,0,0,0,0,8554.698,0,0,16737.387,0,40214.99,0,0,119032.3,25569.904,20716.254,122747.97,0,70300.48,43982.215,135419.67,148104.98,0,0,0,0
"A0A3N2MZX6","Bacteroidota","unclassified Muribaculaceae","P1_D8_cluster363_A0A3N2MZX6","rep1",0,0,0,0,0,0,0,0,0,0,0,0,0,0,0,0,0,0,0,0,641.8255,0,0,0,0,0,0,15605.24,0,0,0,0,0,0,0,0,0,8742.933,1390.4065,0,18859.645,0,43119.61,0,0,151520.36,25779.832,25313.451,120823.78,5570.365,87143.06,47007.516,135165.94,101392.63,0,0,177009.62,0
"A0A3N2MZX6","Bacteroidota","unclassified Muribaculaceae","P1_D8_cluster363_A0A3N2MZX6_rep2","rep2",0,0,0,0,0,0,0,0,0,0,0,0,0,0,0,0,0,0,0,0,0,0,0,0,0,0,0,10324.441,0,0,0,0,0,0,0,0,0,8653.186,1022.929,0,18255.855,0,40063.977,0,0,146683.47,20167.107,25778.1,99754.95,0,76275.75,46181.883,113491.695,88040.89,0,0,142210.36,0
"A0A3Q0NGD6","Bacillota","Listeria","P2_G1_Listeria_BSH_A0A3Q0NGD6_rep3","rep3",0,0,0,0,36652.203,0,18367.666,0,0,448485.38,0,0,47588.098,0,200546.25,67200.016,28430.719,66285.49,104297.37,0,90211.875,26262.102,369863.88,49763.273,0,2363.673,34097.977,5793.359,168146.81,0,84091.89,6980.619,30074.838,139981.78,138061.58,0,0,0,78873.77,2064.417,1878.343,489810.62,0,298387.72,113546.32,351334.7,14776.695,0,0,0,0,0,71091.07,0,34802.285,11087.953,5981.099,105373.57
"A0A3Q0NGD6","Bacillota","Listeria","P2_G1_Listeria_BSH_A0A3Q0NGD6_rep2","rep2",0,0,0,0,0,0,49504.574,0,39458.06,363660.47,0,0,37931.617,7090.575,189232.47,40954.82,20964.871,55028.27,99113.81,0,92224.766,27972.49,317458.5,53798.17,36760.574,27282.68,27068.922,26626.582,166983.45,0,102940.055,13583.562,35482.39,143675.97,127190.875,0,0,0,27259.867,4074.4983,0,431395.78,590.0745,304213.53,95707.875,338937.88,19274.213,0,4946.2866,0,0,0,94593.22,0,32429.771,47771.9,13379.935,178561.02
"A0A3Q0NGD6","Bacillota","Listeria","P2_G1_Listeria_BSH_A0A3Q0NGD6","rep1",0,0,0,0,25029.693,0,24937.855,0,47603.03,283284.03,0,0,36388.082,8332.455,196242,36740.883,17739.732,44274.355,98446.8,0,72834.38,25416.174,311130.1,35219.723,0,9654.002,24755.871,9508.606,168619.02,0,101113.984,11120.992,34724.9,109764.75,86519.79,1370.412,0,0,134462.31,3133.296,2534.067,405938.5,0,272760.28,84496.92,301639.62,20748.469,0,4698.6,0,0,0,111415.516,0,33267.406,72061.875,12552.689,205839.39
"A0A3R6IUG4","Bacillota","unclassified Clostridiaceae","P1_F6_cluster255_A0A3R6IUG4_rep3","rep3",0,0,0,0,0,0,25823.623,0,0,230694.28,0,0,0,0,167141.86,0,0,0,0,0,792.4983,1129.169,95419.26,0,174683.66,0,0,850.3961,30988.12,0,0,0,0,0,0,0,0,0,99375.63,1552.1486,1147.1223,26647.365,0,57259.19,0,25880.477,94624.8,0,0,0,0,0,0,0,2840.3804,0,2916.6313,11452.395
"A0A3R6IUG4","Bacillota","unclassified Clostridiaceae","P1_F6_cluster255_A0A3R6IUG4_rep2","rep2",0,0,0,0,0,0,13603.959,0,0,293067.47,0,0,0,0,346361,0,0,0,0,0,0,3236.5286,131314.56,0,230884.4,0,0,0,44677.383,0,0,0,0,6384.022,0,0,0,0,112042.03,749.7991,625.0155,35496.668,0,26563.492,0,48069.562,70205.83,0,0,0,0,0,15831.19,0,4872.382,0,6241.3623,5926.4756
"A0A3R6IUG4","Bacillota","unclassified Clostridiaceae","P1_F6_cluster255_A0A3R6IUG4","rep1",0,0,0,0,0,0,16377.594,0,0,238035.56,0,0,0,0,207688.19,0,0,0,0,0,0,6656.4414,114535.805,0,204484.25,0,0,2709.1575,38771.707,0,0,0,0,4439.4814,0,0,0,0,137937.38,1709.8074,888.4658,30091.588,0,73530.555,0,73334.86,71833.54,0,0,0,0,0,28353.145,0,7509.212,0,11627.316,8052.6353
"A0A412TTM9","Bacteroidota","Odoribacter","P1_F8_cluster369_A0A412TTM9_rep2","rep2",0,0,0,0,0,0,0,0,0,0,0,0,0,0,0,0,0,0,0,0,0,0,0,0,802.6414,0,0,0,0,2797.7842,0,0,0,0,0,0,0,0,0,0,0,0,13462.258,0,0,0,0,0,51899.453,0,0,0,0,0,0,0,0,0
"A0A412TTM9","Bacteroidota","Odoribacter","P1_F8_cluster369_A0A412TTM9_rep3","rep3",1153.75,0,0,0,0,0,0,0,0,0,0,0,0,0,0,0,0,0,0,0,0,0,0,0,0,0,0,0,0,10264.753,0,0,0,0,0,0,0,0,0,0,352.618,0,11959.9,0,0,0,0,0,31306.555,1722.783,0,0,0,0,0,0,0,0
"A0A412TTM9","Bacteroidota","Odoribacter","P1_F8_cluster369_A0A412TTM9","rep1",0,0,0,0,0,0,0,0,0,72709.13,0,0,0,0,0,0,0,0,0,0,0,0,0,0,577.0653,0,0,0,0,10553.372,0,0,0,0,0,0,0,0,0,0,0,0,13059.741,17385.45,0,0,0,0,30416.162,0,0,0,0,0,0,0,0,0
"A0A413RDG7","Bacillota","Eubacterium","P1_C7_cluster266_A0A413RDG7","rep1",0,4473.9033,0,0,0,0,0,0,0,131492.88,0,0,0,0,214286.66,0,0,0,0,0,0,1899.745,42739.76,0,81140.11,0,0,3845.8489,31431.809,8844.943,0,0,713.2559,1646.782,0,0,0,0,88391.14,0,5814.5005,13526.83,0,107659.44,0,64476.13,21295.518,0,3551.3997,0,0,0,84483.67,0,3348.1118,10128.198,0,2798.4775
"A0A413RDG7","Bacillota","Eubacterium","P1_C7_cluster266_A0A413RDG7_rep2","rep2",0,4727.8887,0,0,0,0,0,0,0,149133.05,0,0,0,0,328382.38,0,0,0,0,0,7628.966,0,47678.41,0,0,0,0,2418.233,33798.594,2905.35,0,0,0,1410.5249,0,0,0,0,63768.03,667.8285,6075.6226,15127.593,0,117818.82,0,48471.395,18670.896,0,3855.3613,0,0,0,8161.299,0,4190.7905,0,0,0
"A0A413RDG7","Bacillota","Eubacterium","P1_C7_cluster266_A0A413RDG7_rep3","rep3",2002.4546,0,0,0,0,0,0,0,0,143597.11,0,0,0,0,155808.38,0,0,0,0,0,0,0,34103.64,0,48023.316,0,0,681.0681,17892.414,0,0,0,0,0,0,0,0,0,34341.516,0,2641.9692,10455.955,0,65612.555,0,29267.057,16224.957,0,0,0,0,0,44702.883,0,0,6806.561,1883.7751,0
"A0A414M9L3","Bacteroidota","Bacteroides","P1_C6_cluster239_A0A414M9L3_rep2","rep2",46925.414,18076.555,0,0,0,0,0,132278.56,0,2015314.4,0,0,0,0,640638.9,0,0,0,0,0,1116.843,0,0,0,0,0,0,41591.8,0,24290.918,0,0,0,0,0,0,0,1616.302,0,0,484113.94,0,110558.164,19901.186,0,269578.53,209011.33,3449.12,517435.34,46296.14,34281.156,0,54343.996,15250.144,0,0,89122.76,0
"A0A414M9L3","Bacteroidota","Bacteroides","P1_C6_cluster239_A0A414M9L3","rep1",55923.992,15433.785,0,0,0,0,0,128913.414,0,2184298.5,0,0,0,0,742621.5,0,0,0,0,0,1295.726,0,0,0,0,0,0,33855.938,0,18451.459,0,0,0,0,0,0,0,1236.499,0,0,405612.5,0,118489.64,72433.75,0,330924.97,150238.33,6411.883,550620.8,52177.113,38440.19,0,139452.64,70222.64,0,0,186561.67,0
"A0A414M9L3","Bacteroidota","Bacteroides","P1_C6_cluster239_A0A414M9L3_rep3","rep3",51598.953,5778.387,0,0,0,0,0,89923.69,0,1445243.4,0,0,0,0,411989,0,0,0,0,0,0,0,0,0,0,0,0,23314.742,0,26072.4,0,0,0,0,0,0,0,2142.336,0,0,272595.03,0,58130.688,12907.121,0,173721.16,158261.64,3129.087,419167.47,27723.2,32303.715,0,51030.156,54138.336,0,0,87445.07,0
"A0A414Q275","Fusobacteriota","Fusobacterium","P1_F9_cluster406_A0A414Q275_rep2","rep2",31059.678,98656.125,0,0,0,0,0,30367.762,0,22115488,21621.047,67056.93,0,39442.805,863996.9,0,0,0,0,0,0,0,6623.895,0,61513.19,0,0,108121.03,0,8566.254,0,0,0,0,0,0,0,25731.848,0,0,21628.812,0,15257.537,69934.77,0,612979,694038.9,49409.12,61973.85,3710.55,60048.387,41884.008,0,23100.492,0,0,50423.367,0
"A0A414Q275","Fusobacteriota","Fusobacterium","P1_F9_cluster406_A0A414Q275_rep3","rep3",24905.814,76765.87,0,0,0,0,0,22154.56,0,18519602,17437.6,53787.684,0,26572.072,830363.2,0,0,0,0,0,0,0,2253.072,0,55111.117,0,0,90045.53,0,4854.662,0,0,0,0,0,0,0,19801.434,0,0,17905.664,0,6458.22,21790.873,0,527388.25,570562.2,37706.66,55790.67,0,37754.008,14334.996,0,0,0,0,0,0
"A0A414Q275","Fusobacteriota","Fusobacterium","P1_F9_cluster406_A0A414Q275","rep1",25421.055,81324.555,0,0,0,0,0,24516.361,0,18358818,15841.502,53712.895,0,36163.777,836954.7,0,0,0,0,0,1752.877,0,3572.415,0,45561.01,0,0,67505.16,0,10246.73,0,0,0,0,0,0,0,20263.533,0,0,15615.916,0,13484.104,57109.113,0,503045.22,482433.38,35543.395,96863.86,0,55029.895,18713.184,0,0,0,0,36626.773,0
"A0A416W0A8","Bacillota","Eubacterium","P2_B1_cluster900_A0A416W0A8_rep3","rep3",0,0,0,0,0,0,0,0,0,0,0,0,0,0,0,0,0,0,0,0,0,0,0,0,0,0,0,0,0,0,0,0,0,0,0,0,0,0,0,0,0,0,0,0,0,0,0,0,0,0,0,0,0,0,0,0,0,0
"A0A416W0A8","Bacillota","Eubacterium","P2_B1_cluster900_A0A416W0A8_rep2","rep2",0,0,0,0,0,0,0,0,0,75612.41,0,0,0,0,185446.47,0,0,0,0,0,0,0,20209.023,0,55196.21,0,0,0,11632.632,0,0,0,0,1569.446,0,0,0,0,203628.66,0,0,3159.38,0,0,0,0,47832.1,0,0,0,0,0,18953.791,0,0,0,0,0
"A0A416W0A8","Bacillota","Eubacterium","P2_B1_cluster900_A0A416W0A8","rep1",0,0,0,0,0,0,0,0,0,0,0,0,0,0,0,0,0,0,0,0,0,0,0,0,0,0,0,0,0,0,0,0,0,0,0,0,0,0,0,0,0,0,0,0,0,0,0,0,0,0,0,0,0,0,0,0,0,0
"A0A416W4H5","Bacteroidota","Odoribacter","P1_B4_cluster116_A0A416W4H5_rep2","rep2",0,0,0,0,0,0,0,0,0,0,0,0,0,0,0,0,0,0,0,0,0,0,0,0,0,0,0,0,0,0,0,0,0,0,0,0,0,0,0,0,0,0,0,0,0,0,0,0,0,3256.243,0,0,0,0,0,0,0,0
"A0A416W4H5","Bacteroidota","Odoribacter","P1_B4_cluster116_A0A416W4H5_rep3","rep3",0,0,0,0,0,0,0,0,0,0,0,0,0,0,0,0,0,0,0,0,0,0,0,0,0,0,0,0,0,0,0,0,0,0,0,0,0,0,0,0,0,0,0,0,0,0,0,0,0,0,0,0,0,0,0,0,0,0
"A0A416W4H5","Bacteroidota","Odoribacter","P1_B4_cluster116_A0A416W4H5","rep1",0,0,0,0,0,0,0,0,0,0,0,0,0,0,0,0,0,0,0,0,0,0,0,0,0,0,0,0,0,0,0,0,0,0,0,0,0,0,0,0,12642.308,0,0,0,0,0,0,0,6522.538,3679.326,0,0,6254.621,0,0,0,0,0
"A0A5C2BYC4","Pseudomonadota","Francisella","P2_B3_Francisella_A0A5C2BYC4_rep3","rep3",0,0,0,0,0,0,0,0,0,0,0,0,0,0,0,0,0,0,0,0,0,0,0,0,2724.266,0,0,0,0,0,0,0,0,0,0,0,0,0,0,0,0,0,0,0,0,0,0,0,0,0,0,0,0,0,0,0,0,0
"A0A5C2BYC4","Pseudomonadota","Francisella","P2_B3_Francisella_A0A5C2BYC4_rep2","rep2",0,0,0,0,0,0,0,0,0,0,0,0,0,0,0,0,0,0,0,0,0,0,0,0,0,0,0,0,0,0,0,0,0,0,0,0,0,0,0,0,0,0,0,0,0,0,0,0,0,0,0,0,0,0,0,0,0,0
"A0A5C2BYC4","Pseudomonadota","Francisella","P2_B3_Francisella_A0A5C2BYC4","rep1",0,0,0,0,0,0,0,0,0,0,0,0,0,0,0,0,0,0,0,0,0,0,0,0,0,0,0,0,0,0,0,0,0,0,0,0,0,0,0,0,0,0,0,0,0,0,0,0,0,0,0,0,0,0,0,0,0,0
"A0A5C2C0X5","Pseudomonadota","Francisella","P2_C3_Francisella_A0A5C2C0X5_rep2","rep2",0,0,0,0,0,0,0,0,0,0,0,0,0,0,0,0,0,0,0,0,0,0,0,0,0,0,0,0,0,0,0,0,0,0,0,0,0,0,0,0,0,0,0,0,0,0,0,0,0,0,0,0,0,0,0,0,0,0
"A0A5C2C0X5","Pseudomonadota","Francisella","P2_C3_Francisella_A0A5C2C0X5_rep3","rep3",0,0,0,0,0,0,0,0,0,0,0,0,0,0,0,0,0,0,0,0,565.7432,0,0,0,0,0,0,0,0,0,0,0,0,0,0,0,0,0,0,0,0,0,0,0,0,0,0,0,0,0,0,0,0,0,0,0,0,0
"A0A5C2C0X5","Pseudomonadota","Francisella","P2_C3_Francisella_A0A5C2C0X5","rep1",0,0,0,0,0,0,0,0,0,0,0,0,0,0,0,0,0,0,0,0,0,0,0,0,644.0623,0,0,0,0,0,0,0,0,0,0,0,0,0,0,0,0,0,0,0,0,0,0,0,0,0,0,0,0,0,0,0,0,0
"A0A5C2C1U8","Pseudomonadota","Francisella","P2_D3_Francisella_A0A5C2C1U8","rep1",0,0,0,0,0,0,0,0,0,0,0,0,0,0,0,0,0,0,0,0,0,0,0,0,816.2749,0,0,0,0,0,0,0,0,0,0,0,0,0,0,0,0,0,0,0,0,0,0,0,0,0,0,0,0,0,0,0,0,0
"A0A5C2C1U8","Pseudomonadota","Francisella","P2_D3_Francisella_A0A5C2C1U8_rep3","rep3",0,0,0,0,0,0,0,0,0,0,0,0,0,0,0,0,0,0,0,0,0,0,0,0,0,0,0,0,0,0,0,0,0,0,251.7291,0,0,0,0,0,0,0,0,0,0,0,0,0,0,0,0,0,0,0,0,0,0,9628.255
"A0A5C2C1U8","Pseudomonadota","Francisella","P2_D3_Francisella_A0A5C2C1U8_rep2","rep2",0,0,0,0,0,0,0,0,0,0,0,0,0,0,0,0,0,0,0,0,0,0,0,0,0,0,0,0,0,0,0,0,0,0,0,0,0,0,0,0,0,0,0,0,0,0,0,0,0,0,0,0,0,0,0,0,0,0
"A0A6B3M9R4","Cyanobacteriota","Symploca","P2_E4_Symploca_SIO2E9_A0A6B3M9R4_rep2","rep2",0,0,0,0,0,0,0,0,0,0,0,0,0,0,0,0,0,0,0,0,0,0,0,0,0,0,0,0,0,0,0,0,0,0,0,0,0,0,0,0,0,0,0,0,0,0,0,0,0,0,0,0,0,0,0,0,0,0
"A0A6B3M9R4","Cyanobacteriota","Symploca","P2_E4_Symploca_SIO2E9_A0A6B3M9R4","rep1",0,0,0,0,0,0,0,0,0,0,0,0,0,0,0,0,0,0,0,0,0,0,0,0,0,0,0,0,0,0,0,0,0,0,0,0,0,0,0,0,0,0,0,0,0,0,0,0,0,0,0,0,0,0,0,0,0,0
"A0A6B3M9R4","Cyanobacteriota","Symploca","P2_E4_Symploca_SIO2E9_A0A6B3M9R4_rep3","rep3",0,0,0,0,0,0,0,0,0,0,0,0,0,0,0,0,0,0,0,0,0,0,0,0,0,0,0,0,0,0,0,0,0,0,0,0,0,0,0,0,0,0,0,0,0,0,0,0,0,0,0,0,0,0,0,0,0,0
"A0A6B3MYR8","Cyanobacteriota","Moorena","P2_A4_Moorena_SIO4A1_A0A6B3MYR8","rep1",0,0,0,0,0,0,0,0,0,0,0,0,0,0,0,0,0,0,0,0,0,0,0,0,0,0,0,0,0,0,0,0,0,0,0,0,0,0,0,0,0,0,0,0,0,0,0,0,0,0,0,0,0,0,0,0,0,0
"A0A6B3MYR8","Cyanobacteriota","Moorena","P2_A4_Moorena_SIO4A1_A0A6B3MYR8_rep2","rep2",0,0,0,0,0,0,0,0,0,0,0,0,0,0,0,0,0,0,0,0,0,0,0,0,0,0,0,0,0,0,0,0,0,0,0,0,0,0,0,0,0,0,0,0,0,0,0,0,0,0,0,0,0,0,0,0,0,0
"A0A6B3MYR8","Cyanobacteriota","Moorena","P2_A4_Moorena_SIO4A1_A0A6B3MYR8_rep3","rep3",0,0,0,0,0,0,0,0,0,0,0,0,0,0,0,0,0,0,0,0,0,0,0,0,0,0,0,0,0,0,0,0,0,0,0,0,0,0,0,0,0,0,0,0,0,0,0,0,0,0,0,0,0,0,0,0,0,0
"A0A6B3PBB6","Cyanobacteriota","Okeania","P2_B4_Okeania_SIO1F9_A0A6B3PBB6_rep3","rep3",0,0,0,0,0,0,0,0,0,0,0,0,0,0,0,0,0,0,0,0,0,0,0,0,0,0,0,0,0,0,0,0,0,0,0,0,0,0,0,0,0,0,0,0,0,0,0,0,0,0,0,0,0,0,0,0,0,0
"A0A6B3PBB6","Cyanobacteriota","Okeania","P2_B4_Okeania_SIO1F9_A0A6B3PBB6","rep1",0,0,0,0,0,0,0,0,0,0,0,0,0,0,0,0,0,0,0,0,0,0,0,0,0,0,0,0,0,0,0,0,0,0,0,0,0,0,0,0,0,0,0,0,0,0,0,0,0,0,0,0,0,0,0,0,0,0
"A0A6B3PBB6","Cyanobacteriota","Okeania","P2_B4_Okeania_SIO1F9_A0A6B3PBB6_rep2","rep2",0,0,0,0,0,0,0,0,0,0,0,0,0,0,0,0,0,0,0,0,0,0,0,0,0,0,0,0,0,0,0,0,0,0,0,0,0,0,0,0,0,0,0,0,0,0,0,0,0,0,0,0,0,0,0,0,0,0
"A0A6B3PFJ7","Cyanobacteriota","Okeania","P2_C4_Okeania_SIO1F9_A0A6B3PFJ7_rep2","rep2",0,0,0,0,0,0,0,0,0,0,0,0,0,0,0,0,0,0,0,0,0,0,0,0,0,0,0,0,0,0,0,0,0,0,0,0,0,0,0,0,0,0,0,0,0,0,0,0,0,0,0,0,0,0,0,0,0,0
"A0A6B3PFJ7","Cyanobacteriota","Okeania","P2_C4_Okeania_SIO1F9_A0A6B3PFJ7_rep3","rep3",0,0,0,0,0,0,0,0,0,0,0,0,0,0,0,0,0,0,0,0,0,0,0,0,0,0,0,0,0,0,0,0,0,0,0,0,0,0,0,0,0,0,0,0,0,0,0,0,0,0,0,0,0,0,0,0,0,0
"A0A6B3PFJ7","Cyanobacteriota","Okeania","P2_C4_Okeania_SIO1F9_A0A6B3PFJ7","rep1",0,0,0,0,0,0,0,0,0,0,0,0,0,0,0,0,0,0,0,0,789.9911,0,0,0,1348.6373,0,0,0,0,0,0,0,0,0,0,0,0,0,0,0,0,0,0,0,0,0,0,0,0,0,0,0,0,0,0,0,0,0
"A0A6I3NAM9","Bacillota","Turicibacter","P1_H11_cluster581_A0A6I3NAM9_rep2","rep2",0,0,0,0,0,0,0,0,0,0,0,0,0,0,0,0,0,0,0,0,0,0,0,0,0,0,0,0,0,0,0,0,0,0,0,0,0,0,0,0,0,0,0,0,0,0,0,0,0,0,0,0,0,0,0,0,0,0
"A0A6I3NAM9","Bacillota","Turicibacter","P1_H11_cluster581_A0A6I3NAM9","rep1",0,0,0,0,0,0,0,0,0,257219.53,31004.783,84690.11,0,56681.324,41686.57,0,0,0,0,0,0,0,938.2505,0,289175.9,0,0,23829.377,0,0,0,0,0,0,0,0,0,2650.5193,0,0,19890.918,0,7161.1533,0,0,336814.8,0,0,12943.655,0,33820.426,0,331238.5,0,0,0,1281.7773,0
"A0A6I3NAM9","Bacillota","Turicibacter","P1_H11_cluster581_A0A6I3NAM9_rep3","rep3",0,0,0,0,0,0,0,0,0,0,0,0,0,0,0,0,0,0,0,0,0,0,0,0,0,0,0,0,0,0,0,0,0,0,0,0,0,0,0,0,0,0,0,0,0,0,0,0,0,0,0,0,0,0,0,0,0,0
"A0A6N3FX58","Bacteroidota","Paraprevotella","P1_C8_cluster362_A0A6N3FX58","rep1",15423.758,0,0,0,0,0,0,34783.754,0,799599.06,0,734.2589,0,0,135719.69,0,0,0,0,0,4137.856,0,0,0,1963.8086,0,0,0,0,30187.496,0,0,0,0,0,0,0,1040.7839,0,0,154993.3,0,47043.91,45261.547,0,101058.8,111387.375,2075.4946,191619.25,13058.588,25606.486,0,33548.227,0,0,0,49368.215,0
"A0A6N3FX58","Bacteroidota","Paraprevotella","P1_C8_cluster362_A0A6N3FX58_rep2","rep2",16295.357,0,0,0,0,0,0,37729.7,0,784897.75,0,0,0,0,103336.664,0,0,0,0,0,1539.899,0,0,0,2616.791,0,0,0,0,0,0,0,0,0,0,0,0,2516.61,0,0,176503.08,0,40545.57,49119.465,0,88014.55,131498.28,3486.231,192417.53,0,20114.691,0,45377.07,0,0,0,63141.688,0
"A0A6N3FX58","Bacteroidota","Paraprevotella","P1_C8_cluster362_A0A6N3FX58_rep3","rep3",6724.536,0,0,0,0,0,0,32344.27,0,645069.4,0,0,0,0,75533.61,0,0,0,0,0,1267.1082,0,0,0,2653.7712,0,0,0,0,2457.497,0,0,0,0,0,0,0,770.9103,0,0,137645.55,0,17911.611,20152.361,0,70762.85,89403.84,1516.8142,178325.02,0,22596.959,0,22058.996,0,0,0,19979.322,0
"A0A7K1GNS5","Bacteroidota","Myroides","P2_D2_Myroides_A0A7K1GNS5","rep1",0,0,0,0,0,0,0,0,0,0,0,0,0,0,0,0,0,0,0,0,0,0,0,0,0,0,0,0,0,0,0,0,0,0,0,0,0,0,0,0,0,0,0,0,0,0,0,0,0,0,0,0,0,0,0,0,0,0
"A0A7K1GNS5","Bacteroidota","Myroides","P2_D2_Myroides_A0A7K1GNS5_rep2","rep2",0,0,0,0,0,0,0,0,0,0,0,0,0,0,0,0,0,0,0,0,0,0,0,0,0,0,0,0,0,0,0,0,0,0,0,0,0,0,0,0,0,0,0,0,0,0,0,0,0,0,0,0,0,0,0,0,0,0
"A0A7K1GNS5","Bacteroidota","Myroides","P2_D2_Myroides_A0A7K1GNS5_rep3","rep3",0,0,0,0,0,0,0,0,0,0,0,0,0,0,0,0,0,0,0,0,0,0,0,0,0,0,0,0,0,0,0,0,0,0,0,0,0,0,0,0,0,0,0,0,0,0,0,0,0,0,0,0,0,0,0,0,0,0
"A0A7W2FPE8","Pseudomonadota","Vibrio","P2_E3_Vibrio_A0A7W2FPE8_rep3","rep3",25035.916,53811.156,0,0,0,0,0,106320.125,0,3705970.8,70603.76,41683.25,0,24881.371,0,0,0,0,0,0,0,0,18979.271,0,39999.465,0,0,494403.12,0,15707.123,0,0,0,0,0,0,0,298840.56,0,0,49825.965,0,141768.17,16464.242,0,12505542,103445.914,728256.6,462913.03,43862.53,559507.44,3239205.8,0,396329.9,0,0,0,0
"A0A7W2FPE8","Pseudomonadota","Vibrio","P2_E3_Vibrio_A0A7W2FPE8_rep2","rep2",23474.465,56102.75,0,0,0,0,0,94917.875,0,3496769,61094.543,38066.055,0,27736.18,0,0,0,0,0,0,0,0,24743.86,0,55268.19,0,0,478848.06,0,14654.594,0,0,0,0,0,0,0,279540.44,0,0,42289.473,0,139375.17,67755.016,0,11770233,107507,593372.1,393834.28,38946.047,565526.1,2799367.5,0,239421.55,0,0,4937.324,0
"A0A7W2FPE8","Pseudomonadota","Vibrio","P2_E3_Vibrio_A0A7W2FPE8","rep1",24762.348,55488.375,0,0,0,0,0,99457.82,0,3494079.5,70508.19,41689.355,0,18616.512,0,0,0,0,0,0,0,0,13640.659,0,56354.48,0,0,452184.84,0,33406.664,0,0,0,0,0,0,0,280095.66,0,0,43946.492,0,160486.48,68790.94,0,10767578,90535.07,585431.44,379837.7,47990.508,550203.3,2671768.2,0,294318.12,0,0,0,0
"A0A848U0C2","Bacteroidota","Maribacter","P2_C2_Maribacter_A0A848U0C2_rep2","rep2",0,0,0,0,0,0,0,0,0,0,0,0,0,0,0,0,0,0,0,0,0,0,0,0,1394.509,0,0,0,0,0,0,0,0,0,0,0,0,0,0,0,0,0,0,0,0,0,0,0,0,0,0,0,0,0,0,0,0,0
"A0A848U0C2","Bacteroidota","Maribacter","P2_C2_Maribacter_A0A848U0C2","rep1",0,0,0,0,0,0,0,0,0,0,0,0,0,0,0,0,0,0,0,0,0,0,0,0,0,0,0,0,0,0,0,0,0,0,0,0,0,0,0,0,0,0,0,0,0,0,0,0,0,0,0,0,0,0,0,0,0,0
"A0A848U0C2","Bacteroidota","Maribacter","P2_C2_Maribacter_A0A848U0C2_rep3","rep3",0,0,0,0,0,0,0,0,0,0,0,0,0,0,0,0,0,0,0,0,616.421,0,0,0,0,0,0,0,0,0,0,0,0,0,0,0,0,0,0,0,0,0,0,0,0,0,0,0,0,0,0,0,0,0,0,0,0,0
"A0A8D5FTP2","Thermodesulfobacteriota","Desulfomarina","P2_F3_Desulfomarina_A0A8D5FTP2","rep1",0,0,0,0,0,0,0,0,0,0,0,0,0,0,0,0,0,0,0,0,0,0,0,0,1081.59,0,0,0,0,0,0,0,0,0,0,0,0,0,0,0,0,0,0,0,0,0,0,0,0,0,0,0,0,0,0,0,0,0
"A0A8D5FTP2","Thermodesulfobacteriota","Desulfomarina","P2_F3_Desulfomarina_A0A8D5FTP2_rep3","rep3",0,0,0,0,0,0,0,0,0,0,0,0,0,450.189,0,0,0,0,0,0,0,0,0,0,0,0,0,0,0,0,0,0,0,0,0,0,0,0,0,0,0,0,0,0,0,1269.105,0,0,0,0,0,1514.627,0,0,0,0,0,0
"A0A8D5FTP2","Thermodesulfobacteriota","Desulfomarina","P2_F3_Desulfomarina_A0A8D5FTP2_rep2","rep2",0,0,0,0,0,0,0,0,0,0,0,0,0,0,0,0,0,0,0,0,0,0,0,0,0,0,0,0,0,0,0,0,0,0,0,0,0,0,0,0,0,0,0,0,0,0,0,0,0,0,0,0,0,0,0,0,0,0
"A0A8J7U9Z7","Bacteroidota","Candidatus Homeothermus","P1_C2_cluster31_A0A8J7U9Z7_rep3","rep3",0,0,0,0,0,0,0,0,0,0,0,0,0,0,0,0,0,0,0,0,0,0,0,0,0,0,0,0,0,0,0,0,0,0,0,0,0,0,0,0,0,0,0,0,0,0,0,0,0,0,0,0,0,0,0,0,0,0
"A0A8J7U9Z7","Bacteroidota","Candidatus Homeothermus","P1_C2_cluster31_A0A8J7U9Z7_rep2","rep2",0,0,0,0,0,0,0,0,0,0,0,0,0,0,0,0,0,0,0,0,0,0,0,0,0,0,0,0,0,0,0,0,0,0,0,0,0,0,0,0,0,0,0,0,0,0,0,0,0,0,0,0,0,0,0,0,0,0
"A0A8J7U9Z7","Bacteroidota","Candidatus Homeothermus","P1_C2_cluster31_A0A8J7U9Z7","rep1",0,0,0,0,0,0,0,0,0,0,0,0,0,0,0,0,0,0,0,0,0,0,0,0,0,0,0,0,0,0,0,0,0,0,0,0,0,0,0,0,0,0,0,0,0,0,0,0,0,0,0,0,0,0,0,0,0,0
"A0A942AQR8","Bacteroidota","Barnesiella","P1_E12_cluster726_A0A942AQR8_rep3","rep3",44654.99,0,0,0,0,0,0,140241.16,0,1083188.4,0,0,0,0,149629.48,0,0,0,0,0,1630.162,0,0,0,9867.304,0,0,4175.957,0,29987.844,0,0,0,0,0,0,0,20675.215,0,0,163860.1,0,934104.7,60559.168,0,624192.44,279705.16,31230.219,3167157.5,308186.22,254761.06,17346.17,105400.22,301024.38,3935.126,0,196580.11,0
"A0A942AQR8","Bacteroidota","Barnesiella","P1_E12_cluster726_A0A942AQR8_rep2","rep2",0,0,0,0,0,0,0,0,0,0,0,0,0,0,0,0,0,0,0,0,0,0,0,0,0,0,0,0,0,0,0,0,0,0,0,0,0,0,0,0,0,0,0,0,0,0,0,0,0,0,0,0,0,0,0,0,0,0
"A0A942AQR8","Bacteroidota","Barnesiella","P1_E12_cluster726_A0A942AQR8","rep1",45855.773,0,0,0,0,0,0,143880.55,0,969488.75,0,0,0,0,237656.7,0,1376.829,0,0,0,7571.358,0,0,0,7126.516,0,0,0,0,67849.484,0,0,0,0,0,0,0,17450.484,0,0,138404,0,875342.1,93786.766,0,674634.94,244128.25,25495.186,3371499.2,332580.34,240629.92,7095.066,135315.8,173758.17,5319.923,21715.852,263801.25,0
"A0A952U252","Cyanobacteriota",NA,"P2_D4_Melainabacteria_A0A952U252_rep3","rep3",0,0,0,0,0,0,0,0,0,0,0,0,0,0,0,0,0,0,0,0,0,0,0,0,0,0,0,0,0,0,0,0,0,0,0,0,0,0,0,0,0,0,0,0,0,0,0,0,0,0,0,3108.8657,0,0,0,0,0,0
"A0A952U252","Cyanobacteriota",NA,"P2_D4_Melainabacteria_A0A952U252","rep1",0,0,0,0,0,0,0,0,0,0,0,0,0,0,0,0,0,0,0,0,0,0,0,0,0,0,0,0,0,0,0,0,0,0,0,0,0,0,0,0,0,0,0,0,0,0,0,0,0,0,0,0,0,0,0,0,0,0
"A0A952U252","Cyanobacteriota",NA,"P2_D4_Melainabacteria_A0A952U252_rep2","rep2",0,0,0,0,0,0,0,0,0,0,0,0,0,0,0,0,0,0,0,0,0,0,0,0,0,0,0,0,0,0,0,0,0,0,0,0,0,0,0,0,0,0,0,0,0,0,0,0,0,2233.694,0,0,0,0,0,0,0,0
"A6LC91","Bacteroidota","Parabacteroides","P1_H1_cluster18_A6LC91_rep3","rep3",0,0,0,0,0,0,0,0,0,0,0,0,0,0,0,0,0,0,0,0,0,0,0,0,0,0,0,0,0,0,0,0,0,0,0,0,0,0,0,0,0,0,0,0,0,0,0,0,0,0,0,0,0,0,0,0,0,0
"A6LC91","Bacteroidota","Parabacteroides","P1_H1_cluster18_A6LC91","rep1",0,0,0,0,0,0,0,0,0,0,0,0,0,0,0,0,0,0,0,0,0,0,0,0,0,0,0,0,0,0,0,0,0,0,0,0,0,0,0,0,0,0,0,0,0,0,0,0,0,0,0,0,0,0,0,0,0,0
"A6LC91","Bacteroidota","Parabacteroides","P1_H1_cluster18_A6LC91_rep2_20250408113741","rep2",0,0,0,0,0,0,0,0,0,0,0,0,0,0,0,0,0,0,0,0,0,0,0,0,0,0,0,0,0,0,0,0,0,0,0,0,0,0,0,0,0,0,0,0,0,0,0,0,0,0,0,0,0,0,0,0,0,0
"A7A5K1","Actinomycetota","Bifidobacterium","P1_B1_cluster5_A7A5K1_rep2","rep2",0,0,0,0,0,0,0,0,0,0,0,0,0,0,0,0,0,0,0,0,0,0,0,0,0,0,0,0,0,0,0,0,0,0,0,0,0,0,0,0,0,0,0,0,0,0,0,0,0,0,0,0,0,0,0,0,0,0
"A7A5K1","Actinomycetota","Bifidobacterium","P1_B1_cluster5_A7A5K1_rep3","rep3",0,0,0,0,0,0,0,0,0,0,0,0,0,0,0,0,0,0,0,0,0,0,0,0,0,0,0,0,0,0,0,0,0,0,0,0,0,0,0,0,0,0,0,0,0,0,0,0,0,0,0,0,0,0,0,0,0,0
"A7A5K1","Actinomycetota","Bifidobacterium","P1_B1_cluster5_A7A5K1","rep1",0,0,0,0,0,0,0,0,0,0,0,0,0,0,0,0,0,0,0,0,0,0,0,0,0,0,0,0,0,0,0,0,0,0,0,0,0,0,0,0,0,0,0,0,0,0,0,0,0,0,0,0,0,0,0,0,0,0
"A7VQ44","Bacillota","Oscillospiraceae incertae sedis","P1_D10_cluster460_A7VQ44_rep2_20250408110848","rep2",0,0,0,0,0,0,0,4732.704,0,4630169,2489.456,0,0,0,117269.74,0,0,0,0,0,0,0,3128.188,0,86199.47,0,0,4005.03,0,0,0,0,0,0,0,0,0,0,0,0,5500.019,0,0,30860.07,0,23062.473,42065.695,0,5878.085,0,0,0,0,0,0,0,11910.839,0
"A7VQ44","Bacillota","Oscillospiraceae incertae sedis","P1_D10_cluster460_A7VQ44_rep3","rep3",0,1043.931,0,0,0,0,0,8903.276,0,5674765.5,2927.942,10966.015,0,0,275463.78,0,0,0,0,0,0,0,7618.896,0,268461.66,0,0,5546.817,0,0,0,0,0,0,0,0,0,0,0,0,9477.421,0,0,27481.543,0,28998.678,74772.86,0,2834.788,0,0,0,0,0,0,0,15803.6,0
"A7VQ44","Bacillota","Oscillospiraceae incertae sedis","P1_D10_cluster460_A7VQ44","rep1",0,1874.22,0,0,0,0,0,10823.669,0,5309812.5,1966.7603,0,0,0,418407.22,0,0,0,0,0,0,0,4058.7354,0,244498.72,0,0,11296.379,0,0,0,0,0,0,0,0,0,0,0,0,8062.92,0,0,48317.37,0,72564.46,91405.33,0,6628.2944,0,0,0,0,0,0,0,12022.819,0
"B0MC37","Bacillota","Anaerostipes","P1_F10_cluster518_B0MC37_rep2","rep2",0,0,0,0,0,0,0,0,0,17026.863,0,0,0,0,0,0,0,0,0,0,0,0,0,0,0,0,0,0,0,0,0,0,0,0,0,0,0,0,0,0,0,0,0,0,0,0,0,0,0,0,0,0,0,0,0,0,0,0
"B0MC37","Bacillota","Anaerostipes","P1_F10_cluster518_B0MC37_rep3","rep3",0,0,0,0,0,0,0,0,0,9846.417,0,0,0,0,0,0,0,0,0,0,0,0,0,0,0,0,0,0,0,0,0,0,0,0,0,0,0,0,0,0,0,0,0,0,0,0,0,0,0,0,0,0,0,0,0,0,0,0
"B0MC37","Bacillota","Anaerostipes","P1_F10_cluster518_B0MC37","rep1",0,0,0,0,0,0,0,0,0,14347.64,0,0,0,0,0,0,0,0,0,0,0,0,0,0,2311.3489,0,0,0,0,0,0,0,0,0,0,0,0,0,0,0,0,0,0,0,0,0,0,0,0,0,0,0,0,0,0,0,0,0
"B5D243","Bacteroidota","Phocaeicola","P1_A4_cluster111_B5D243_rep2","rep2",0,0,0,0,0,0,0,0,0,0,0,0,0,0,0,0,0,0,0,0,0,0,0,0,0,0,0,0,0,0,0,0,0,0,0,0,0,0,0,0,0,0,0,0,0,0,0,0,0,0,0,0,0,0,0,0,0,0
"B5D243","Bacteroidota","Phocaeicola","P1_A4_cluster111_B5D243","rep1",0,0,0,0,0,0,0,0,0,0,0,0,0,0,0,0,0,0,0,0,0,0,0,0,0,0,0,0,0,0,0,0,0,0,0,0,0,0,0,0,0,0,0,0,0,0,0,0,0,0,0,0,0,0,0,0,0,0
"B5D243","Bacteroidota","Phocaeicola","P1_A4_cluster111_B5D243_rep3","rep3",0,0,0,0,0,0,0,0,0,0,0,0,0,0,0,0,0,0,0,0,0,0,0,0,0,0,0,0,0,0,0,0,0,0,0,0,0,0,0,0,0,0,0,0,0,0,0,0,0,0,0,0,0,0,0,0,0,0
"B7AVX6","Bacillota",NA,"P1_B11_cluster537_B7AVX6","rep1",0,0,0,0,0,0,0,0,0,0,0,0,0,0,0,0,0,0,0,0,0,0,0,0,4244.5483,0,0,0,0,0,0,0,0,0,0,0,0,0,0,0,0,0,0,0,0,0,0,0,0,0,0,0,0,0,0,0,0,0
"B7AVX6","Bacillota",NA,"P1_B11_cluster537_B7AVX6_rep2","rep2",0,0,0,0,0,0,0,0,0,0,0,0,0,0,0,0,0,0,0,0,0,0,0,0,0,0,0,0,0,0,0,0,0,0,0,0,0,0,0,0,0,0,0,0,0,0,0,0,0,0,0,0,0,0,0,0,0,0
"B7AVX6","Bacillota",NA,"P1_B11_cluster537_B7AVX6_rep3","rep3",0,0,0,0,0,0,0,0,0,39718.465,0,0,0,0,59025.637,0,0,0,0,0,0,0,0,0,6111.5293,0,0,0,0,0,0,0,0,0,0,0,0,0,18621.324,0,0,0,0,0,0,0,4669.7256,0,0,0,0,0,56490.684,0,0,0,0,0
"BBD47700","Bacillota","Lactobacillus","P2_B2_Lactobacillus_PVA_BBD47700_rep3","rep3",0,19096.682,0,0,0,0,0,0,0,6509389,0,0,0,0,265526.4,0,0,0,0,0,0,0,0,0,59321.977,0,0,0,0,14150.698,0,0,0,0,0,0,0,0,0,0,411.4856,0,0,0,0,0,485507.38,0,10793.143,0,0,0,0,0,0,0,0,0
"BBD47700","Bacillota","Lactobacillus","P2_B2_Lactobacillus_PVA_BBD47700_rep2","rep2",0,21620.762,0,0,0,0,0,0,0,8113690,0,0,0,0,493545.2,0,0,0,0,0,0,0,0,0,60412.766,0,0,0,0,44083.133,0,0,0,0,0,0,0,0,0,0,0,0,0,0,0,15908.744,688345.6,0,3619.417,0,0,0,0,0,0,0,0,0
"BBD47700","Bacillota","Lactobacillus","P2_B2_Lactobacillus_PVA_BBD47700","rep1",0,0,0,0,0,0,0,0,0,0,0,0,0,0,0,0,0,0,0,0,0,0,0,0,0,0,0,0,0,0,0,0,0,0,0,0,0,0,0,0,0,0,0,0,0,0,0,0,0,0,0,0,0,0,0,0,0,0
"C0CIF5","Bacillota","Blautia","P1_G10_cluster524_C0CIF5_rep3","rep3",0,0,0,0,0,0,0,0,0,0,0,0,0,0,9300.414,0,0,0,0,0,0,0,0,0,2360.191,0,0,0,0,0,0,0,0,0,0,0,0,0,17304.203,0,0,0,0,0,0,0,0,0,0,0,0,0,0,0,0,0,0,0
"C0CIF5","Bacillota","Blautia","P1_G10_cluster524_C0CIF5","rep1",0,0,0,0,0,0,0,0,0,0,0,0,0,0,0,0,0,0,0,0,0,0,1309.091,0,3543.559,0,0,0,0,0,0,0,0,0,0,0,0,0,9965.91,0,0,0,0,0,0,0,0,0,0,0,0,0,0,0,0,0,0,0
"C0CIF5","Bacillota","Blautia","P1_G10_cluster524_C0CIF5_rep2","rep2",0,0,0,0,0,0,0,0,0,0,0,0,0,0,0,0,0,0,0,0,0,0,0,0,0,0,0,0,0,0,0,0,0,0,0,0,0,0,0,0,0,0,0,0,0,0,0,0,0,0,0,0,0,0,0,0,0,0
"C0ERS1","Bacillota","Anaerobutyricum","P1_D4_cluster129_C0ERS1_rep3","rep3",12146.935,301070.06,4675.5317,4098.076,102715.14,249886.9,0,4675.5317,168398.81,8851946,0,1058.3392,59272.703,0,2769881.8,45246.594,47608.16,52181.86,56416.56,3273.7793,77226.08,45871.97,500778.28,0,241150.6,0,40124.17,0,465913.62,108640.72,905.5942,29634.307,96916.63,51243.215,119041.59,0,6523.8306,853.4872,137975.89,103206.96,0,179015.77,6799.233,467899.9,70770.555,794432.94,556342.9,12537.779,15210,0,12740.104,0,363244.97,55686.527,64545.656,111705.55,22181.89,94786.94
"C0ERS1","Bacillota","Anaerobutyricum","P1_D4_cluster129_C0ERS1","rep1",10310.763,326817.9,6741.51,3290.686,97368.7,281253.6,0,6741.51,165605.67,9518385,0,1545.432,38059.53,0,3249277.2,44338.695,41915.582,71957.414,57443.57,7009.37,79973.984,44829.57,504815.22,0,317277.6,0,39123.367,0,514686.6,121406.875,1271.589,30275.379,104142.76,56012.008,106801.08,0,6630.71,1661.572,118101.67,89858.07,0,179061.77,7163.703,367660.44,73394.73,872548.25,642784.25,17091.521,17037.49,0,13619.542,0,518233.66,48688.39,75894.4,162470.34,35506.574,101433.78
"C0ERS1","Bacillota","Anaerobutyricum","P1_D4_cluster129_C0ERS1_rep2","rep2",14018.18,363830.7,6828.296,3504.174,117053.1,154056.5,75107.45,6828.296,192055.6,10144050,0,4600.767,38907.71,0,3117822,57531.98,58291.1,57834.46,62425.57,12274.92,101189.7,47908.73,578687.8,0,296893.8,0,52770.62,0,583804.9,144228.6,0,32608.69,110869,83445.69,136682.3,0,9982.899,855.5294,181575.1,117720.7,0,226479.5,7400.923,460925,125536.7,974021.7,753919.2,18962.73,22230.49,0,7855.315,0,384345.8,51302.32,65146.48,156510.3,0,107118.2
"G5H9N3","Bacteroidota","Alistipes","P2_D1_cluster976_G5H9N3","rep1",0,0,0,0,0,0,0,0,0,0,0,0,0,0,0,0,0,0,0,0,0,0,0,0,2129.132,0,0,0,0,0,0,0,0,0,0,0,0,0,0,0,0,0,0,0,0,0,0,0,0,0,0,0,0,0,0,0,0,0
"G5H9N3","Bacteroidota","Alistipes","P2_D1_cluster976_G5H9N3_rep2","rep2",0,0,0,0,0,0,0,0,0,0,0,0,0,0,0,0,0,0,0,0,0,0,0,0,0,0,0,0,0,0,0,0,0,0,0,0,0,0,0,0,0,0,0,0,0,0,0,0,0,0,0,0,0,0,0,0,0,0
"G5H9N3","Bacteroidota","Alistipes","P2_D1_cluster976_G5H9N3_rep3","rep3",0,0,0,0,0,0,0,0,0,0,0,0,0,0,0,0,0,0,0,0,0,0,0,0,0,0,0,0,0,0,0,0,0,0,0,0,0,0,0,0,0,0,0,0,0,0,0,0,0,0,0,0,0,0,0,0,0,0
"G5H9U7","Bacteroidota","Alistipes","P2_C1_cluster960_G5H9U7","rep1",0,0,0,0,0,0,0,0,0,0,0,0,0,0,0,0,0,0,0,0,0,0,0,0,1079.96,0,0,0,0,0,0,0,0,0,0,0,0,0,0,0,0,0,0,0,0,0,0,0,0,0,0,0,0,0,0,0,0,0
"G5H9U7","Bacteroidota","Alistipes","P2_C1_cluster960_G5H9U7_rep3","rep3",0,0,0,0,0,0,0,0,0,0,0,0,0,0,0,0,0,0,0,0,0,0,0,0,0,0,0,0,0,0,0,0,0,0,0,0,0,0,0,0,0,0,0,0,0,0,0,0,0,0,0,0,0,0,0,0,0,0
"G5H9U7","Bacteroidota","Alistipes","P2_C1_cluster960_G5H9U7_rep2","rep2",0,0,0,0,0,0,0,0,0,0,0,0,0,0,0,0,0,0,0,0,0,0,0,0,933.3007,0,0,0,0,0,0,0,0,0,0,0,0,0,0,0,0,0,0,0,0,0,0,0,0,0,0,0,0,0,0,0,0,0
"H1DEM8","Bacteroidota","Odoribacter","P1_D12_cluster674_H1DEM8","rep1",0,0,0,0,0,0,0,0,0,0,0,0,0,0,0,0,0,0,0,0,0,0,0,0,0,0,0,0,0,0,0,0,0,0,0,0,0,0,0,0,0,0,0,0,0,0,0,0,0,0,0,0,0,0,0,0,0,0
"H1DEM8","Bacteroidota","Odoribacter","P1_D12_cluster674_H1DEM8_rep3","rep3",0,0,0,0,0,0,0,2670.975,0,16548.635,0,0,0,0,0,0,0,0,0,0,0,0,0,0,4159.576,0,0,9382.394,0,76685.14,0,0,0,0,0,0,0,0,0,0,2990.667,0,29188.967,0,0,0,10961.93,0,119481.45,0,5219.309,0,0,0,0,0,0,0
"H1DEM8","Bacteroidota","Odoribacter","P1_D12_cluster674_H1DEM8_rep2","rep2",0,0,0,0,0,0,0,0,0,0,0,0,0,0,0,0,0,0,0,0,0,0,0,0,0,0,0,0,0,0,0,0,0,0,0,0,0,0,0,0,0,0,0,0,0,0,0,0,0,0,0,0,0,0,0,0,0,0
"M7X2M2","Bacteroidota","Mariniradius","P2_G3_Mariniradius_M7X2M2_rep3","rep3",0,0,0,0,0,0,0,0,0,0,0,0,0,0,0,0,0,0,0,0,0,0,0,0,0,0,0,0,0,0,0,0,0,0,0,0,0,0,0,0,0,0,0,0,0,0,0,0,0,0,0,0,0,0,0,0,0,0
"M7X2M2","Bacteroidota","Mariniradius","P2_G3_Mariniradius_M7X2M2","rep1",0,0,0,0,0,0,0,0,0,0,0,0,0,0,0,0,0,0,0,0,0,0,0,0,2103.263,0,0,0,0,0,0,0,0,0,0,0,0,0,0,0,0,0,0,0,0,0,0,0,0,0,0,0,0,0,0,0,0,0
"M7X2M2","Bacteroidota","Mariniradius","P2_G3_Mariniradius_M7X2M2_rep2","rep2",0,0,0,0,0,0,0,0,0,0,0,0,0,0,0,0,0,0,0,0,0,0,0,0,0,0,0,0,0,0,0,0,0,0,0,0,0,0,0,0,0,0,0,0,0,0,0,0,0,0,0,0,0,0,0,0,0,0
"Negative_ctrl_1",NA,NA,"P2_A5_empty_vector_control","rep1",0,0,0,0,0,0,0,0,0,0,0,0,0,0,0,0,0,0,0,0,0,0,0,0,0,0,0,0,0,0,0,0,0,0,0,0,0,0,0,0,0,0,0,0,0,0,0,0,0,0,0,0,0,0,0,0,0,0
"Negative_ctrl_1",NA,NA,"P2_A5_empty_vector_control_rep2","rep2",0,0,0,0,0,0,0,0,0,0,0,0,0,0,0,0,0,0,0,0,0,0,0,0,0,0,0,0,0,0,0,0,0,0,0,0,0,0,0,0,0,0,0,0,0,0,0,0,0,0,0,0,0,0,0,0,0,0
"Negative_ctrl_1",NA,NA,"P2_A5_empty_vector_control_rep3","rep3",0,0,0,0,0,0,0,0,0,0,0,0,0,0,0,0,0,0,0,0,0,0,0,0,0,0,0,0,0,0,0,0,0,0,0,0,0,0,0,0,0,0,0,0,0,0,0,0,0,0,0,0,0,0,0,0,0,0
"Negative_ctrl_2",NA,NA,"P2_B5_empty_vector_control_rep3","rep3",0,0,0,0,0,0,0,0,0,0,0,0,0,0,0,0,0,0,0,0,0,0,0,0,0,0,0,0,0,0,0,0,0,0,0,0,0,0,0,0,0,0,0,0,0,0,0,0,0,0,0,0,0,0,0,0,0,0
"Negative_ctrl_2",NA,NA,"P2_B5_empty_vector_control","rep1",0,0,0,0,0,0,0,0,0,0,0,0,0,0,0,0,0,0,0,0,0,0,0,0,0,0,0,0,0,0,0,0,0,0,0,0,0,0,0,0,0,0,0,0,0,0,0,0,0,0,0,0,0,0,0,0,0,0
"Negative_ctrl_2",NA,NA,"P2_B5_empty_vector_control_rep2","rep2",0,0,0,0,0,0,0,0,0,0,0,0,0,0,0,0,0,0,0,0,0,0,0,0,0,0,0,0,0,0,0,0,0,0,0,0,0,0,0,0,0,0,0,0,0,0,0,0,0,0,0,0,0,0,0,0,0,0
"Negative_ctrl_3",NA,NA,"P2_C5_empty_vector_control","rep1",0,0,0,0,0,0,0,0,0,0,0,0,0,0,0,0,0,0,0,0,0,0,0,0,0,0,0,0,0,0,0,0,0,0,0,0,0,0,0,0,0,0,0,0,0,0,0,0,0,0,0,0,0,0,0,0,0,0
"Negative_ctrl_3",NA,NA,"P2_C5_empty_vector_control_rep2","rep2",0,0,0,0,0,0,0,0,0,0,0,0,0,0,0,0,0,0,0,0,0,0,0,0,0,0,0,0,0,0,0,0,0,0,0,0,0,0,0,0,0,0,0,0,0,0,0,0,0,0,0,0,0,0,0,0,0,0
"Negative_ctrl_3",NA,NA,"P2_C5_empty_vector_control_rep3","rep3",0,0,0,0,0,0,0,0,0,0,0,0,0,0,0,0,0,0,0,0,0,0,0,0,0,0,0,0,0,0,0,0,0,0,0,0,0,0,0,0,0,0,0,0,0,0,0,0,0,0,0,0,0,0,0,0,0,0
"Only_substrate_1",NA,NA,"P2_D5_substrate_only_control","rep1",0,0,0,0,0,0,0,0,0,0,0,0,0,0,0,0,0,0,0,0,0,0,0,0,0,0,0,0,0,0,0,0,0,0,0,0,0,0,0,0,0,0,0,0,0,0,0,0,0,0,0,0,0,0,0,0,0,0
"Only_substrate_1",NA,NA,"P2_D5_substrate_only_control_rep2","rep2",0,0,0,0,0,0,0,0,0,0,0,0,0,0,0,0,0,0,0,0,0,0,0,0,0,0,0,0,0,0,0,0,0,0,0,0,0,0,0,0,0,0,0,0,0,0,0,0,0,0,0,0,0,0,0,0,0,0
"Only_substrate_1",NA,NA,"P2_D5_substrate_only_control_rep3","rep3",0,0,0,0,0,0,0,0,0,0,0,0,0,0,0,0,0,0,0,0,0,0,0,0,0,0,0,0,0,0,0,0,0,0,0,0,0,0,0,0,0,0,0,0,0,0,0,0,0,0,0,0,0,0,0,0,0,0
"Only_substrate_2",NA,NA,"P2_E5_substrate_only_control_rep3","rep3",0,0,0,0,0,0,0,0,0,0,0,0,0,0,0,0,0,0,0,0,0,0,0,0,0,0,0,0,0,0,0,0,0,0,0,0,0,0,0,0,0,0,0,0,0,0,0,0,0,0,0,0,0,0,0,0,0,0
"Only_substrate_2",NA,NA,"P2_E5_substrate_only_control_rep2","rep2",0,0,0,0,0,0,0,0,0,0,0,0,0,0,0,0,0,0,0,0,0,0,0,0,0,0,0,0,0,0,0,0,0,0,0,0,0,0,0,0,0,0,0,0,0,0,0,0,0,0,0,0,0,0,0,0,0,0
"Only_substrate_2",NA,NA,"P2_E5_substrate_only_control","rep1",0,0,0,0,0,0,0,0,0,0,0,0,0,0,0,0,0,0,0,0,0,0,0,0,0,0,0,0,0,0,0,0,0,0,0,0,0,0,0,0,0,0,0,0,0,0,0,0,0,0,0,0,0,0,0,0,0,0
"Only_substrate_3",NA,NA,"P2_F5_substrate_only_control_rep3","rep3",0,0,0,0,0,0,0,0,0,0,0,0,0,0,0,0,0,0,0,0,0,0,0,0,0,0,0,0,0,0,0,0,0,0,0,0,0,0,0,0,0,0,0,0,0,0,0,0,0,0,0,0,0,0,0,0,0,0
"Only_substrate_3",NA,NA,"P2_F5_substrate_only_control","rep1",0,0,0,0,0,0,0,0,0,0,0,0,0,0,0,0,0,0,0,0,0,0,0,0,0,0,0,0,0,0,0,0,0,0,0,0,0,0,0,0,0,0,0,0,0,424.5879,0,0,0,0,0,0,0,0,0,0,0,0
"Only_substrate_3",NA,NA,"P2_F5_substrate_only_control_rep2","rep2",0,0,0,0,0,0,0,0,0,0,0,0,0,0,0,0,0,0,0,0,0,0,0,0,0,0,0,0,0,0,0,0,0,0,0,0,0,0,0,0,0,0,0,0,0,0,0,0,0,0,0,0,0,0,0,0,0,0
"P12256","Bacillota","Lysinibacillus","P2_A2_Lysinibacillus_PVA_P12256_rep2","rep2",0,0,0,0,0,0,0,0,0,0,0,0,0,0,0,0,0,0,0,0,0,0,0,0,0,0,0,0,0,0,0,0,0,0,0,0,0,0,0,0,0,0,0,0,0,0,0,0,0,0,0,0,5596.395,0,0,0,0,0
"P12256","Bacillota","Lysinibacillus","P2_A2_Lysinibacillus_PVA_P12256_rep3","rep3",0,0,0,0,0,0,0,0,0,0,0,0,0,0,0,0,0,0,0,0,0,0,0,0,0,0,0,0,0,0,0,0,0,0,0,0,0,0,0,0,0,0,0,0,0,0,0,0,0,0,0,0,0,0,0,0,0,0
"P12256","Bacillota","Lysinibacillus","P2_A2_Lysinibacillus_PVA_P12256","rep1",0,0,0,0,0,0,0,0,0,0,0,0,0,0,0,0,0,0,0,0,0,0,0,0,0,0,0,0,0,0,0,0,0,0,0,0,0,0,0,0,0,0,0,0,0,0,0,0,0,0,0,0,0,0,0,0,0,0
"Pencillin_amidase","Bacillota","Lactobacillus","P2_H4_penicillin_amidase_rep2","rep2",0,0,0,0,0,0,0,0,0,0,0,0,0,0,0,0,0,0,0,0,0,0,0,0,0,0,0,0,0,0,0,0,0,0,0,0,0,0,0,0,0,0,0,0,0,0,0,0,0,0,0,0,0,0,0,0,0,0
"Pencillin_amidase","Bacillota","Lactobacillus","P2_H4_penicillin_amidase_rep3","rep3",0,0,0,0,0,0,0,0,0,0,0,0,0,0,0,0,0,0,0,0,0,0,0,0,0,0,0,0,0,0,0,0,0,0,0,0,0,0,0,0,0,0,0,0,0,0,0,0,0,0,0,0,0,0,0,0,0,0
"Pencillin_amidase","Bacillota","Lactobacillus","P2_H4_penicillin_amidase","rep1",0,0,0,0,0,0,0,0,0,0,0,0,0,0,0,0,0,0,0,0,0,0,0,0,1140.916,0,0,0,0,0,0,0,0,0,0,0,0,0,0,0,0,0,0,0,0,0,0,0,0,0,0,0,0,0,0,0,0,0
"Q8Y5J3","Bacillota","Listeria","P2_F1_Listeria_BSH_Q8Y5J3_rep2","rep2",0,0,0,0,0,0,0,0,0,44500.43,0,0,0,0,15480.694,0,0,0,5396.758,0,22531.916,832.4569,52655.273,0,6994.1943,2048.0515,3698.7559,3383.118,24662.297,0,15246.496,0,4497.465,5024.3716,6949.014,0,0,0,0,0,0,63311.293,0,97748.17,5847.918,28299.578,0,0,0,0,0,0,0,0,11399.743,0,0,24111.271
"Q8Y5J3","Bacillota","Listeria","P2_F1_Listeria_BSH_Q8Y5J3_rep3","rep3",0,0,0,0,0,0,0,0,0,66411.59,0,0,0,0,14390.702,0,0,0,6007.83,0,17857.4,0,53657.29,0,7051.413,768.054,901.9836,3933.155,15144.0205,0,10877.13,0,1283.551,8413.848,6074.618,0,0,0,0,0,0,72119.33,0,82723.27,9336.51,43348.695,0,0,0,0,0,0,0,0,7936.077,0,3482.3413,6682.4697
"Q8Y5J3","Bacillota","Listeria","P2_F1_Listeria_BSH_Q8Y5J3","rep1",0,0,0,0,0,0,0,0,0,40500.42,0,0,0,0,25188.611,0,1623.062,3454.965,11881.342,0,9830.793,2381.431,49614.082,5431.095,19296.74,0,6145.66,0,27899.111,0,12823.151,0,3742.124,21286.086,10546.062,0,0,0,3703.766,847.37,0,74592.71,0,67215,7684.83,12412.795,0,0,0,0,0,0,31884.215,0,13469.826,20005.852,4683.541,1652.343
"Q8Y9S7","Bacillota","Listeria","P2_E1_Listeria_PVA_Q8Y9S7_rep3","rep3",0,0,0,0,0,0,0,0,0,0,0,0,0,0,0,0,0,0,0,0,0,0,0,0,1245.371,0,0,0,0,0,0,0,0,0,0,0,0,0,0,0,0,0,0,0,0,0,0,0,0,0,0,0,0,0,0,0,0,0
"Q8Y9S7","Bacillota","Listeria","P2_E1_Listeria_PVA_Q8Y9S7","rep1",0,0,0,0,0,0,0,0,0,0,0,0,0,0,0,0,0,0,0,0,0,0,0,0,0,0,0,0,0,0,0,0,0,0,0,0,0,0,0,0,0,0,0,0,0,0,0,0,0,0,0,0,0,0,0,0,0,0
"Q9KK62","Actinomycetota","Bifidobacterium","P2_H1_Bifidobacterium_BSH_Q9KK62","rep1",0,0,0,0,0,0,0,0,0,13869.127,0,0,0,0,6678.888,0,0,0,0,0,0,0,2149.563,0,4148.721,0,0,0,0,0,0,0,0,0,0,0,0,0,5504.31,0,0,0,0,0,0,5829.462,14024.441,0,0,0,0,0,0,0,0,0,0,0
"Q9KK62","Actinomycetota","Bifidobacterium","P2_H1_Bifidobacterium_BSH_Q9KK62_rep2","rep2",0,0,0,0,0,0,0,0,0,0,0,0,0,0,0,0,0,0,0,0,0,0,0,0,0,0,0,0,0,0,0,0,0,0,0,0,0,0,0,0,0,0,0,0,0,0,0,0,0,0,0,0,0,0,0,0,0,0
"Q9KK62","Actinomycetota","Bifidobacterium","P2_H1_Bifidobacterium_BSH_Q9KK62_rep3","rep3",0,0,0,0,0,0,0,0,0,0,0,0,0,0,0,0,0,0,0,0,0,0,0,0,0,0,0,0,0,0,0,0,0,0,0,0,0,0,0,0,0,0,0,0,0,0,0,0,0,0,0,0,0,0,0,0,0,0
"R7PBA0","Bacteroidota","Prevotella","P1_E8_cluster365_R7PBA0_rep3","rep3",7508.916,0,0,0,0,0,0,5844.613,0,33425.42,0,0,0,0,0,0,0,0,0,0,0,0,0,0,0,0,0,0,0,16841.383,0,0,0,0,0,0,0,0,0,0,11986.108,0,9672.797,15190.625,0,0,22766.383,0,126276.53,3794.356,2692.878,0,0,0,0,0,14870.408,0
"R7PBA0","Bacteroidota","Prevotella","P1_E8_cluster365_R7PBA0","rep1",9037.368,0,0,0,0,0,0,11038.309,0,36366.93,0,0,0,0,11549.098,0,0,0,0,0,1498.313,0,0,0,0,0,0,1086.078,0,15124.157,0,0,0,0,0,0,0,0,0,0,12758.282,0,18782.232,45732.844,0,0,24689.848,0,130491.48,10909.209,3697.348,0,0,0,0,0,0,0
"R7PBA0","Bacteroidota","Prevotella","P1_E8_cluster365_R7PBA0_rep2","rep2",2193.592,0,0,0,0,0,0,10106.29,0,38300.086,0,0,0,0,0,0,0,0,0,0,0,0,0,0,0,0,0,3113.648,0,3534.854,0,0,0,0,0,0,0,0,0,0,15075.97,0,15050.957,41411.676,0,2851.966,34150.5,0,143177,5646.43,2340.576,0,0,0,0,0,29387.465,0
"U2D571","Bacillota","Blautia","P1_C1_cluster6_U2D571","rep1",0,0,0,0,0,0,0,0,0,0,0,0,0,0,0,0,0,0,0,0,0,0,0,0,0,0,0,0,0,0,0,0,0,0,0,0,0,0,0,0,0,0,0,0,0,0,0,0,0,0,0,0,0,0,0,0,0,0
"U2D571","Bacillota","Blautia","P1_C1_cluster6_U2D571_rep2","rep2",0,0,0,0,0,0,0,0,0,0,0,0,0,0,0,0,0,0,0,0,0,0,0,0,0,0,0,0,0,0,0,0,0,0,0,0,0,0,0,0,0,0,0,0,0,0,0,0,0,0,0,0,0,0,0,0,0,0
"U2D571","Bacillota","Blautia","P1_C1_cluster6_U2D571_rep3","rep3",0,0,0,0,0,0,0,0,0,0,0,0,0,0,0,0,0,0,0,0,0,0,0,0,3416.337,0,0,0,0,0,0,0,0,0,0,0,0,0,0,0,0,0,0,0,0,0,0,0,0,0,0,0,0,0,0,0,0,0
