filename,Code,Replicate,"Di_2,3_diaminopropionic acid_14073","Tri_2,3_diaminopropionic acid_14940",Di_ornithine_15391,Tri_ornithine_17210,Tri_histidine_17315,"Tri_2,3_diaminopropionic acid_17863","Tri_2,3_diaminopropionic acid_17869",Di_ornithine_17963,Tri_arginine_18281,"Tri_2,3_diaminopropionic acid_18373",Tri_proline_M+NH4_18411,Tri_putrescine_18433,Tri_cystine_19329,Tri_cadaverine_19586,"3a,7a,12k_alanine_20366",Tri_asparagine_20433,3k7a_proline_M+NH4_21780,Tri_glutamine_22099,Di_citrulline_22104,Tri_citrulline_22220,Tri_phenylalanine_22512,Di_ornithine_22619,Di_phenylalanine_22687,Tri_GABA_22882,Tri_serine_23158,"3a,7a,12k_lysine_23168",Di_threonine_23465,3k12a_lysine_23849,Tri_GABA_M+H2O_23885,3a7k_glutamine_24909,3a7k_citrulline_24966,Di_lysine_25070,Di_ornithine_25325,3a7k_serine_26456,Tri_GABA_26794,3a7k_threonine_27078,Di_alanine_27176,3a12k_serine_27652,Tri_alanine_28457,3k7a_glutamine_29953,Di_glutamine_30065,Di_glutamine_30067,Di_glutamine_31254,Di_citrulline_31270,Mono_ornithine_31596,Tri_dopamine_32050,Mono_lysine_32192,Tri_dopamine_32195,Di_serine_32622,Di_threonine_33288,Di_GABA_33328,Mono_ornithine_33494,Tri_methionine_33885,Di_dopamine_34015,Di_unconjugated_34634,Di_methionine_34896,Tri_2_aminophenol_35037,Di_alanine_35826,Tri_3_methoxytyramine_36008,Di_GABA_36169,Di_2_aminophenol_36589,Mono_glutamine_37103,Di_3_methoxytyramine_37128,Di_3_methoxytyramine_37165,Di_alanine_37411,Tri_phenylalanine_37508,Di_dopamine_38088,Tri_tryptamine_38723,Mono_tyramine_38979,Di_3_methoxytyramine_39396,Di_phenylalanine_39833,Tri_2_aminophenol_39976,Tri_phenylalanine_40024,Mono_alanine_40140,Di_2_aminophenol_40269,Mono_GABA_40494,Mono_methionine_41397,Mono_phenylalanine_41412,Mono_2_aminophenol_41901,Mono_serotonin_42743,Mono_2_aminophenol_45657,Tri_glyglycine_20401
Blank_post,NA,rep1,0,0,0,0,0,0,0,0,0,0,0,0,0,0,0,0,0,0,0,0,0,0,0,0,0,0,0,0,0,0,0,0,0,0,0,0,0,0,0,0,0,0,0,0,0,0,0,0,0,0,0,0,0,0,0,0,0,0,0,0,0,0,0,0,0,0,0,0,0,0,0,0,0,0,2952.304,0,0,0,0,0,0,0
Blank_post_rep2,NA,rep2,0,0,0,0,0,0,0,0,0,0,0,0,0,0,0,0,0,0,0,0,0,0,0,0,0,0,0,0,0,0,0,0,6265.034,0,0,0,0,0,0,0,0,0,0,0,0,0,0,0,0,0,0,0,0,0,0,0,0,0,0,0,0,0,0,0,6477.123,0,0,0,0,0,0,0,8416.076,0,0,0,0,0,0,0,0,0
Blank_pre,NA,rep1,0,0,0,0,0,0,0,0,0,0,0,0,0,0,0,0,0,0,0,0,0,0,0,0,0,0,0,0,0,0,0,0,0,0,0,0,0,0,0,0,0,0,0,0,0,0,0,0,0,0,0,0,0,0,0,0,0,0,0,0,0,0,0,0,0,0,0,0,0,0,0,0,0,0,4429.496,0,0,0,0,0,0,0
Blank_pre_rep2,NA,rep2,0,0,0,0,0,0,0,0,0,0,0,0,0,0,0,0,0,0,0,0,0,0,0,0,0,0,0,0,0,0,0,0,4679.904,0,0,0,0,0,0,0,0,0,0,0,0,0,0,0,0,0,0,0,0,0,0,0,0,0,0,0,0,0,0,0,6975.816,0,0,0,0,0,0,0,7414.527,0,0,0,0,0,0,0,0,0
Blank_pre_rep3,NA,rep3,0,0,0,0,0,0,0,0,0,0,0,0,0,0,0,0,0,0,0,0,0,0,0,0,0,0,0,0,0,0,0,0,6133.512,0,0,0,0,0,0,0,0,0,0,0,0,0,0,0,0,0,0,0,0,0,0,0,0,0,0,0,0,0,0,0,5800.485,0,0,0,0,0,0,0,6093.836,0,0,0,0,0,0,0,0,0
P1_A1_cluster4_A0A0P0LK75,A0A0P0LK75,rep1,0,0,0,0,0,0,0,0,0,0,0,0,0,0,0,0,0,0,0,0,0,0,0,0,0,0,0,0,0,0,0,0,0,0,0,0,0,0,0,0,0,0,0,0,0,0,0,0,0,0,0,0,0,0,0,0,0,0,0,0,0,0,0,0,0,0,0,0,0,0,0,0,0,0,0,0,0,0,0,0,1537.123,0
P1_A1_cluster4_A0A0P0LK75_rep2,A0A0P0LK75,rep2,0,0,0,0,0,0,0,0,0,0,0,0,0,0,0,0,0,0,0,0,0,0,0,0,0,0,0,0,0,0,0,0,0,0,0,0,0,0,0,0,0,0,0,0,0,0,0,0,0,0,0,0,0,0,0,0,0,0,0,0,0,0,0,0,0,0,0,0,0,0,0,0,0,0,0,0,0,0,0,0,0,0
P1_A1_cluster4_A0A0P0LK75_rep3,A0A0P0LK75,rep3,0,0,0,0,0,0,0,0,0,0,0,0,0,0,0,0,0,0,0,0,0,0,0,0,0,0,0,0,0,0,0,0,0,0,0,0,0,0,0,0,0,0,0,0,0,0,0,0,0,0,0,0,0,0,0,0,0,0,0,0,0,0,0,0,0,0,0,0,0,0,0,0,0,0,0,0,0,0,0,0,0,0
P1_A10_cluster424_A0A1Q6E5Z9,A0A1Q6E5Z9,rep1,0,0,0,0,0,0,0,0,0,0,0,0,0,0,0,0,0,0,0,0,0,0,0,0,0,0,0,0,0,0,0,0,0,0,0,0,0,0,0,0,0,0,0,0,0,0,0,0,0,0,0,0,0,0,0,0,0,0,0,0,0,0,0,0,0,0,0,0,0,0,0,0,0,0,0,0,0,0,0,0,965.5327,0
P1_A10_cluster424_A0A1Q6E5Z9_rep2,A0A1Q6E5Z9,rep2,0,0,0,0,0,0,0,0,0,0,0,0,0,0,0,0,0,0,0,0,0,0,0,0,0,0,0,0,0,0,0,0,0,0,0,0,0,0,0,0,0,0,0,0,0,0,0,0,0,0,0,0,0,0,0,0,0,0,0,0,0,0,0,0,0,0,0,0,0,0,0,0,0,0,0,0,0,0,0,0,0,0
P1_A10_cluster424_A0A1Q6E5Z9_rep3,A0A1Q6E5Z9,rep3,0,0,0,0,0,0,0,0,0,0,0,0,0,0,0,0,0,0,0,0,0,0,0,0,0,0,0,0,0,0,0,0,0,0,0,0,0,0,0,0,0,0,0,0,0,0,0,0,0,0,0,0,0,0,0,0,0,0,0,0,0,0,0,0,0,0,0,0,0,0,0,0,0,0,0,0,0,0,0,0,0,0
P1_A11_cluster526_A0A1C5X749,A0A1C5X749,rep1,0,0,0,0,0,0,0,0,0,0,0,0,0,0,0,0,0,0,0,0,0,0,0,0,0,0,0,0,0,0,0,0,0,0,0,0,0,0,0,0,0,0,0,0,0,0,0,0,0,0,0,0,0,0,0,0,0,0,0,0,0,0,0,0,0,0,0,0,0,0,0,0,0,0,0,0,0,0,0,0,517.9834,0
P1_A11_cluster526_A0A1C5X749_rep2,A0A1C5X749,rep2,0,0,0,0,0,0,0,0,0,0,0,0,0,0,0,0,0,0,0,0,0,0,0,0,0,0,0,0,0,0,0,0,0,0,0,0,0,0,0,0,0,0,0,0,0,0,0,0,0,0,0,0,0,0,0,0,0,0,0,0,0,0,0,0,0,0,0,0,0,0,0,0,0,0,0,0,0,0,0,0,0,0
P1_A11_cluster526_A0A1C5X749_rep3,A0A1C5X749,rep3,0,0,0,0,0,0,0,0,0,0,0,0,0,0,0,0,0,0,0,0,0,0,0,0,0,0,0,0,0,0,0,0,0,0,0,0,0,0,0,0,0,0,0,0,0,0,0,0,0,0,0,0,0,0,0,0,0,0,0,0,0,0,0,0,0,0,0,0,0,0,0,0,0,0,0,0,0,0,0,0,0,0
P1_A12_cluster582_A0A1Q6M5M7,A0A1Q6M5M7,rep1,0,0,0,0,0,0,0,0,0,0,0,0,0,0,0,0,0,0,0,0,0,0,0,0,0,0,0,0,0,0,0,0,0,0,0,0,0,0,0,0,0,0,0,0,0,0,0,0,0,0,0,0,0,0,0,0,0,0,0,0,0,0,0,0,0,0,0,0,0,0,0,0,0,0,0,0,0,0,0,0,2271.897,0
P1_A12_cluster582_A0A1Q6M5M7_rep2,A0A1Q6M5M7,rep2,0,0,0,0,0,0,0,0,0,0,0,0,0,0,0,0,0,0,0,0,0,0,0,0,0,0,0,0,0,0,0,0,0,0,0,0,0,0,0,0,0,0,0,0,0,0,0,0,0,0,0,0,0,0,0,0,0,0,0,0,0,0,0,0,0,0,0,0,0,0,0,0,0,0,0,0,0,0,0,0,0,0
P1_A12_cluster582_A0A1Q6M5M7_rep3,A0A1Q6M5M7,rep3,0,0,0,0,0,0,0,0,0,0,0,0,0,0,0,0,0,0,0,0,0,0,0,0,0,0,0,0,0,0,0,0,0,0,0,0,0,0,0,0,0,0,0,0,0,0,0,0,0,0,0,0,0,0,0,0,0,0,0,0,0,0,0,0,0,0,0,0,0,0,0,0,0,0,1242.383,0,0,0,0,0,0,0
P1_A2_cluster21_A0A0P0FKS2,A0A0P0FKS2,rep1,0,0,0,0,0,0,0,0,0,0,0,0,0,0,0,0,0,0,0,0,0,0,0,0,0,0,0,0,0,0,0,0,0,0,0,0,0,0,0,0,0,0,0,0,0,0,0,0,0,0,0,0,0,0,0,0,0,0,0,0,0,0,0,0,0,0,0,0,0,0,0,0,0,0,0,0,0,0,0,0,610.9098,0
P1_A2_cluster21_A0A0P0FKS2_rep2,A0A0P0FKS2,rep2,0,0,0,0,0,0,0,0,0,0,0,0,0,0,0,0,0,0,0,0,0,0,0,0,0,0,0,0,0,0,0,0,0,0,0,0,0,0,0,0,0,0,0,0,0,0,0,0,0,0,0,0,0,0,0,0,0,0,0,0,0,0,0,0,0,0,0,0,0,0,0,0,0,0,0,0,0,0,0,0,0,0
P1_A2_cluster21_A0A0P0FKS2_rep3,A0A0P0FKS2,rep3,0,0,0,0,0,0,0,0,0,0,0,0,0,0,0,0,0,0,0,0,0,0,0,0,0,0,0,0,0,0,0,0,0,0,0,0,0,0,0,0,0,0,0,0,0,0,0,0,0,0,0,0,0,0,0,0,0,0,0,0,0,0,0,0,0,0,0,0,0,0,0,0,0,0,0,0,0,0,0,0,0,0
P1_A3_cluster54_A0A069S9I0,A0A069S9I0,rep1,0,0,0,0,0,0,0,0,0,0,0,0,0,0,0,0,0,0,0,0,0,0,0,0,0,0,0,0,0,0,0,0,0,0,0,0,0,0,0,0,0,0,0,0,0,0,0,0,0,0,0,0,0,0,0,0,0,0,0,0,0,0,0,0,0,0,0,0,0,0,0,0,0,0,0,0,0,0,0,0,0,0
P1_A3_cluster54_A0A069S9I0_rep2,A0A069S9I0,rep2,0,0,0,0,0,0,0,0,0,0,0,0,0,0,0,0,0,0,0,0,0,0,0,0,0,0,0,0,0,0,0,0,0,0,0,0,0,0,0,0,0,0,0,0,0,0,0,0,0,0,0,0,0,0,0,0,0,0,0,0,0,0,0,0,0,0,0,0,0,0,0,0,0,0,0,0,0,0,0,0,0,0
P1_A3_cluster54_A0A069S9I0_rep3,A0A069S9I0,rep3,0,0,0,0,0,0,0,0,0,0,0,0,0,0,0,0,0,0,0,0,0,0,0,0,0,0,0,0,0,0,0,0,0,0,0,0,0,0,0,0,0,0,0,0,0,0,0,0,0,0,0,0,0,0,0,0,0,0,0,0,0,0,0,0,0,0,0,0,0,0,0,0,0,0,0,0,0,0,0,0,0,0
P1_A4_cluster111_B5D243,B5D243,rep1,0,0,0,0,0,0,0,0,0,0,0,0,0,0,0,0,0,0,0,0,0,0,0,0,0,0,0,0,0,0,0,0,0,0,0,0,0,0,0,0,0,0,0,0,0,0,0,0,0,0,0,0,0,0,0,0,0,0,0,0,0,0,0,0,0,0,0,0,0,0,0,0,0,0,0,0,0,0,0,0,802.6383,0
P1_A4_cluster111_B5D243_rep2,B5D243,rep2,0,0,0,0,0,0,0,0,0,0,0,0,0,0,0,0,0,0,0,0,0,0,0,0,0,0,0,0,0,0,0,0,0,0,0,0,0,0,0,0,0,0,0,0,0,0,0,0,0,0,0,0,0,0,0,0,0,0,0,0,0,0,0,0,0,0,0,0,0,0,0,0,0,0,0,0,0,0,0,0,0,0
P1_A4_cluster111_B5D243_rep3,B5D243,rep3,0,0,0,0,0,0,0,0,0,0,0,0,0,0,0,0,0,0,0,0,0,0,0,0,0,0,0,0,0,0,0,0,0,0,0,0,0,0,0,0,0,0,0,0,0,0,0,0,0,0,0,0,0,0,0,0,0,0,0,0,0,0,0,0,0,0,0,0,0,0,0,0,0,0,0,0,0,0,0,0,0,0
P1_A5_cluster169_A0A174Z2R4,A0A174Z2R4,rep1,0,0,0,0,0,0,0,0,0,0,0,0,0,0,0,0,0,0,0,0,0,0,0,0,0,0,0,0,0,0,0,0,0,0,0,0,0,0,0,0,0,0,0,0,0,0,0,0,0,0,0,0,0,0,0,0,0,0,0,0,0,0,0,0,0,0,0,0,0,0,0,0,0,0,0,0,0,0,0,0,0,0
P1_A5_cluster169_A0A174Z2R4_rep2,A0A174Z2R4,rep2,0,0,0,0,0,0,0,0,0,0,0,0,0,0,0,0,0,0,0,0,0,0,0,0,0,0,0,0,0,0,0,0,0,0,0,0,0,0,0,0,0,0,0,0,0,0,0,0,0,0,0,0,0,0,0,0,0,0,0,0,0,0,0,0,0,0,0,0,0,0,0,0,0,0,0,0,0,0,0,0,0,0
P1_A5_cluster169_A0A174Z2R4_rep3,A0A174Z2R4,rep3,0,1370.9657,1217.959,0,3595.5386,809.8695,15537.276,1217.959,2645.8347,265707.56,0,0,0,0,104811.93,69765.914,0,1111.9636,3931.5918,1625.2107,5583.9336,0,24411.473,0,0,24802.217,583.3879,0,13255.87,1861.3029,0,2157.5813,0,33572.887,8548.365,17838.178,1094.6636,32948.137,14759.345,124.9226,139.4159,3291.4702,702.2328,4656.235,0,855.934,0,0,1457.325,80.9939,42410.027,0,10515.508,197.0747,0,15218.113,6685.524,52446.95,568.353,5713.8,30066.092,0,1116.951,0,46694.723,413.5402,0,0,1069.3992,1107.3323,4964.1147,51786.453,39739.453,8266.715,1184.3411,1345.8328,522.8463,711.2452,0,0,0,121210.62
P1_A6_cluster218_A0A1C5L0B6,A0A1C5L0B6,rep1,0,55758.83,0,0,0,0,91982.984,0,0,637894.44,0,0,7578.078,0,837744.56,1834561.4,0,0,0,0,9086.293,0,17471.223,23835.797,34960.5,501883.62,24893.314,0,258801.33,30773.863,0,0,5626.352,355672.97,205059.72,178046.72,39307.168,321773.03,226793.83,0,5586.279,20869.496,13334.738,6933.774,0,99162.27,0,0,141930.58,17068.004,510429.97,0,72219.75,0,275108.12,44843.113,256458.12,420138.56,0,70831.3,409188.75,0,9404.959,0,1070279.1,56236.344,0,0,41690.94,0,68873.33,999776.9,201047.61,177828.19,53055.094,39246.69,12261.825,0,0,11857.167,2210.13,140211.78
P1_A6_cluster218_A0A1C5L0B6_rep2,A0A1C5L0B6,rep2,0,0,0,0,0,0,0,0,0,0,0,0,0,0,0,0,0,0,0,0,0,0,0,0,0,0,0,0,0,0,0,0,0,0,0,0,0,0,0,0,0,0,0,0,0,0,0,0,0,0,0,0,0,0,0,0,0,0,0,0,0,0,0,0,0,0,0,0,0,0,0,0,0,0,0,0,0,0,0,0,0,0
P1_A6_cluster218_A0A1C5L0B6_rep3,A0A1C5L0B6,rep3,0,0,0,0,0,0,0,0,0,0,0,0,0,0,0,0,0,0,0,0,0,0,0,0,0,0,0,0,0,0,0,0,0,119.5032,0,0,0,144.6077,0,0,0,0,0,0,0,0,0,0,0,0,0,0,0,0,0,0,0,0,0,0,0,0,0,0,0,0,0,0,0,0,0,0,0,0,0,0,0,0,0,0,0,0
P1_A7_cluster264_A0A2V1JL81,A0A2V1JL81,rep1,0,0,0,0,0,0,0,0,0,0,0,0,0,0,0,0,0,0,0,0,0,0,0,0,0,0,0,0,0,0,0,0,0,0,0,0,0,0,0,0,0,0,0,0,0,0,0,0,0,0,0,0,0,0,0,0,0,0,0,0,0,0,0,0,0,0,0,0,0,0,0,0,0,0,0,0,0,0,0,0,0,0
P1_A7_cluster264_A0A2V1JL81_rep2,A0A2V1JL81,rep2,0,0,0,0,0,0,0,0,0,0,0,0,0,0,0,0,0,0,0,0,0,0,0,0,0,0,0,0,0,0,0,0,0,0,0,0,0,0,0,0,0,0,0,0,0,0,0,0,0,0,0,0,0,0,0,0,0,0,0,0,0,0,0,0,0,0,0,0,0,0,0,0,0,0,0,0,0,0,0,0,0,0
P1_A7_cluster264_A0A2V1JL81_rep3,A0A2V1JL81,rep3,0,0,0,0,0,0,0,0,0,0,0,0,0,0,0,0,0,0,0,0,0,0,0,0,0,0,0,0,0,0,0,0,0,0,0,0,0,0,0,0,0,0,0,0,0,0,0,0,0,0,0,0,0,0,0,0,0,0,0,0,0,0,0,0,0,0,0,0,0,0,0,0,0,0,1510.554,0,0,0,0,0,0,0
P1_A8_cluster314_A0A1C5MV31,A0A1C5MV31,rep1,0,0,0,0,0,0,0,0,0,0,0,0,0,0,0,0,0,0,0,0,0,0,0,0,0,0,0,0,0,0,0,0,0,0,0,0,0,0,0,0,0,0,0,0,0,0,0,0,0,0,0,0,0,0,0,0,0,0,0,0,0,0,0,0,0,0,0,0,0,0,0,0,0,0,0,0,0,0,0,0,0,0
P1_A8_cluster314_A0A1C5MV31_rep2,A0A1C5MV31,rep2,0,0,0,0,0,0,0,0,0,0,0,0,0,0,0,0,0,0,0,0,0,0,0,0,0,0,0,0,0,0,0,0,0,0,0,0,0,0,0,0,0,0,0,0,0,0,0,0,0,0,0,0,0,0,0,0,0,0,0,0,0,0,0,0,0,0,0,0,0,0,0,0,0,0,0,0,0,0,0,0,0,0
P1_A8_cluster314_A0A1C5MV31_rep3,A0A1C5MV31,rep3,0,9599.402,0,0,0,0,59198.016,0,6341.582,1240738.9,0,0,3480.001,0,1618423.8,2555784.5,0,0,0,0,29840.383,0,0,369846.94,8784.489,203750.42,7178.659,0,181273.23,7322.482,0,3871.283,10859.84,29668.305,1862729.5,48778.72,30599.148,313757.16,319598,0,0,4082.063,5717.966,34771.793,0,71968.39,0,0,86288.11,14811.896,474336.84,1306.936,158462.45,0,218771.88,0,83092.01,400828.38,0,117292.81,95456.91,4111.199,0,0,1165755.4,51487.64,0,0,49309.16,0,144513.48,507059.47,135719.34,570301.56,89902.2,48623.99,14712.754,27599.762,0,14258.167,14258.802,154769.17
P1_A9_cluster388_A0A174YG41,A0A174YG41,rep1,0,0,0,0,0,0,0,0,0,0,0,0,0,0,0,0,0,0,0,0,0,0,0,0,0,0,0,0,0,0,0,0,0,0,0,0,0,0,0,0,0,0,0,0,0,0,0,0,0,0,0,0,0,0,0,0,0,0,0,0,0,0,0,0,0,0,0,0,0,0,0,0,0,0,0,0,0,0,0,0,1488.601,0
P1_A9_cluster388_A0A174YG41_rep2,A0A174YG41,rep2,0,0,0,0,0,0,0,0,0,0,0,0,0,0,0,0,0,0,0,0,0,0,0,0,0,0,0,0,0,0,0,0,0,0,0,0,0,0,0,0,0,0,0,0,0,0,0,0,0,0,0,0,0,0,0,0,0,0,0,0,0,0,0,0,0,0,0,0,0,0,0,0,0,0,0,0,0,0,0,0,0,0
P1_A9_cluster388_A0A174YG41_rep3,A0A174YG41,rep3,0,0,0,0,0,0,0,0,0,0,0,0,0,0,0,0,0,0,0,0,0,0,0,0,0,0,0,0,0,0,0,0,0,0,0,0,0,0,0,0,0,0,0,0,0,0,0,0,0,0,0,0,0,0,0,0,0,0,0,0,0,0,0,0,0,0,0,0,0,0,0,0,0,0,0,0,0,0,0,0,0,0
P1_B1_cluster5_A7A5K1,A7A5K1,rep1,0,0,0,0,0,0,0,0,0,0,0,0,0,0,0,0,0,0,0,0,0,0,0,0,0,0,0,0,0,0,0,0,0,0,0,0,0,0,0,0,0,0,0,0,0,0,0,0,0,0,0,0,0,0,0,0,0,0,0,0,0,0,0,0,0,0,0,0,0,0,0,0,0,0,0,0,0,0,0,0,726.508,0
P1_B1_cluster5_A7A5K1_rep2,A7A5K1,rep2,0,0,0,0,0,0,0,0,0,0,0,0,0,0,0,0,0,0,0,0,0,0,0,0,0,0,0,0,0,0,0,0,0,0,0,0,0,0,0,0,0,0,0,0,0,0,0,0,0,0,0,0,0,0,0,0,0,0,0,0,0,0,0,0,0,0,0,0,0,0,0,0,0,0,0,0,0,0,0,0,0,0
P1_B1_cluster5_A7A5K1_rep3,A7A5K1,rep3,0,0,0,0,0,0,0,0,0,0,0,0,0,0,0,0,0,0,0,0,0,0,0,0,0,0,0,0,0,0,0,0,0,213.18683,57.43887,0,0,88.88738,0,0,0,0,0,0,0,0,0,0,0,0,0,0,0,0,0,0,0,0,0,0,0,0,0,0,0,0,0,0,0,0,0,0,0,0,3053.8123,0,0,0,0,0,0,0
P1_B10_cluster427_A0A316R4M9,A0A316R4M9,rep1,0,0,0,0,0,0,0,0,0,0,0,0,0,0,0,0,0,0,0,0,0,0,0,0,0,0,0,0,0,0,0,0,0,0,0,0,0,0,0,0,0,0,0,0,0,0,0,0,0,0,0,0,0,0,0,0,0,0,0,0,0,0,0,0,0,0,0,0,0,0,0,0,0,0,0,0,0,0,0,0,1204.935,0
P1_B10_cluster427_A0A316R4M9_rep2,A0A316R4M9,rep2,0,106414.51,0,0,0,0,0,0,0,859136.3,0,0,0,0,1430256.6,351533.75,0,0,0,0,10267.553,0,9326.691,261086.03,3057.54,91207.195,32639.707,0,98015.96,10404.802,0,0,5178.323,34534.582,1317551.5,83357.02,34120.617,372784.38,363814.6,0,0,772.868,16580.414,3034.284,0,44772.12,0,0,235056.61,5656.078,1281202.4,11961.488,53532.41,0,68411.88,0,273727.16,600506.44,0,101045.3,670327.56,0,13625.871,0,1998583.8,0,3999.004,0,1406913.6,0,75023.89,3073517,194584.05,2062865.6,410202.38,56997.473,55296.992,143292.08,41690.527,18449.434,20497.035,0
P1_B10_cluster427_A0A316R4M9_rep3,A0A316R4M9,rep3,0,75689.64,0,0,0,0,38180.74,0,0,974450.3,0,0,0,0,1043409.06,529221.56,4457.1733,0,0,0,4544.7666,0,798.754,313674,1746.5498,103301.26,20383.322,0,86210.83,8090.615,0,0,2444.4548,10736.1875,2032836.2,60687.12,39123.55,437382.5,387534.47,0,0,0,2030.6234,1584.3264,0,32647.875,0,0,218698.2,1047.0287,1269252.5,4036.7249,52399.004,502.3521,102823.05,0,325929.2,636867.56,0,72797.484,1670373.9,0,15212.456,0,2083096,0,0,0,632642.2,31009.033,55858.35,2529820,173891.17,904024.6,598608.94,52358.89,12253.872,19444.734,18348.262,10989.47,4683.7646,4819.883
P1_B11_cluster537_B7AVX6,B7AVX6,rep1,0,0,0,0,0,0,0,0,0,0,0,0,0,0,0,152987.06,0,0,0,0,0,0,0,180561.3,0,0,681.6211,0,4244.5483,0,0,0,0,4108.417,1453025.5,0,0,4881.0254,1500.0735,0,0,0,0,0,0,89722.86,0,0,0,0,21051.8,0,0,0,0,0,0,0,0,86297.22,16684.236,6182.172,0,0,642948,10233.199,0,0,0,0,433466.4,5630.13,144224.69,37939.32,3726.0745,122117.14,0,0,0,0,2472.4429,0
P1_B11_cluster537_B7AVX6_rep2,B7AVX6,rep2,0,0,0,0,0,0,0,0,0,0,0,0,0,0,0,175940.2,0,0,0,0,0,0,0,341522.03,0,0,5022.402,0,0,0,0,0,0,6884.344,1767125.4,0,0,0,0,0,0,0,0,0,0,42908.14,0,0,0,0,11024.728,0,0,0,0,0,0,0,0,96461.97,0,13481.764,0,0,541656.5,0,0,0,0,0,331965.22,3908.084,66453.7,54974.496,0,52242.35,0,0,0,0,860.2068,0
P1_B11_cluster537_B7AVX6_rep3,B7AVX6,rep3,0,0,0,0,0,0,0,0,0,39718.465,0,0,0,0,59025.637,241967.78,0,0,0,0,0,0,0,378191.4,0,0,630.8506,0,6111.5293,0,0,0,0,0,1893308.6,0,0,0,6357.054,0,0,0,0,0,0,34221.29,0,0,18621.324,0,101567.414,0,0,0,0,0,0,4669.7256,0,81810.56,11006.361,11803.202,0,0,540845.44,0,0,0,56490.684,0,333383.84,191739.25,126389.945,34067.6,40323.89,76599.98,0,0,0,0,0,0
P1_B12_cluster586_A0A3D0HN78,A0A3D0HN78,rep1,0,0,0,0,0,0,0,0,0,0,0,0,0,0,0,0,0,0,0,0,0,0,0,0,0,0,0,0,0,0,0,0,0,0,0,0,0,0,0,0,0,0,0,0,0,0,0,0,0,0,0,0,0,0,0,0,0,0,0,0,0,0,0,0,0,0,0,0,0,0,0,0,0,0,0,0,0,0,0,0,0,0
P1_B12_cluster586_A0A3D0HN78_rep2,A0A3D0HN78,rep2,0,0,0,0,0,0,0,0,0,0,0,0,0,0,0,0,0,0,0,0,0,0,0,0,0,0,0,0,0,0,0,0,0,0,0,0,0,0,0,0,0,0,0,0,0,0,0,0,0,0,0,0,0,0,0,0,0,0,0,0,0,0,0,0,0,0,0,0,0,0,0,0,0,0,0,0,0,0,0,0,0,0
P1_B12_cluster586_A0A3D0HN78_rep3,A0A3D0HN78,rep3,0,0,0,0,0,0,0,0,0,0,0,0,0,0,0,0,0,0,0,0,0,0,0,0,0,0,0,0,0,0,0,0,0,0,0,0,0,0,0,0,0,0,0,0,0,0,0,0,0,0,0,0,0,0,0,0,0,0,0,0,0,0,0,0,0,0,0,0,0,0,0,0,0,0,0,0,0,0,0,0,0,0
P1_B2_cluster23_A0A078S2R5,A0A078S2R5,rep1,73969.39,39463.508,0,0,0,0,0,320608.2,0,7066597.5,10168.439,6859.014,0,0,652848.5,114197.46,0,0,5643.574,0,0,0,1157.3,117042.81,0,0,0,0,10632.498,10904.86,0,0,83608.18,1222.172,710892.94,0,50594.707,12054.465,8511.355,0,0,1053.754,0,0,3382.701,92721.805,4046.542,3995.595,0,0,61446.67,1092725,0,218221.62,89006.47,0,1090300.9,181117.73,14404.575,36024.965,3671824.8,66714.81,711738.06,60316.234,565400.2,0,56349.754,8296.699,443868.3,84892.234,63591.355,4345248.5,198839.62,502428.16,2928520.2,188379,9948.436,0,280630.47,5965.191,45071.598,0
P1_B2_cluster23_A0A078S2R5_rep2,A0A078S2R5,rep2,89949.74,34604.336,0,0,0,0,0,354960.4,0,7144524.5,10230.122,9743.044,0,0,697099.6,205228.1,0,0,1535.27,0,0,0,2749.155,199013.81,0,0,0,0,22356.242,8605.828,0,0,40318.406,2284.496,1249798.6,0,23599.799,6017.927,14739.18,0,0,0,0,0,0,79100.43,6812.489,7979.752,0,0,68577.15,1749858.9,0,210409.88,88032.52,0,955860.2,248160.44,13157.982,47625.836,4496627.5,79669.84,588513.25,25569.035,749618.06,0,32068.174,0,526610.56,0,214778.19,7124167.5,120010.32,139677.58,3211939.2,187952.17,18368.904,0,398127.97,56643.816,74704.25,0
P1_B2_cluster23_A0A078S2R5_rep3,A0A078S2R5,rep3,63817.086,65544.49,1475.661,0,0,0,0,302762.97,0,6756087,9019.242,8029.022,0,0,388205.94,206257.03,0,0,3822.178,0,0,0,1769.412,222542.8,0,0,0,0,3483.57,6693.383,0,0,74536.76,0,1529204.8,0,33359.688,6046.424,10942.18,0,0,0,0,0,0,31455.117,1298.282,3713.889,0,0,47802.613,965412.25,0,178193.5,71709.414,0,1023266.9,201083.72,7245.954,37091.75,3812038.8,61276.992,674613.1,43699.742,607509.8,0,35610.234,0,339382.88,83296.766,52903.395,3896217.8,64884.23,74263.24,2928096,49814.05,10458.543,15319.635,294571.56,45710.42,63995.684,0
P1_B3_cluster56_A0A1C6E6X3,A0A1C6E6X3,rep1,0,0,0,0,0,0,0,0,0,75760.36,0,0,0,0,61651.18,339685.38,0,0,0,0,0,0,1080.1661,169746.42,0,21441.832,0,0,41165.316,344.5589,0,0,612.9736,0,1227482.8,8891.655,0,55302.7,88923.055,0,0,0,0,0,0,68604.805,0,0,53191.734,0,93906.57,790.0341,6128.2437,0,15909.921,0,2590.9746,28788.236,0,46102.934,44316.062,0,0,0,487189.62,0,0,0,0,0,247653.66,91752.15,161624.1,110578.69,6045.8545,61998.34,0,0,0,0,1473.8867,0
P1_B3_cluster56_A0A1C6E6X3_rep2,A0A1C6E6X3,rep2,0,0,0,0,0,0,0,0,0,74210.08,0,0,0,0,142269.06,332869.12,0,0,0,0,0,0,0,300332.47,0,21777.398,8259.312,0,42781.79,1846.6718,0,0,0,0,1698569.8,11815.043,0,78161.23,89890.07,0,0,0,0,0,0,55233.816,0,0,18567,0,97759.234,522.7123,6484.5635,0,7118.7285,0,0,13215.367,0,89403.33,8422.1455,9185.305,0,0,624118.44,0,0,0,0,0,128469.664,139074.88,83131.42,94094.98,0,35349.418,0,0,0,0,3408.218,0
P1_B3_cluster56_A0A1C6E6X3_rep3,A0A1C6E6X3,rep3,0,0,0,0,0,0,0,0,0,67311.7,0,0,0,0,59318.723,402785.16,0,0,0,0,0,0,851.6951,343718.84,0,20692.438,0,0,40060.902,1158.1782,0,0,0,0,2296565.8,0,0,83142.336,72718.63,0,0,0,0,0,0,32588.94,0,0,14256.779,0,92354.39,0,4982.092,0,11521.4,0,0,21962.775,0,80701.125,6065.259,8117.763,0,0,592553.3,0,0,0,0,0,256588.33,120130.73,163409.89,155010.95,7136.2217,53540.844,0,0,0,0,2869.5474,0
P1_B4_cluster116_A0A416W4H5,A0A416W4H5,rep1,0,0,0,0,0,0,0,0,0,0,0,0,0,0,0,127636.875,0,0,0,0,0,0,0,215329.53,0,0,0,0,0,0,0,0,0,0,1292575.1,0,0,2929.359,0,0,0,0,0,0,0,61539.562,0,0,0,0,9119.283,12642.308,0,0,0,0,0,0,0,59189.195,18424.38,7689.497,6522.538,3679.326,428839.47,0,0,0,6254.621,0,301647.47,41672.812,56056.285,22907.873,23497.174,27990.76,0,0,0,0,1635.86,0
P1_B4_cluster116_A0A416W4H5_rep2,A0A416W4H5,rep2,0,0,0,0,0,0,0,0,0,0,0,0,0,0,0,249363.81,0,0,0,0,0,0,0,292647.44,0,0,0,0,0,0,0,0,0,8193.829,1775948.9,0,0,2732.855,3253.241,0,0,0,0,0,0,64066.316,0,0,0,0,9424.229,0,0,0,0,0,0,0,0,95469.74,0,11329.045,0,3256.243,448093.5,0,0,0,0,0,197122.44,0,66725.48,119172.016,0,61315.508,0,0,0,0,0,0
P1_B4_cluster116_A0A416W4H5_rep3,A0A416W4H5,rep3,0,0,0,0,0,0,0,0,0,0,0,0,0,0,0,245852.16,0,0,0,0,0,0,0,362113.66,0,0,0,0,0,0,0,0,0,2050.398,2092145.4,0,0,0,0,0,0,0,0,0,0,29961.53,0,0,0,0,8394.872,0,0,0,0,0,0,0,0,83855.836,0,9372.217,0,0,465225.72,9740.852,0,0,0,0,313838.25,3843.543,135120.19,26909.836,7559.369,101413.75,0,0,0,0,2238.558,0
P1_B5_cluster177_A0A1C5QNJ0,A0A1C5QNJ0,rep1,0,17227.707,0,0,0,0,41304.934,0,0,745099.6,0,0,0,0,399746.1,1335407.1,0,0,0,0,3792.1177,0,793.4868,173956.75,12462.87,209422.53,6897.1426,0,268715.72,7094.7656,0,0,2870.0789,58565.805,586276.44,34607.277,6497.1626,226730.62,221812.44,1118.9937,0,5597.8003,4164.264,0,0,58716.793,0,0,30862.545,5513.5693,273802.5,0,57472.812,0,146359.03,0,248588.36,215213.42,0,55410.25,39656.516,0,2000.9491,0,652540.8,11900.679,0,0,0,0,154002.4,317207.66,193036.86,276583.22,8861.082,56467.77,0,0,0,9044.432,2401.6921,90746.98
P1_B5_cluster177_A0A1C5QNJ0_rep2,A0A1C5QNJ0,rep2,0,25316.18,0,0,0,0,72021.87,0,0,1106203,0,0,0,0,624289.9,1573920.5,0,0,0,0,8640.447,0,0,257829.22,18464.213,246580.98,2720.6206,0,339957.9,15391.611,0,0,703.7898,104320.98,671505.25,67004.16,4585.1787,224455.88,281920.78,0,0,2702.6895,6384.2017,0,0,44892.086,0,0,7286.1255,7613.297,376612.97,1496.8331,66958.945,0,181848.8,0,236680.16,133274.58,0,94721.32,12933.605,0,0,0,876168.4,62143.535,0,0,27787.568,0,118763.64,424249.03,92067.32,406916.44,27455.36,31404.67,9858.805,0,0,0,9650.066,97833.83
P1_B5_cluster177_A0A1C5QNJ0_rep3,A0A1C5QNJ0,rep3,0,7571.319,0,0,0,0,41165.523,0,0,1160068.5,0,0,0,0,421463.72,1352732.6,0,0,0,0,0,0,0,253541.33,14043.17,208875.78,2994.185,0,266833.8,8664.666,0,681.3519,0,96229.67,461290.25,35714.285,0,264811.7,236165.28,0,759.0828,1562.9968,0,0,0,25579.303,0,0,0,4286.1387,306300.72,0,56858.81,0,215998.12,0,231430.05,182990.58,0,73563.03,86135.28,0,0,0,707241.2,14627.478,0,0,0,0,37967.453,330540.72,89155.24,232721.8,65655.95,30449.041,4397.1113,0,0,8017.469,5178.671,86029.195
P1_B6_cluster225_A0A395WCM1,A0A395WCM1,rep1,0,0,0,0,0,0,0,0,0,25232.86,0,0,0,0,10337.34,276932.22,0,0,0,0,0,0,0,192381.77,0,15494.869,2242.0334,0,13299.489,1172.489,0,0,0,0,1148732.1,5748.92,0,46272.504,42160.31,0,0,0,0,0,0,89938.09,0,0,43715.316,0,62750.008,513.2498,3252.8335,0,0,0,0,6333.8496,0,69932.55,28328.361,0,0,0,550032.8,0,0,0,0,0,54496.617,109725.38,163357.5,96118.195,4018.7463,88966.32,0,0,0,0,9589.983,0
P1_B6_cluster225_A0A395WCM1_rep2,A0A395WCM1,rep2,0,0,0,0,0,0,0,0,0,33648.977,0,0,0,0,51948.332,306146.88,0,0,0,0,0,0,0,293018.12,0,13367.99,2487.298,0,5501.773,978.8187,0,0,0,0,1627620.9,7496.2305,0,51939.258,32170.168,0,0,0,0,0,0,59441.168,0,0,18287.371,0,55717.047,0,1770.727,0,0,0,0,0,0,82691.79,0,0,0,0,470856.34,0,0,0,0,0,110197.65,101835.586,49850.668,101751.766,0,53909.94,0,0,0,0,5739.144,0
P1_B6_cluster225_A0A395WCM1_rep3,A0A395WCM1,rep3,0,184.0805,0,0,0,0,0,0,0,1033.8365,0,0,0,0,0,6778.039,0,0,0,0,0,0,0,15791.516,203.9245,0,0,0,1282.4695,102.2448,0,0,0,1080.4988,109768.92,0,0,6782.545,5621.3413,0,0,0,0,1396.1183,0,11160.992,0,0,699.2237,0,11778.725,0,248.4373,0,0,0,0,0,0,6197.158,660.1959,0,685.0907,0,133544.66,0,0,0,0,0,24883.914,13643.646,36297.727,11465.113,3709.2593,7445.732,0,0,0,0,0,1201.6586
P1_B7_cluster265_A0A1Q6K9G3,A0A1Q6K9G3,rep1,0,30493.96,0,0,0,0,16895.746,0,0,1073487.1,0,0,0,0,556914.06,1337582.5,0,0,0,0,7133.316,0,0,73614.98,9749.047,130125.39,1267.289,0,243866.2,4993.027,0,2370.377,2516.838,27830.436,442149.84,6914.909,0,205037.02,110304.336,0,0,0,6138.387,1957.044,0,77075.67,0,0,28359.295,0,324027.6,0,55440.164,0,91902.63,0,59855.637,184702.62,0,55696.594,27719.604,0,0,0,476558.72,13512.321,0,0,42896.016,0,47643.383,207828.08,145401.89,184910.14,75084.6,25766.793,0,0,0,6337.231,3070.688,94504.28
P1_B7_cluster265_A0A1Q6K9G3_rep2,A0A1Q6K9G3,rep2,0,38574.695,0,0,0,0,23589.94,0,0,1133523.2,0,0,0,1805.839,925974.56,1989967.6,0,0,0,0,9466.709,0,806.0994,132379.38,7487.005,174045.47,1304.596,0,246526.92,7189.957,0,0,2834.0076,38314.234,147712.47,12543.222,0,254934.7,176130.52,0,0,1159.0334,5556.2725,3027.3062,0,49773.086,0,0,1704.8881,0,379525.8,2467.2842,69403.04,0,46871.703,0,25654.91,171687.67,0,72122.31,0,0,0,0,678628.2,0,0,0,99193.11,0,64334.133,278166.12,144287.2,670524.3,64891.508,48971.008,8129.524,0,0,10025.928,9090.741,170437.86
P1_B7_cluster265_A0A1Q6K9G3_rep3,A0A1Q6K9G3,rep3,0,32018.244,0,0,0,0,31125.883,0,0,1338459.5,0,0,0,0,752614,1837782.6,0,0,0,0,3114.0288,0,0,129250,8502.675,141550.48,743.1075,0,258918.11,3361.1099,0,2776.3523,842.4115,16951.654,177919.77,4135.083,0,237006.95,109864.445,0,0,786.0551,1323.2114,1443.2527,0,32945.582,0,0,0,0,333545.06,0,62994.46,0,95586.72,0,27874.047,196953.03,0,75162.35,76471.32,0,0,0,534374.75,0,0,0,39273.617,0,154014.56,290785.97,189721.38,337284.03,71538.53,75754.75,0,0,0,15212.921,21023.59,134838.88
P1_B8_cluster359_A0A357TLK7,A0A357TLK7,rep1,0,0,0,0,0,0,0,0,0,0,0,0,0,0,0,156821.62,0,0,0,0,0,0,743.2983,227307.06,0,0,0,0,0,0,0,0,0,0,1374734.1,0,0,0,0,0,0,0,0,0,0,59259.53,0,0,0,0,10371.303,0,0,0,0,0,0,0,0,67373.86,11542.395,1715.76,0,0,426895.72,0,0,0,0,0,322598.06,0,102996.5,48040.89,0,77933.47,0,0,0,0,18334.37,0
P1_B8_cluster359_A0A357TLK7_rep2,A0A357TLK7,rep2,0,0,0,0,0,0,0,0,0,0,0,0,0,0,0,0,0,0,0,0,0,0,0,0,0,0,0,0,0,0,0,0,0,0,0,0,0,0,0,0,0,0,0,0,0,0,0,0,0,0,0,0,0,0,0,0,0,0,0,0,0,0,0,0,0,0,0,0,0,0,0,0,0,0,0,0,0,0,0,0,0,0
P1_B8_cluster359_A0A357TLK7_rep3,A0A357TLK7,rep3,0,0,0,0,0,0,0,0,0,0,0,0,0,0,0,242351.2,0,0,0,0,0,0,0,334831.3,0,0,0,0,0,0,0,0,0,0,1909113,0,0,0,0,0,0,0,0,0,0,32613.736,0,0,0,0,9031.427,0,0,0,0,0,0,0,0,92737.74,0,11843.166,0,0,470470.03,18009.57,0,0,0,0,319672.25,4306.489,75834.25,27744.23,0,69491.44,0,0,0,0,1062.641,0
P1_B9_cluster391_A0A0D8IVP2,A0A0D8IVP2,rep1,0,0,0,0,0,0,0,0,0,69382.48,0,0,0,0,109414.26,143246.08,0,0,0,0,0,0,0,238588.23,0,18114.422,3035.303,0,5528.953,4773.502,0,0,0,0,1458329.4,9186.256,0,95860.81,39606.543,0,0,0,1351.285,5233.762,0,78008.266,0,0,73470.48,0,60467.133,0,23767.52,0,0,0,0,23700.527,0,68044.8,18413.674,0,0,0,644571.5,0,0,0,0,0,326750.1,78739.734,135686.67,72427.36,3565.947,77309.42,0,0,0,0,2966.802,0
P1_B9_cluster391_A0A0D8IVP2_rep2,A0A0D8IVP2,rep2,0,0,0,0,0,0,0,0,0,72608.11,0,0,0,0,144787.9,167753.28,0,0,0,0,0,0,0,342319.53,0,17154.58,3365.0518,0,14131.064,6812.8384,0,0,0,0,1533712,9204.659,0,112125.82,39100.645,0,0,0,981.4615,0,0,56988.023,0,0,42095.13,0,54805.57,0,28166.447,0,0,0,0,33222.926,0,87887.98,0,2328.3586,0,0,692483.44,26421.543,0,0,0,0,323522.1,68368.3,144818.78,90969.734,2718.1572,77596.71,0,0,0,0,2567.141,0
P1_B9_cluster391_A0A0D8IVP2_rep3,A0A0D8IVP2,rep3,0,0,0,0,0,0,0,0,0,48157.004,0,0,0,0,68045.766,273566.3,0,0,0,0,0,0,1098.826,359206.97,0,8786.437,0,0,6032.188,4269.803,0,0,0,0,2274293.8,0,0,118464.72,33307.29,0,0,0,0,2212.178,0,31463.506,0,0,70785.65,0,46983.62,0,22121.697,0,0,0,0,9612.912,0,76326.19,5223.634,0,0,0,567319.06,0,0,0,0,0,289071.34,84528.64,90848.81,68453.734,3338.665,60762.094,2013.351,0,0,0,2270.773,0
P1_C1_cluster6_U2D571,U2D571,rep1,0,0,0,0,0,0,0,0,0,0,0,0,0,0,0,0,0,0,0,0,0,0,0,0,0,0,0,0,0,0,0,0,0,0,0,0,0,0,0,0,0,0,0,0,0,0,0,0,0,0,0,0,0,0,0,0,0,0,0,0,0,0,0,0,0,0,0,0,0,0,0,0,0,0,0,0,0,0,0,0,3639.974,0
P1_C1_cluster6_U2D571_rep2,U2D571,rep2,0,0,0,0,0,0,0,0,0,0,0,0,0,0,0,0,0,0,0,0,0,0,0,0,0,0,0,0,0,0,0,0,0,0,0,0,0,0,0,0,0,0,0,0,0,0,0,0,0,0,0,0,0,0,0,0,0,0,0,0,0,0,0,0,0,0,0,0,0,0,0,0,0,0,0,0,0,0,0,0,0,0
P1_C1_cluster6_U2D571_rep3,U2D571,rep3,0,0,0,0,0,0,0,0,0,0,0,0,0,0,0,234734.34,0,0,0,0,0,0,0,395003.06,0,0,0,0,3416.337,0,0,0,0,0,2235906.5,0,0,5131.666,0,0,0,0,0,0,0,40971.273,0,0,0,0,27003.299,0,0,0,0,0,0,0,0,90923.67,0,14347.613,0,0,543399.44,23590.84,0,0,0,0,317697.53,39520.11,125847.71,47274.82,3655.379,88467.414,0,0,0,0,0,0
P1_C10_cluster428_A0A316Q414,A0A316Q414,rep1,0,0,0,0,0,0,0,0,0,0,0,0,0,0,0,121485.5,0,0,0,0,0,0,0,163491.28,0,808.3848,0,0,2198.3123,0,0,0,0,0,1162366.6,0,0,0,2730.938,0,0,0,0,0,0,50252.48,0,0,1281.2859,0,14047.359,0,0,0,0,0,0,0,0,54324.11,28574.162,2035.0715,0,0,442142.62,0,0,0,0,0,309471.2,9201.811,100495.9,16292.074,5923.9893,68330.28,0,0,0,0,0,0
P1_C10_cluster428_A0A316Q414_rep2,A0A316Q414,rep2,0,0,0,0,0,0,0,0,0,0,0,0,0,0,0,201984.56,0,0,0,0,0,0,0,345324.62,0,0,2158.985,0,0,0,0,0,0,0,1593482.1,0,0,0,0,0,0,0,0,0,0,44204.723,0,0,0,0,11608.157,0,0,0,0,0,0,0,0,94140.8,0,10685.154,0,0,542478.3,0,0,0,0,0,191720.94,16241.346,132190.22,55604.52,0,101937.05,0,0,0,0,0,0
P1_C10_cluster428_A0A316Q414_rep3,A0A316Q414,rep3,0,0,0,0,0,0,0,0,0,0,0,0,0,0,0,246953.34,0,0,0,0,0,0,0,353843.7,0,0,0,0,0,0,0,0,0,0,1906330.1,0,0,0,0,0,0,0,0,0,0,26388.56,0,0,0,0,9813.744,0,0,0,0,0,0,0,0,74240.36,0,11945.915,0,0,445511.56,8170.289,0,0,0,0,161435.78,3756.786,127143.555,34617.79,0,98031.26,0,0,0,0,1291.276,0
P1_C11_cluster546_A0A395V718,A0A395V718,rep1,0,0,0,0,0,0,0,0,0,279306.84,0,0,0,0,84692.17,265605.34,0,0,0,0,0,0,0,185661.02,3320.5728,69141.2,2293.5286,0,172968.11,4435.193,0,0,3559.4094,852.5534,810758.56,7042.362,0,122946.38,238055.22,0,0,0,6458.0547,912.9285,0,62873.207,0,0,55796.4,0,311569,740.1249,24692.018,0,22418.188,0,43760.734,118412.984,0,61054.727,113325.97,0,0,0,529980.2,0,0,0,0,0,47510.26,337903.1,132853.34,292770.56,82736.11,64008.98,7544.4897,0,0,14933.854,12346.607,0
P1_C11_cluster546_A0A395V718_rep2,A0A395V718,rep2,0,0,0,0,0,0,0,0,0,334361.28,0,0,0,0,201103.6,265771.56,0,0,0,0,0,0,2143.431,342935.97,2447.2412,78857.43,2227.1313,0,211664.7,5976.034,0,0,844.2432,0,1045076,17099.012,0,73987.07,280310.66,0,0,0,6756.201,0,0,59433.53,0,0,11219.355,0,408100.25,537.9685,28627.621,0,29682.977,0,39146.152,110867.2,0,94867.28,105348.64,0,0,0,718318.75,22403.553,0,0,25965.504,0,312173.84,382727,117737.72,267059.1,51172.188,53055.695,5882.8623,0,0,0,8979.564,0
P1_C11_cluster546_A0A395V718_rep3,A0A395V718,rep3,0,0,0,0,0,0,0,0,0,338906.06,0,0,0,0,129588.01,366680.84,0,0,0,0,0,0,0,375170.62,0,75827.33,1082.931,0,191683.11,4709.462,0,0,2494.338,0,1250885.1,7046.795,0,141930.11,270473.38,0,0,0,6019.429,0,0,34282.2,0,0,40057.68,0,375055.44,0,23842.494,0,0,0,18924.78,109289.73,0,84824.195,109496.12,0,0,0,703279.1,0,0,0,0,0,139195.95,345306.38,86023.59,209052.77,83965.625,46968.766,3924.391,0,0,7235.19,3219.322,0
P1_C12_cluster634_A0A173ZD58,A0A173ZD58,rep1,0,0,0,0,0,0,0,0,0,4158.9185,0,0,0,0,0,94638.32,0,0,0,0,0,0,0,183033.92,0,0,0,0,9352.295,0,0,0,0,0,1206537.6,0,0,6701.176,0,0,0,0,0,0,0,55430.176,0,0,7092.544,0,29975.467,1879.9661,548.4804,19042.846,0,0,6458.492,0,0,61320.34,58589.312,0,68843.45,0,444851.88,0,0,0,0,0,295587.5,106906.664,105541.99,46308.305,49231.492,76495.234,0,0,0,3646.9353,2280.769,0
P1_C12_cluster634_A0A173ZD58_rep2,A0A173ZD58,rep2,0,0,0,0,0,0,0,0,0,0,0,0,0,0,0,0,0,0,0,0,0,0,0,0,0,0,0,0,0,0,0,0,0,0,0,0,0,0,0,0,0,0,0,0,0,0,0,0,0,0,0,0,0,0,0,0,0,0,0,0,0,0,0,0,0,0,0,0,0,0,0,0,0,0,0,0,0,0,0,0,0,0
P1_C12_cluster634_A0A173ZD58_rep3,A0A173ZD58,rep3,0,0,0,0,0,0,0,0,0,0,0,0,0,0,0,0,0,0,0,0,0,0,0,0,0,0,0,0,0,0,0,0,0,0,0,0,0,0,0,0,0,0,0,0,0,0,0,0,0,0,0,0,0,0,0,0,0,0,0,0,0,0,0,0,0,0,0,0,0,0,0,0,0,0,0,0,0,0,0,0,0,0
P1_C2_cluster31_A0A8J7U9Z7,A0A8J7U9Z7,rep1,0,0,0,0,0,0,0,0,0,0,0,0,0,0,0,171520.58,0,0,0,0,0,0,0,188517.27,0,0,0,0,0,0,0,0,0,0,1122113.1,0,0,0,0,0,0,0,0,0,0,68364.914,0,0,0,0,8939.793,0,0,0,0,0,0,0,0,61636.56,4004.089,5245.889,0,0,473789.3,0,0,0,0,0,181696.39,0,84269.67,23057.674,0,77161.71,0,0,0,0,0,0
P1_C2_cluster31_A0A8J7U9Z7_rep2,A0A8J7U9Z7,rep2,0,0,0,0,0,0,0,0,0,0,0,0,0,0,0,153972.06,0,0,0,0,0,0,0,300964.03,0,0,0,0,0,0,0,0,0,0,1851113.8,0,0,0,0,0,0,0,0,0,0,44696.277,0,0,0,0,9531.787,0,0,0,0,0,0,0,0,84602.24,0,10207.217,0,0,500908.72,0,0,0,0,0,311846.88,0,70950.94,28211.035,0,61927.61,0,0,0,0,0,0
P1_C2_cluster31_A0A8J7U9Z7_rep3,A0A8J7U9Z7,rep3,0,0,0,0,0,0,0,0,0,0,0,0,0,0,0,197028.08,0,0,0,0,0,0,0,331881.75,0,0,0,0,0,0,0,0,0,0,1791117.5,0,0,0,0,0,0,0,0,0,0,22843.979,0,0,0,0,8078.016,0,0,0,0,0,0,0,0,65400.164,0,17834.605,0,0,502615.53,7464.097,0,0,0,0,294551.78,0,98106,62984.266,7541.922,77026.58,0,0,0,0,6720.368,0
P1_C3_cluster64_A0A174DZA2,A0A174DZA2,rep1,0,0,0,0,0,0,0,0,0,43222.867,0,0,0,0,31893.06,133811.94,0,0,0,0,0,0,1668.6139,171430.22,0,13058.075,5316.593,0,99580.39,2653.1128,0,0,0,0,1162003.1,16805.342,0,34558.125,49672.312,0,0,0,0,0,0,56991.88,0,0,52673.09,0,254148.25,875.7849,4450.683,0,0,0,29681.2,9671.639,0,56081.086,56134.297,0,0,0,534845.3,0,0,0,20273.793,0,41555.91,408079.03,114877.41,88830.016,50333.348,63800.29,1967.7306,0,0,0,0,0
P1_C3_cluster64_A0A174DZA2_rep2,A0A174DZA2,rep2,0,0,0,0,0,0,0,0,0,66278.67,0,0,0,0,111923.03,261984.95,0,0,0,0,0,0,0,333851.44,0,14126.987,6386.859,0,112413.34,2614.788,0,0,0,0,1472935,18963.184,0,48303.848,52763.746,0,0,0,0,0,0,47755.754,0,0,56824.242,0,292294.56,1080.496,4174.129,0,0,0,31534.469,9528.25,0,88045.38,72121.48,8252.245,0,0,696213.06,0,0,0,28485.596,0,325585.3,443481.4,126697.64,106309.26,67854.51,104665.48,0,0,0,0,1353.225,0
P1_C3_cluster64_A0A174DZA2_rep3,A0A174DZA2,rep3,0,0,0,0,0,0,0,0,0,64488.242,0,0,0,0,26263.941,249866.38,0,0,0,0,0,0,0,319178.1,0,12237.927,3297.2773,0,89780.4,1398.071,0,0,0,816.7003,2082067.6,2492.433,0,36183.58,40330.707,0,0,0,0,0,0,31050.248,0,0,36363.582,0,223927.53,0,3378.9985,0,0,0,9155.166,4870.0205,0,74163.984,0,12759.684,0,0,559241.1,0,0,0,21004.184,0,279201.75,361643.2,108036.14,117053.875,38172.305,66719.85,0,0,0,0,1092.1628,0
P1_C4_cluster119_A0A1C5LGL2,A0A1C5LGL2,rep1,0,15809.932,0,0,0,0,16295.313,0,0,254389.8,0,0,0,0,205485.28,497267.9,0,0,0,0,7928.924,0,8480.133,141046.89,5680.88,96972.8,8955.212,0,126278.55,27133.121,0,599.9596,2932.7688,34115.57,1176291.2,37348.445,6207.897,143781.1,340663.94,3605.0195,2957.7876,13919.624,12554.404,0,0,63191.37,0,0,90367.625,2050.8064,235233.52,1296.0868,39871.38,0,54213.773,0,31506.727,96775.84,0,63796.266,25835.984,0,0,0,1117764.5,21462.145,0,0,50143.805,0,29614.01,210668.06,106273.62,313949.5,2845.021,31620.191,5445.749,0,0,0,2544.9868,6897.9834
P1_C4_cluster119_A0A1C5LGL2_rep2,A0A1C5LGL2,rep2,0,7702.996,0,0,0,0,10681.781,0,0,297671.75,0,0,0,0,330260.2,513068.75,0,0,0,0,0,0,8026.9556,282439.25,5167.1265,105628.36,5467.733,0,147555.02,24158.32,0,678.5701,837.8074,18990.98,1521384.8,42221.914,0,144726.3,412166.62,0,0,8996.428,15580.565,0,0,49219.418,0,0,84891.69,2757.096,225195,755.9265,46079.28,0,35627.395,0,22084.125,138094.2,0,81955.26,32085.953,6407.8525,0,0,1242980.5,22176.512,0,0,19426.41,0,96718.13,206667.17,103111.98,434654.94,5818.468,45799.992,18690.64,0,0,0,13783.244,4510.5024
P1_C4_cluster119_A0A1C5LGL2_rep3,A0A1C5LGL2,rep3,0,4799.3096,0,0,0,0,27833.246,0,0,345130.94,0,0,0,0,234031.77,596536.6,0,0,0,0,0,0,8631.379,279453.78,2344.5012,106804.92,8926.473,0,154713.58,23006.506,0,0,0,20548.633,1809747.9,34251.85,0,223792.86,332078.5,670.0905,906.3259,11816.131,8520.002,0,0,33901.246,0,0,42874.402,2608.0222,223002.67,0,40427.53,0,55294.363,0,0,103244.68,0,82300.19,0,8964.307,0,0,1300752.6,0,0,0,30296.158,0,89730.625,211762.88,84841.39,416429.5,2063.554,59533.676,9248.429,11904.9375,0,0,11021.535,3086.343
P1_C5_cluster178_A0A174ZD20,A0A174ZD20,rep1,0,5722.568,0,0,0,0,39400.242,0,0,648879.75,0,0,2834.918,1251.614,214287.81,965308.7,0,0,0,0,14620.248,0,2396.806,187827.39,19037.438,260104.61,10864.895,0,155330.22,9697.496,0,0,4656.14,56585.473,756832.56,61787.75,3353.799,274437.22,243329.47,0,0,6069.668,7527.62,2986.789,0,66163.09,0,0,79565.83,8020.316,157295.7,0,75690.19,0,122711.84,0,230760.66,169962.78,0,62350.33,42952.6,0,2517.072,0,648396.5,50555.33,0,0,0,0,107658.766,649200.7,158034.28,385081.78,102672.75,54850.418,16674.178,20134.256,0,8454.201,3773.328,29683.61
P1_C5_cluster178_A0A174ZD20_rep2,A0A174ZD20,rep2,0,0,0,0,0,0,66806.75,0,5593.1973,627993.6,0,0,3242.2083,0,263012.3,1065649,0,0,0,0,16536.52,0,7187.3926,290965.1,18910.902,285942.7,8350.625,0,166463.2,10055.192,0,0,5615.71,86015.305,1031000.1,90240.69,2573.6982,267945.8,284364.28,0,0,2547.9182,8748.876,2317.5513,0,47426.75,0,0,34329.64,10633.575,208856.92,977.2521,97670.086,0,127872.92,0,250323.39,179387.52,0,76048.31,33427.78,4422.805,0,0,815678.8,90227.19,0,0,0,0,125648.766,726041.44,125854.13,365123.3,102381.945,43594.566,13218.621,30843.76,0,14288.668,16793.658,44016.51
P1_C5_cluster178_A0A174ZD20_rep3,A0A174ZD20,rep3,0,0,0,0,12387.965,0,81317.766,0,0,909811.7,0,0,0,0,245567.38,1208261.9,0,2254.032,0,0,8667.463,0,0,278744.16,18494.607,248123.62,10517.04,0,147356.06,9072.926,0,5293.597,0,180385.97,432510,57120.61,0,318091.4,224789.28,0,0,5024.79,0,0,0,22874.932,0,0,37561.82,8890.113,173227.38,0,79025,0,131268.33,0,230130.84,191763.5,0,87194.59,126396.22,0,0,0,695152.6,28964.871,0,0,0,0,159427.8,556082.56,147088.34,388945.66,121900.06,40860.895,14353.393,17131.814,0,0,5463.953,72128.05
P1_C6_cluster239_A0A414M9L3,A0A414M9L3,rep1,55923.992,15433.785,0,0,0,0,0,128913.414,0,2184298.5,0,0,0,0,742621.5,113268.94,0,0,0,0,0,0,1295.726,307219.7,0,0,0,0,0,0,0,0,33855.938,2265.556,899161.6,0,18451.459,13870.684,3531.609,0,0,0,0,0,0,126050.37,0,1236.499,0,0,69404.64,405612.5,0,118489.64,72433.75,0,330924.97,150238.33,6411.883,52003.207,2303423.8,0,550620.8,52177.113,572084.5,0,38440.19,0,139452.64,70222.64,366382.3,4159481.8,186336.31,73915.86,3288565.5,132104,0,0,211772.98,186561.67,23712.582,0
P1_C6_cluster239_A0A414M9L3_rep2,A0A414M9L3,rep2,46925.414,18076.555,0,0,0,0,0,132278.56,0,2015314.4,0,0,0,0,640638.9,216015.72,0,0,0,0,0,0,1116.843,211031.16,0,0,0,0,0,0,0,0,41591.8,2032.405,1265522,0,24290.918,6667.065,8489.03,0,0,0,0,0,0,81141.445,0,1616.302,0,0,67555.67,484113.94,0,110558.164,19901.186,0,269578.53,209011.33,3449.12,54819.797,3058399.5,3678.302,517435.34,46296.14,516176.66,0,34281.156,0,54343.996,15250.144,316624.94,3992511.2,111603.89,56015.266,2668350.5,129002.74,0,0,199611.64,89122.76,29559.758,0
P1_C6_cluster239_A0A414M9L3_rep3,A0A414M9L3,rep3,51598.953,5778.387,0,0,0,0,0,89923.69,0,1445243.4,0,0,0,0,411989,167694.58,0,0,0,0,0,0,0,243378.3,0,0,0,0,0,0,0,0,23314.742,0,1370531.5,0,26072.4,1845.062,10705.899,0,0,0,0,0,0,28047.477,0,2142.336,0,0,48949.414,272595.03,0,58130.688,12907.121,0,173721.16,158261.64,3129.087,46308.273,2320665,0,419167.47,27723.2,477329.44,0,32303.715,0,51030.156,54138.336,275580,3506476,161774.7,137332.47,3481012.2,124596.27,0,0,153841.4,87445.07,19717.654,0
P1_C7_cluster266_A0A413RDG7,A0A413RDG7,rep1,0,4473.9033,0,0,0,0,0,0,0,131492.88,0,0,0,0,214286.66,353888.2,0,0,0,0,0,0,0,156024.08,1899.745,42739.76,10977.51,0,81140.11,11545.829,0,0,3845.8489,62901.215,1317843.8,31431.809,8844.943,126708.88,198718.34,0,0,713.2559,1646.782,0,0,69405.414,0,0,88391.14,0,375098.62,5814.5005,13526.83,0,107659.44,0,64476.13,21295.518,0,65476.55,1033499.1,0,3551.3997,0,579780.9,0,0,0,84483.67,0,242724.23,1653490.8,66288.05,176670.67,138770.95,30192.145,3348.1118,10128.198,2897.1943,0,10949.221,2798.4775
P1_C7_cluster266_A0A413RDG7_rep2,A0A413RDG7,rep2,0,4727.8887,0,0,0,0,0,0,0,149133.05,0,0,0,0,328382.38,435958.56,0,0,0,0,0,0,7628.966,310864.12,0,47678.41,5910.671,0,0,17116.033,0,0,2418.233,40575.23,1702757.5,33798.594,2905.35,151487.22,205934.23,0,0,0,1410.5249,0,0,53475.277,0,0,63768.03,667.8285,385251.72,6075.6226,15127.593,0,117818.82,0,48471.395,18670.896,0,91378.195,1003417.2,3165.5059,3855.3613,0,728913.9,18957.54,0,0,8161.299,0,273319.4,1600231.6,105120.234,195596.84,72084.16,52159.496,4190.7905,0,0,0,5534.3604,0
P1_C7_cluster266_A0A413RDG7_rep3,A0A413RDG7,rep3,2002.4546,0,0,0,0,0,0,0,0,143597.11,0,0,0,0,155808.38,431777.72,990.1968,0,0,0,0,0,0,336274.72,0,34103.64,5574.336,0,48023.316,10002.516,0,0,681.0681,33729.477,2387101.2,17892.414,0,163541.44,153423.64,0,0,0,0,0,0,28636.4,0,0,34341.516,0,269902.56,2641.9692,10455.955,0,65612.555,0,29267.057,16224.957,0,71273.28,1233542,9000.677,0,0,531590.3,0,0,0,44702.883,0,48682.176,1353937.6,129518.48,195594.69,127718.88,52052.996,0,6806.561,0,1883.7751,6954.651,0
P1_C8_cluster362_A0A6N3FX58,A0A6N3FX58,rep1,15423.758,0,0,0,0,0,0,34783.754,0,799599.06,0,734.2589,0,0,135719.69,158432.48,0,0,0,0,0,0,4137.856,147054.5,0,0,0,0,1963.8086,0,0,0,0,0,1011503.7,0,30187.496,0,9608.903,0,0,0,0,0,0,147192.38,0,1040.7839,0,0,58828.418,154993.3,0,47043.91,45261.547,0,101058.8,111387.375,2075.4946,47396.137,1334262,0,191619.25,13058.588,478858.9,0,25606.486,0,33548.227,0,42460.36,1236684,127637.57,33988.625,735939.3,105130.31,0,0,96624.2,49368.215,14669.814,0
P1_C8_cluster362_A0A6N3FX58_rep2,A0A6N3FX58,rep2,16295.357,0,0,0,0,0,0,37729.7,0,784897.75,0,0,0,0,103336.664,210295.47,0,0,0,0,0,0,1539.899,186872.9,0,0,0,0,2616.791,0,0,0,0,1379.901,1233374,0,0,0,11594.215,0,0,0,0,0,0,114737.83,0,2516.61,0,0,64257.133,176503.08,0,40545.57,49119.465,0,88014.55,131498.28,3486.231,47278.93,1412248.6,0,192417.53,0,435320.7,0,20114.691,0,45377.07,0,294084.34,1232742.6,69007.24,52130.727,318070.3,84873.234,0,0,131215.88,63141.688,4770.15,0
P1_C8_cluster362_A0A6N3FX58_rep3,A0A6N3FX58,rep3,6724.536,0,0,0,0,0,0,32344.27,0,645069.4,0,0,0,0,75533.61,218027.94,0,0,0,0,0,0,1267.1082,238141.19,0,0,0,0,2653.7712,0,0,0,0,0,1745114.4,0,2457.497,0,3960.6997,0,0,0,0,0,0,58523.355,0,770.9103,0,0,50493.28,137645.55,0,17911.611,20152.361,0,70762.85,89403.84,1516.8142,40783.434,1204133,0,178325.02,0,487385.75,0,22596.959,0,22058.996,0,202489.47,1145195.2,142747.3,82253.55,395615.28,132313.86,0,0,113636.37,19979.322,7029.9365,0
P1_C9_cluster392_A0A1C5M2J2,A0A1C5M2J2,rep1,0,166905.12,0,1848.916,80237.055,0,175651.86,0,22623.943,1767401.2,1848.916,0,7819.893,0,719910.56,1571340,0,15369.036,0,21859.518,51775.49,0,4579.168,0,32307.291,413163.88,7963.304,0,220114.9,12090.65,0,17658.156,1036.561,399828.84,65234.92,158436.31,34927,606124.56,130118.21,0,9036.19,33626.312,2062.169,14313.187,0,51473.855,0,0,145098.73,42525.86,186709.42,0,146632.77,0,221012.62,2082.57,176380.66,271399.94,0,42185.484,51121.8,0,5979.43,0,672504.6,83329.33,0,0,0,0,54877,247775.67,163721.58,318459.47,42572.973,33945.164,11200.264,20702.428,0,8005.571,1518.4,134195.62
P1_C9_cluster392_A0A1C5M2J2_rep2,A0A1C5M2J2,rep2,0,0,0,0,0,0,0,0,0,0,0,0,0,0,0,0,0,0,0,0,0,0,0,0,0,0,0,0,0,0,0,0,0,0,0,0,0,0,0,0,0,0,0,0,0,0,0,0,0,0,0,0,0,0,0,0,0,0,0,0,0,0,0,0,0,0,0,0,0,0,0,0,0,0,0,0,0,0,0,0,0,0
P1_C9_cluster392_A0A1C5M2J2_rep3,A0A1C5M2J2,rep3,0,177039.03,0,2880.729,81725.62,16500.55,196870.92,0,7060.72,3320374.5,0,0,0,0,673962.4,1524345.2,0,11538.186,0,47896.195,51719.85,0,5863.041,3109.668,29130.47,390670.56,10409.994,0,201450.81,12604.653,0,10926.782,0,460347.6,80591.62,171945.73,40686.47,592501.7,97889.62,0,9911.425,36409.215,0,6267.296,0,24643.744,0,0,63353.37,53794.535,230641.23,0,164844.2,0,283244.94,2827.105,160265.98,270536.94,2675.175,79145.67,91776.45,0,3741.729,0,754771.9,131170,0,0,0,0,111978.945,189880.62,185957.11,469016.53,44141.03,31043.254,7620.191,11003.798,0,4379.859,1555.569,116318.76
P1_D1_cluster8_A0A1C5S406,A0A1C5S406,rep1,0,0,0,0,0,0,0,0,0,0,0,0,0,0,0,0,0,0,0,0,0,0,0,0,0,0,0,0,0,0,0,0,0,0,0,0,0,0,0,0,0,0,0,0,0,0,0,0,0,0,0,0,0,0,0,0,0,0,0,0,0,0,0,0,0,0,0,0,0,0,0,0,0,0,0,0,0,0,0,0,1007.046,0
P1_D1_cluster8_A0A1C5S406_rep2_20250408112323,A0A1C5S406,rep2,0,0,0,0,0,0,0,0,0,0,0,0,0,0,0,0,0,0,0,0,0,0,0,0,0,0,0,0,0,0,0,0,0,0,0,0,0,0,0,0,0,0,0,0,0,0,0,0,0,0,0,0,0,0,0,0,0,0,0,0,0,0,0,0,0,0,0,0,0,0,0,0,0,0,0,0,0,0,0,0,0,0
P1_D1_cluster8_A0A1C5S406_rep3,A0A1C5S406,rep3,0,0,0,0,0,0,8675.26,0,0,248277.33,0,0,0,0,448892.66,1055847.5,0,0,0,0,0,0,0,284812.38,0,101465.086,1176.0133,0,90222.19,6726.0356,0,0,0,0,1355341.4,21232.47,0,275863.97,137807.42,0,0,0,4047.9766,0,0,47818.01,0,0,216285.83,0,266520.7,664.1344,18332.139,0,46127.715,0,4906.8164,63782.312,0,77628.28,0,0,0,0,863927.1,0,0,0,28992.727,0,75448.586,189333.6,193039.58,457278.12,8794.37,112330.4,4873.5684,7167.1484,0,0,8639.634,33025.703
P1_D10_cluster460_A7VQ44,A7VQ44,rep1,0,1874.22,0,0,0,0,0,10823.669,0,5309812.5,1966.7603,0,0,0,418407.22,134620.31,0,0,0,0,0,0,0,120987.64,0,4058.7354,0,0,244498.72,0,0,0,11296.379,931.2617,763620.8,0,0,0,8235.741,0,0,0,0,0,0,84680.58,0,0,0,0,312986.7,8062.92,0,0,48317.37,0,72564.46,91405.33,0,44995.266,112131.42,0,6628.2944,0,428286.12,0,0,0,0,0,46652.414,253021.52,120470.83,35192.61,171986.72,47004.49,0,0,3556.1284,12022.819,3269.011,0
P1_D10_cluster460_A7VQ44_rep2_20250408110848,A7VQ44,rep2,0,0,0,0,0,0,0,4732.704,0,4630169,2489.456,0,0,0,117269.74,55601.42,0,0,0,0,0,0,0,20004.758,0,3128.188,0,0,86199.47,0,0,0,4005.03,0,174553.83,0,0,0,6077.055,0,0,0,0,0,0,39997.957,0,0,0,0,204654.81,5500.019,0,0,30860.07,0,23062.473,42065.695,0,20966.736,53831.027,0,5878.085,0,239967,0,0,0,0,0,167202.78,139209.78,39351.36,28459.363,56543.367,16605.3,0,0,0,11910.839,3206.851,0
P1_D10_cluster460_A7VQ44_rep3,A7VQ44,rep3,0,1043.931,0,0,0,0,0,8903.276,0,5674765.5,2927.942,10966.015,0,0,275463.78,204248.95,0,0,0,0,0,0,0,254370.08,0,7618.896,0,0,268461.66,0,0,0,5546.817,1466.866,1639884.6,0,0,0,3925.895,0,0,0,0,0,0,42100.15,0,0,0,0,364391.16,9477.421,0,0,27481.543,0,28998.678,74772.86,0,40637.668,164321.66,0,2834.788,0,535700.8,0,0,0,0,0,27411.242,279106.62,89220.83,35290.8,146730.28,38434.098,0,0,0,15803.6,2516.267,0
P1_D11_cluster557_A0A350RPF7,A0A350RPF7,rep1,0,35699.344,0,0,0,0,50481.992,0,11759.561,632794.75,0,0,6612.2,0,449770.38,1208453.4,0,3895.5005,0,2815.3647,28780.719,0,26076.182,80318.69,41318.285,483457.44,27156.197,0,126183.984,22102.418,701.6744,0,4410.7974,161901.08,247370.45,76904.64,36653.582,481962.94,172943.45,1928.5878,0,5480.869,20255.584,13667.3125,0,60880.152,0,0,197588.33,2964.12,167501.2,0,120394.22,0,35340.402,0,271001,454680.5,0,60975.875,196943.27,0,4366.109,0,926394.7,40501.195,0,0,129407.86,0,48404.094,1036331.94,150091.88,570001.2,144885.47,46943.426,30588.61,32675.562,0,14670.235,3534.7026,89712.02
P1_D11_cluster557_A0A350RPF7_rep2,A0A350RPF7,rep2,0,40857.766,0,0,0,0,67900.45,0,14134.902,611420.2,0,0,4181.259,0,542037.75,1213615.9,0,0,0,4073.184,42473.953,0,33634.297,139965.72,55935.387,613067.1,32768.746,0,71111.51,23934.162,0,1392.216,5297.206,229880.88,389619.34,123949.04,69254.65,691860.2,229060.06,1872.554,0,7854.489,27223.191,13552.079,0,56969.97,0,0,170878.22,5578.708,212917.75,988.642,163113.55,0,124366.06,4257.018,339818.38,397767.94,0,90312.12,225050.27,0,0,0,1127082.4,90990.55,0,0,223255.11,0,37842.703,1290765.8,119426.44,489747.34,132896.8,43123.746,26732.078,26299.182,2528.482,8754.939,10716.621,61551.973
P1_D11_cluster557_A0A350RPF7_rep3,A0A350RPF7,rep3,0,42985.594,0,0,0,0,88192.664,0,18303.572,836759.75,0,0,18686.666,0,735950.4,1459364,0,0,0,0,40950.355,0,45650.1,230849.25,71356.305,800876.25,26507.809,0,0,33018.69,0,3339.004,1997.995,277052.28,791437.25,149772.2,86101.83,490646.34,226071.83,0,0,3081.338,20840.01,26242.557,0,58310.81,0,0,217924.39,7200.182,290751.34,1002.408,202447.84,0,165267.94,10117.508,342700,575891,0,123390.43,435942.1,0,13608.584,0,1408685.8,94345.8,0,0,210080.03,0,278562.97,1533898.8,198978.42,713429.5,206243.86,56227.023,42292,45450.266,0,8492.455,8094.342,56245.3
P1_D12_cluster674_H1DEM8,H1DEM8,rep1,0,0,0,0,0,0,0,0,0,0,0,0,0,0,0,0,0,0,0,0,0,0,0,0,0,0,0,0,0,0,0,0,0,0,0,0,0,0,0,0,0,0,0,0,0,0,0,0,0,0,0,0,0,0,0,0,0,0,0,0,0,0,0,0,0,0,0,0,0,0,0,0,0,0,0,0,0,0,0,0,0,0
P1_D12_cluster674_H1DEM8_rep2,H1DEM8,rep2,0,0,0,0,0,0,0,0,0,0,0,0,0,0,0,0,0,0,0,0,0,0,0,0,0,0,0,0,0,0,0,0,0,0,0,0,0,0,0,0,0,0,0,0,0,0,0,0,0,0,0,0,0,0,0,0,0,0,0,0,0,0,0,0,0,0,0,0,0,0,0,0,0,0,0,0,0,0,0,0,0,0
P1_D12_cluster674_H1DEM8_rep3,H1DEM8,rep3,0,0,0,0,0,0,0,2670.975,0,16548.635,0,0,0,0,0,188161.97,0,0,0,0,0,0,0,467923.28,0,0,0,0,4159.576,0,0,0,9382.394,0,2466995.5,0,76685.14,4665.831,3528.453,0,0,0,0,0,0,60352.29,0,0,0,0,57926.26,2990.667,0,29188.967,0,0,0,10961.93,0,68655.805,1672718.5,8227.041,119481.45,0,736551.9,0,5219.309,0,0,0,384006,118406.22,124781.19,71467.58,514879.84,58149.12,0,0,0,0,1786.378,0
P1_D2_cluster36_A0A0B8QU93,A0A0B8QU93,rep1,0,0,0,0,0,0,0,0,0,0,0,0,0,0,0,158951.58,0,0,0,0,0,0,0,206133.52,0,0,1506.889,0,1684.03,0,0,0,0,7358.07,1284064.9,0,0,3403.118,0,0,0,0,0,0,0,76432.68,0,0,0,0,13341.22,0,0,0,0,0,0,0,0,58946.676,15012.486,3102.784,0,0,471763.66,0,0,0,0,0,343266.4,6105.884,112851.164,32563.904,0,74827.98,0,0,0,0,5485.95,0
P1_D2_cluster36_A0A0B8QU93_rep2,A0A0B8QU93,rep2,0,0,0,0,0,0,0,0,0,0,0,0,0,0,0,220538.33,0,0,0,0,0,0,0,287807.75,0,0,2905.877,0,0,0,0,0,0,8351.539,1734569.5,0,0,0,0,0,0,0,0,0,0,52246.77,0,0,0,0,10672.95,0,0,0,0,0,0,0,0,94789.68,0,7930.836,0,0,578841.44,0,0,0,0,0,208064.45,13005.31,62633.14,53624.87,3347.232,63082.277,0,0,0,0,0,0
P1_D2_cluster36_A0A0B8QU93_rep3,A0A0B8QU93,rep3,0,0,0,0,0,0,0,0,0,0,0,0,0,0,0,250253.27,0,0,0,0,0,0,0,344283.56,0,0,0,0,0,0,0,0,0,1802.295,2276106.8,0,0,3286.711,0,0,0,0,0,0,0,30316.71,0,0,0,0,8844.258,0,0,0,0,0,0,0,0,91314.125,0,13273.331,0,0,517816.56,8369.947,0,0,0,0,323371.44,4012.666,28266.775,37459.508,0,55352.29,0,0,0,0,839.494,0
P1_D3_cluster70_A0A1Y3QT37,A0A1Y3QT37,rep1,0,0,0,0,0,0,43498.273,0,0,208131.6,0,0,0,0,215014.22,978970.4,0,0,0,0,0,0,0,118787.91,15068.024,178426.02,8046.802,0,164135.42,4072.5898,0,0,1419.6165,69886.03,872220.4,35316.984,11376.738,320243.6,270523.16,0,0,990.2712,894.1298,977.6178,0,62644.645,0,0,189250.25,1002.3337,222697.64,0,24127.316,0,96452.15,0,73639.44,230393.48,0,50828.414,17183.498,0,2109.0837,0,661767.9,19009.182,0,0,52676.047,0,51439.78,332068.44,167542.53,424499.7,81059.016,44012.516,4443.618,0,0,6549.425,5641.411,66097.086
P1_D3_cluster70_A0A1Y3QT37_rep2,A0A1Y3QT37,rep2,0,0,0,0,0,0,47185.363,0,0,292672.88,0,0,0,0,409883.06,1370236.1,0,0,0,0,0,0,1227.54,229031.03,13353.557,242278.39,3090.847,0,195207.7,6563.225,0,0,2834.521,125509.62,1248313,55791.49,12612.097,293799.66,351244.94,0,0,0,2768.637,0,0,58378.17,0,0,213017.05,1813.769,287390.97,1589.464,31859.314,0,92768.016,0,56530.777,184375,0,85724.65,34250.836,0,0,0,1037392.4,6564.627,0,0,83915.85,0,31542.434,470925.28,75711.81,409546.4,32010.283,46289.555,4836.589,0,0,10330.601,12908.021,70692.66
P1_D3_cluster70_A0A1Y3QT37_rep3,A0A1Y3QT37,rep3,0,4690.389,0,0,0,0,35715.47,0,0,275184.56,0,0,0,0,256201.72,1175995.8,0,0,0,0,0,0,0,222446.55,11370.946,184731.22,7794.543,0,169945.12,1089.7244,0,0,0,87028.15,1085623.1,32969.305,2801.7964,415695.78,260934.88,0,0,0,0,0,0,24972.932,0,0,135137.39,614.1604,235663.4,0,25852.508,0,85693.75,0,52596.156,206337.4,0,72984.89,82009.72,0,0,0,800008.44,6645.3076,0,0,56236.34,0,55129.06,365583.1,161483.19,443907.56,79349.25,38789.02,4309.907,0,0,5429.3457,6394.879,74139.93
P1_D4_cluster129_C0ERS1,C0ERS1,rep1,10310.763,326817.9,6741.51,3290.686,97368.7,281253.6,0,6741.51,165605.67,9518385,0,1545.432,38059.53,0,3249277.2,1464726.1,0,44338.695,41915.582,71957.414,57443.57,7009.37,79973.984,0,44829.57,504815.22,79306.86,0,317277.6,87844.42,0,39123.367,0,498950.5,43978.453,514686.6,121406.875,664329.5,183907.11,1271.589,30275.379,104142.76,56012.008,106801.08,0,62790.297,6630.71,1661.572,118101.67,89858.07,547260.1,0,179061.77,7163.703,367660.44,73394.73,872548.25,642784.25,17091.521,53341.527,1265803.2,0,17037.49,0,749555.8,87550.086,13619.542,0,518233.66,48688.39,84737.945,5170007.5,189225.81,289624.1,655285.44,48690.547,75894.4,162470.34,14506.89,35506.574,1691.017,101433.78
P1_D4_cluster129_C0ERS1_rep2,C0ERS1,rep2,14018.18,363830.7,6828.296,3504.174,117053.1,154056.5,75107.45,6828.296,192055.6,10144050,0,4600.767,38907.71,0,3117822,1459620,0,57531.98,58291.1,57834.46,62425.57,12274.92,101189.7,0,47908.73,578687.8,91640.64,0,296893.8,130933.6,0,52770.62,0,474018.4,147680.6,583804.9,144228.6,782785.2,216277.1,0,32608.69,110869,83445.69,136682.3,0,62448.83,9982.899,855.5294,181575.1,117720.7,746449.6,0,226479.5,7400.923,460925,125536.7,974021.7,753919.2,18962.73,62822.44,1515943,0,22230.49,0,960503.9,132094.6,7855.315,0,384345.8,51302.32,105406.4,5882382,90605.39,252333.4,383895.1,20446.45,65146.48,156510.3,17362.55,0,0,107118.2
P1_D4_cluster129_C0ERS1_rep3,C0ERS1,rep3,12146.935,301070.06,4675.5317,4098.076,102715.14,249886.9,0,4675.5317,168398.81,8851946,0,1058.3392,59272.703,0,2769881.8,1349114.8,0,45246.594,47608.16,52181.86,56416.56,3273.7793,77226.08,0,45871.97,500778.28,74676.79,0,241150.6,93789.27,0,40124.17,0,561320.1,68379,465913.62,108640.72,752104,16641.969,905.5942,29634.307,96916.63,51243.215,119041.59,0,18670.754,6523.8306,853.4872,137975.89,103206.96,601190.7,0,179015.77,6799.233,467899.9,70770.555,794432.94,556342.9,12537.779,46557.934,1223699.8,0,15210,0,778727.06,65815.266,12740.104,0,363244.97,55686.527,41109.46,4936813,158537.11,381922.97,675046.25,35958.07,64545.656,111705.55,14692.025,22181.89,2324.2603,94786.94
P1_D5_cluster183_A0A096B1U0,A0A096B1U0,rep1,0,0,0,0,0,0,0,0,0,0,0,0,0,0,0,142337.3,0,0,0,0,0,0,0,169405.16,0,0,2457.432,0,2711.312,0,0,0,0,0,1213793,0,0,4570.176,0,0,0,0,0,0,0,69041.24,0,0,1848.098,0,13152.899,0,0,0,0,0,0,0,0,73166.21,18307.598,2329.827,0,0,509710.94,0,0,0,0,0,355365.4,10592.694,136318.23,50582.67,0,77870.44,0,0,0,0,9101.038,0
P1_D5_cluster183_A0A096B1U0_rep2,A0A096B1U0,rep2,0,0,0,0,0,0,0,0,0,0,0,0,0,0,0,181465.38,0,0,0,0,0,0,0,293148.53,0,0,0,0,0,0,0,0,0,0,1263657.2,0,0,0,2345.485,0,0,0,0,0,0,51517.375,0,0,0,0,12736.184,0,0,0,0,0,0,0,0,72271.73,0,6619.003,0,0,505635.9,0,0,0,0,0,198869.69,5161.274,88314.73,40093.1,3679.921,45249.816,0,0,0,0,0,0
P1_D5_cluster183_A0A096B1U0_rep3,A0A096B1U0,rep3,0,0,0,0,0,0,0,0,0,0,0,0,0,0,0,237506.17,0,0,0,0,0,0,0,335279.28,0,0,0,0,0,0,0,0,0,1781.428,2139994.5,0,0,4440.711,0,0,0,0,0,0,0,26460.516,0,0,0,0,9465.552,0,0,0,0,0,0,0,0,65428.973,0,11437.493,0,0,543049.7,4257.333,0,0,0,0,316427.4,13391.021,131418.12,31162.625,3796.913,87487.96,0,0,0,0,0,0
P1_D6_cluster245_A0A096DGB7,A0A096DGB7,rep1,0,0,0,0,0,0,0,0,0,190258.03,0,0,0,0,77132.62,116046.7,0,0,0,0,0,0,0,170319.75,0,1359.711,0,0,70480.164,0,0,0,6868.386,0,1130612.9,0,0,13815.434,1860.026,0,0,0,0,0,0,68859.32,0,0,9626.958,0,139328.27,4804.661,0,0,0,0,27772.5,5114.501,0,63330.453,27833.63,3710.92,0,0,564945.8,0,0,0,0,0,200026.27,188546.95,89087.86,16446.832,75709.41,59649.188,0,0,0,0,3392.452,0
P1_D6_cluster245_A0A096DGB7_rep2,A0A096DGB7,rep2,0,0,0,0,0,0,0,0,0,165422.94,0,0,0,0,89354.45,123295.6,0,0,0,0,0,0,0,325485.03,0,0,0,0,58974.914,0,0,0,9573.403,0,1357536.1,0,0,8211.814,0,0,0,0,0,0,0,45300.008,0,0,1037.948,0,113578.46,3685.322,0,0,0,0,14465.469,0,0,80351.35,3995.392,7606.997,0,0,516628.06,0,0,0,0,0,175926.05,144547.66,121994.33,62547.246,58237.992,72610.234,0,0,0,0,2704.846,0
P1_D6_cluster245_A0A096DGB7_rep3,A0A096DGB7,rep3,0,0,0,0,0,0,0,0,0,10997.122,0,0,0,0,2459.51,9768.181,264.0691,0,0,0,0,0,0,6935.3506,0,0,0,0,6599.842,0,0,0,1110.3356,0,81683.34,0,0,607.8062,0,0,0,0,0,913.8396,0,6933.2305,0,0,0,0,18676.885,139.5976,0,0,0,0,465.6779,0,0,3300.3872,1420.9321,0,0,0,74426.36,0,0,0,0,0,24225.875,13239.691,26021.047,1537.9915,9436.039,6888.6875,0,0,0,0,0,718.8106
P1_D7_cluster269_A0A0F0CI09,A0A0F0CI09,rep1,0,0,0,0,0,0,0,0,0,0,0,0,0,0,0,120445.625,0,0,0,0,0,0,0,177218.11,0,0,0,0,1765.658,0,0,0,0,0,1199608.8,0,0,0,0,0,0,0,0,0,0,54759.785,0,0,0,0,8400.742,0,0,0,0,0,0,0,0,51032.68,23278.324,0,0,0,425697.9,0,0,0,0,0,307046.94,3263.556,102286.51,18107.5,5970.542,73784.85,0,0,0,0,4591.524,0
P1_D7_cluster269_A0A0F0CI09_rep2,A0A0F0CI09,rep2,0,0,0,0,0,0,0,0,0,0,0,0,0,0,0,202523.83,0,0,0,0,0,0,0,327154.9,0,0,0,0,0,0,0,0,0,0,1730255,0,0,0,0,0,0,0,0,0,0,49173.18,0,0,0,0,11534.75,0,0,0,0,0,0,0,0,96514.89,0,11609.22,0,0,635760.75,0,0,0,0,0,348707.7,10038.75,80752.6,41900.34,0,63246.57,0,0,0,0,0,0
P1_D7_cluster269_A0A0F0CI09_rep3,A0A0F0CI09,rep3,0,0,0,0,0,0,0,0,0,0,0,0,0,0,0,237405.4,0,0,0,0,0,0,0,370523.97,0,0,0,0,0,0,0,0,0,0,2127856.2,0,0,0,0,0,0,0,0,0,0,27982.488,0,0,0,0,7662.889,0,0,0,0,0,0,0,0,71363.1,0,11964.899,0,0,465591.78,0,0,0,0,0,35766.74,2738.713,98262.09,38151.29,0,58066.266,0,0,0,0,0,0
P1_D8_cluster363_A0A3N2MZX6,A0A3N2MZX6,rep1,0,0,0,0,0,0,0,0,0,0,0,0,0,0,0,147419.5,0,0,0,0,0,0,641.8255,202007.84,0,0,0,0,0,0,0,0,15605.24,0,1327185.9,0,0,3488.4604,1538.0717,0,0,0,0,0,0,57950.46,0,8742.933,1390.4065,0,25109.549,18859.645,0,43119.61,0,0,151520.36,25779.832,25313.451,61272.168,400517.12,5630.421,120823.78,5570.365,419410.84,0,87143.06,47007.516,135165.94,101392.63,314884.2,895343.1,102954.5,28274.068,1382699,70794.43,0,0,10464.975,177009.62,2243.8765,0
P1_D8_cluster363_A0A3N2MZX6_rep2,A0A3N2MZX6,rep2,0,0,0,0,0,0,0,0,0,0,0,0,0,0,0,190181.89,0,0,0,0,0,0,0,302686.6,0,0,0,0,0,0,0,0,10324.441,0,1539671.4,0,0,0,0,0,0,0,0,0,0,51606.613,0,8653.186,1022.929,0,26815.67,18255.855,0,40063.977,0,0,146683.47,20167.107,25778.1,78702.25,441871.97,8666.307,99754.95,0,503750.62,0,76275.75,46181.883,113491.695,88040.89,357009.56,852724.94,151275.89,39308.984,1331376.5,100439.67,0,0,7899.645,142210.36,1331.117,0
P1_D8_cluster363_A0A3N2MZX6_rep3,A0A3N2MZX6,rep3,0,0,0,0,0,0,0,0,0,0,0,0,0,0,0,230559,0,0,0,0,0,0,0,366310.06,0,0,0,0,0,0,0,0,12340.604,2214.39,2439026.2,0,0,4742.233,0,0,0,0,0,0,0,27125.428,0,8554.698,0,0,23539.43,16737.387,0,40214.99,0,0,119032.3,25569.904,20716.254,65668.67,520183.06,17354.95,122747.97,0,516478.62,4010.122,70300.48,43982.215,135419.67,148104.98,302219.94,837048.7,116604.85,30703.352,1227683.4,72209.18,0,0,11695.502,0,1982.84,0
P1_D9_cluster395_A0A1Y3YYW1,A0A1Y3YYW1,rep1,0,0,0,0,0,0,0,0,0,0,0,0,0,0,0,146582.95,0,0,0,0,0,0,688.1863,192680.5,0,0,0,0,1737.0927,0,0,0,0,1255.5496,1317428.4,0,0,0,3718.0444,0,0,0,0,0,0,55360.63,0,0,0,0,8480.216,669.0746,0,0,0,0,0,0,0,54905.254,5367.1436,4949.288,0,0,412480.38,0,0,0,0,0,289295.1,17484.367,100930.65,40654.56,16429.074,50907.633,0,0,0,0,1587.4846,0
P1_D9_cluster395_A0A1Y3YYW1_rep2,A0A1Y3YYW1,rep2,0,0,0,0,0,0,0,0,0,0,0,0,0,0,0,197656.97,0,0,0,0,0,0,0,292136.94,0,0,0,0,718.9048,0,0,0,0,0,1649355.9,0,0,2829.591,2507.9238,0,0,0,0,0,0,48305.926,0,0,0,0,9356.156,641.8389,0,0,0,0,0,0,0,74300.82,0,12491.4375,0,0,501560.34,6184.3643,0,0,0,0,156046.25,18889.69,78309.45,58197.266,9840.84,44547.258,0,0,0,0,818.974,0
P1_D9_cluster395_A0A1Y3YYW1_rep3,A0A1Y3YYW1,rep3,0,0,0,0,0,0,0,0,0,0,0,0,0,0,0,222566.16,0,0,0,0,0,0,0,349175.97,0,0,0,0,0,0,0,0,0,0,2024445.5,0,0,0,0,0,0,0,0,0,0,27042.982,0,0,0,0,7157.903,0,0,0,0,0,0,0,0,73061.336,0,15922.395,0,0,457078.97,6341.623,0,0,0,0,314369,16732.441,50976.766,32641.053,13059.57,42177.562,0,0,0,0,1136.854,0
P1_E1_cluster10_A0A096KTH7,A0A096KTH7,rep1,0,0,0,0,0,0,0,0,0,0,0,0,0,0,0,0,0,0,0,0,0,0,0,0,0,0,0,0,0,0,0,0,0,0,0,0,0,0,0,0,0,0,0,0,0,0,0,0,0,0,0,0,0,0,0,0,0,0,0,0,0,0,0,0,0,0,0,0,0,0,0,0,0,0,0,0,0,0,0,0,0,0
P1_E1_cluster10_A0A096KTH7_rep2,A0A096KTH7,rep2,0,0,0,0,0,0,0,0,0,0,0,0,0,0,0,0,0,0,0,0,0,0,0,0,0,0,0,0,0,0,0,0,0,0,0,0,0,0,0,0,0,0,0,0,0,0,0,0,0,0,0,0,0,0,0,0,0,0,0,0,0,0,0,0,0,0,0,0,0,0,0,0,0,0,0,0,0,0,0,0,0,0
P1_E1_cluster10_A0A096KTH7_rep3,A0A096KTH7,rep3,0,0,0,0,0,0,53209.273,0,0,1283866.4,0,0,0,0,664373.8,1519685.1,0,0,0,0,0,0,0,331395.75,7775.1304,169285.97,0,0,81565.04,0,0,1541.6226,0,5899.0146,235224.17,0,0,380300.6,374226.22,0,0,0,3503.1926,0,0,42036.457,0,0,35170.242,25908.887,141471.92,491.9229,25568.646,0,6372.006,0,136854.92,303905.2,0,92295.195,13251.453,9026.973,0,0,1437897.5,0,0,0,0,0,32375.068,756576.75,91823.875,537780.5,98742.91,53066.758,10561.504,0,3862.8926,6172.8643,11813.73,99902.836
P1_E10_cluster470_A0A1Q6RAM4,A0A1Q6RAM4,rep1,0,0,0,0,0,0,0,0,0,0,0,0,0,0,0,97525.31,0,0,0,0,0,0,0,173617.81,0,0,0,0,0,0,0,0,0,0,1178416.6,0,0,0,1236.357,0,0,0,0,0,0,58173.605,0,0,0,0,11503.454,0,0,0,0,0,0,0,0,44734.62,18384.809,3145.255,0,0,401029.75,0,0,0,0,0,291883.47,4592.615,95988.16,27269.176,0,69743.64,0,0,0,0,2819.977,0
P1_E10_cluster470_A0A1Q6RAM4_rep2,A0A1Q6RAM4,rep2,0,0,0,0,0,0,0,0,0,0,0,0,0,0,0,190596.83,0,0,0,0,0,0,0,336393.66,0,0,0,0,0,0,0,0,0,0,1609108.1,0,0,2680.848,0,0,0,0,0,0,0,48262.156,0,0,0,0,9320.388,0,0,0,0,0,0,0,0,73153.914,0,10974.369,0,0,495463.25,0,0,0,0,0,204961.66,0,72835.1,34385.504,0,64097.508,0,0,0,0,0,0
P1_E10_cluster470_A0A1Q6RAM4_rep3,A0A1Q6RAM4,rep3,0,0,0,0,0,0,0,0,0,0,0,0,0,0,0,213869.64,0,0,0,0,0,0,0,338520.03,0,0,0,0,0,0,0,0,0,0,1648514.1,0,0,0,0,0,0,0,0,0,0,30298.797,0,0,0,0,8793.979,0,0,0,0,0,0,0,0,65568.69,0,12542.687,0,0,457001.88,0,0,0,0,0,314799.34,3218.612,126071.03,39852.094,0,93798.48,0,0,0,0,1610.654,0
P1_E11_cluster560_A0A373HJM3,A0A373HJM3,rep1,0,0,0,0,0,0,0,0,0,63533.754,0,0,0,1019.9428,173011.4,1757894.4,0,0,0,0,0,0,892.4179,116818.83,0,55924.168,2408.4153,0,39214.418,8273.786,0,0,728.4823,14453.208,844529.2,20800.562,0,142474.16,84306.59,0,0,0,1240.6758,0,0,74901.71,0,0,1118.582,0,73338.03,700.7256,30401.97,0,132054.56,0,5440.296,14470.706,0,66451.75,18212.129,0,0,0,542219.4,0,0,0,0,0,33330.707,99719.766,182215.62,186592.38,0,50064.83,6385.6514,0,0,0,3320.8499,134650.19
P1_E11_cluster560_A0A373HJM3_rep2,A0A373HJM3,rep2,0,0,0,0,0,0,0,0,0,0,0,0,0,0,0,0,0,0,0,0,0,0,0,0,0,0,0,0,0,0,0,0,0,0,0,0,0,0,0,0,0,0,0,0,0,0,0,0,0,0,0,0,0,0,0,0,0,0,0,0,0,0,0,0,0,0,0,0,0,0,0,0,0,0,0,0,0,0,0,0,0,0
P1_E11_cluster560_A0A373HJM3_rep3,A0A373HJM3,rep3,0,0,0,0,0,0,0,0,0,89656.32,0,0,0,0,214136.75,2389848,0,0,0,0,0,0,2543.3215,231331.39,1152.8064,80042.22,1331.3032,0,42926.637,6175.1406,0,0,702.8948,18655.734,1113287.4,30286.977,0,169158.81,86586.516,0,0,1446.7571,0,0,0,60060.96,0,0,0,0,86578.9,783.9821,45140.754,0,190064.97,0,0,18506.734,0,86937.5,0,0,0,0,719239.2,0,0,0,0,0,51518.562,134371.72,124613.195,192161.5,5179.2607,50056.74,6502.0273,15780.746,0,0,16760.393,181858.31
P1_E12_cluster726_A0A942AQR8,A0A942AQR8,rep1,45855.773,0,0,0,0,0,0,143880.55,0,969488.75,0,0,0,0,237656.7,106872.3,0,0,1376.829,0,0,0,7571.358,147487.62,0,0,0,0,7126.516,0,0,0,0,2158.863,844402.5,0,67849.484,7182.137,11208.832,0,0,0,0,0,0,106094.56,0,17450.484,0,0,62379.35,138404,0,875342.1,93786.766,0,674634.94,244128.25,25495.186,47819.402,3841629.5,0,3371499.2,332580.34,527054.94,0,240629.92,7095.066,135315.8,173758.17,62057.76,3505896.2,142796.05,96052.12,2811367.8,138550.42,5319.923,21715.852,116725.22,263801.25,29478.73,0
P1_E12_cluster726_A0A942AQR8_rep2,A0A942AQR8,rep2,0,0,0,0,0,0,0,0,0,0,0,0,0,0,0,0,0,0,0,0,0,0,0,0,0,0,0,0,0,0,0,0,0,0,0,0,0,0,0,0,0,0,0,0,0,0,0,0,0,0,0,0,0,0,0,0,0,0,0,0,0,0,0,0,0,0,0,0,0,0,0,0,0,0,0,0,0,0,0,0,0,0
P1_E12_cluster726_A0A942AQR8_rep3,A0A942AQR8,rep3,44654.99,0,0,0,0,0,0,140241.16,0,1083188.4,0,0,0,0,149629.48,230802.31,0,0,0,0,0,0,1630.162,427577.78,0,0,0,0,9867.304,0,0,0,4175.957,0,1900663.4,0,29987.844,21457.803,11483.305,0,0,0,0,0,0,61206.56,0,20675.215,0,0,75093.91,163860.1,0,934104.7,60559.168,0,624192.44,279705.16,31230.219,52069.45,4369013.5,0,3167157.5,308186.22,660126.94,0,254761.06,17346.17,105400.22,301024.38,72167.39,3747289.8,152538.72,123960.1,2664528.5,144932.31,3935.126,0,135277.28,196580.11,39216.406,0
P1_E2_cluster38_A0A1M3L7G3,A0A1M3L7G3,rep1,0,0,0,0,0,0,0,0,0,0,0,0,0,0,0,128239.53,0,0,0,0,0,0,0,193538.53,0,0,3181.34,0,2176.223,0,0,0,0,0,1330006.9,0,0,7339.916,0,0,0,0,0,0,0,76023.14,0,0,0,0,11207.586,581.1458,0,34267.64,0,0,6850.5366,0,0,62382.63,217135.38,0,127003.1,11300.279,499541.8,0,9748.954,0,0,0,338750.2,253054.06,107549.41,36387.83,282538.47,77852.82,0,0,0,29819.441,0,0
P1_E2_cluster38_A0A1M3L7G3_rep2,A0A1M3L7G3,rep2,0,0,0,0,0,0,0,0,0,0,0,0,0,0,0,206353.02,0,0,0,0,0,0,0,300209.06,0,0,3719.389,0,0,0,0,0,0,0,1665787.8,0,0,0,0,0,0,0,0,0,0,50445.285,0,0,0,0,10764.482,2088.512,0,21499.906,0,0,0,0,0,89559.69,181247.39,8840.998,104245.39,8327.451,522345.4,0,7554.277,0,0,0,333065.97,345337.44,70440.98,65878.555,154367.53,52707.746,0,0,0,17662.242,749.6,0
P1_E2_cluster38_A0A1M3L7G3_rep3,A0A1M3L7G3,rep3,0,0,0,0,0,0,0,0,0,0,0,0,0,0,0,224927.33,0,0,0,0,0,0,0,354707.84,0,0,0,0,0,0,0,0,0,0,2048205.1,0,0,0,0,0,0,0,0,0,0,28147.004,0,0,0,0,9851.891,577.1686,0,16608.34,0,0,0,0,0,76528.9,180046.16,10204.418,75948.5,10592.72,441631.75,0,2675.6235,0,0,0,303718.94,242891.05,77308.5,24526.389,221822.19,72866.91,0,0,0,0,1288.8137,0
P1_E3_cluster83_A0A1Q6F0C9,A0A1Q6F0C9,rep1,0,0,0,0,0,0,0,0,0,0,0,0,0,0,0,103486.66,0,0,0,0,0,0,0,192051.88,0,0,0,0,0,0,0,0,0,0,1284278.6,0,0,3203.394,0,0,0,0,0,0,0,82943.52,0,0,0,0,9061.262,0,0,0,0,0,0,0,0,46741.57,21163.781,0,0,0,422223.97,0,0,0,0,0,178361.8,0,98587.51,30295.809,0,65181.54,0,0,0,0,3228.075,0
P1_E3_cluster83_A0A1Q6F0C9_rep2,A0A1Q6F0C9,rep2,0,0,0,0,0,0,0,0,0,0,0,0,0,0,0,226030.55,0,0,0,0,0,0,0,277069.38,0,0,764.2528,0,0,0,0,0,0,0,1837897.8,0,0,3320.9377,8882.149,0,0,0,0,0,0,101992.45,0,0,0,0,16010.597,0,0,0,0,0,0,0,0,81182.4,0,12106.131,0,0,402200.44,23071.016,0,0,0,0,362112.62,0,56543.664,77126.24,0,65609.3,0,0,0,0,0,0
P1_E3_cluster83_A0A1Q6F0C9_rep3,A0A1Q6F0C9,rep3,0,0,0,0,0,0,0,0,0,0,0,0,0,0,0,243327.86,0,0,0,0,0,0,0,380195.38,0,0,0,0,1466.631,0,0,0,0,1353.008,2235412.8,0,0,0,0,0,0,0,0,0,0,45329.2,0,0,0,0,11509.474,0,0,0,0,0,0,0,0,73575.28,0,7457.388,1621.398,0,432896.25,0,0,0,0,0,295484.75,7776.363,71443.12,29049.215,3686.107,60578.285,0,0,0,0,1005.97,0
P1_E4_cluster144_A0A1C5VKY6,A0A1C5VKY6,rep1,0,15370.105,0,0,6073.2583,0,72032.3,0,0,551641.06,0,0,0,0,590294.94,1467753.1,0,6059.912,0,1749.1157,4554.176,0,8934.774,32290.564,23140.656,297684.4,18972.412,0,198050.97,19326.002,0,7077.121,0,384195.9,131119.66,155269.27,5970.7554,509000.78,219280.98,0,902.5413,13376.914,0,6820.76,0,50420.637,0,0,139891.19,9119.292,236571.28,0,48463.254,0,122382.555,0,165022.44,248698.67,0,79550.2,183371.61,0,0,0,772874.6,0,0,0,50213.37,0,53477.34,849144.3,157007.75,192170.55,100527.53,29505.074,5150.872,21545.852,0,6311.8027,0,108073.73
P1_E4_cluster144_A0A1C5VKY6_rep2,A0A1C5VKY6,rep2,0,19788,0,0,0,0,88317.625,0,0,615668.6,0,0,0,0,768786.1,1451551.1,0,2428.8586,1938.4036,0,0,0,0,71799.51,31519.838,357518.56,22172.744,0,231721.83,26885.75,0,7217.619,871.5272,358465.5,263823.3,119524.78,9505.018,703231.9,185136.14,0,4395.7905,16046.25,15187.502,3287.849,0,47069.84,0,0,126705.76,10806.245,320681.12,0,63677.258,0,100067.5,0,153998.94,185371.19,0,89034.51,41174.71,0,0,0,1238347.4,29695.674,0,0,88754.125,0,115138.16,1129712.6,121205.33,480643.88,70416.266,14682.086,20283.219,35844.12,4970.174,0,900.4873,98640.97
P1_E4_cluster144_A0A1C5VKY6_rep3,A0A1C5VKY6,rep3,0,9971.562,0,0,18344.736,0,102115.16,0,0,621266.44,0,0,0,0,585117.2,1492743.8,0,3257.822,1464.679,3747.365,0,0,3258.617,64210.586,11735.112,297498.97,17207.064,0,199536.25,15656.552,0,6071.684,0,410948.03,266978.28,152411.98,2763.533,496673.47,184324.78,0,2353.816,13710.367,0,4338.886,0,31033.957,0,0,30311.055,7423.398,251399.08,0,54360.156,0,252108,0,145255.28,289906.44,0,84953.78,308008.97,0,4773.433,0,817930.1,4264.729,0,0,0,0,113505.66,849095.25,114030.51,388216.3,82957.56,26891.637,7380.57,8546.16,0,0,1853.717,112443.2
P1_E5_cluster184_A0A1D2WV04,A0A1D2WV04,rep1,0,0,0,0,0,0,0,0,0,0,0,0,0,0,0,148503.83,0,0,0,0,0,0,0,204196.25,0,0,0,0,567.5222,0,0,0,0,0,1083869.6,0,0,0,0,0,0,0,0,0,0,143223.89,0,0,0,0,11780.747,0,0,0,0,0,0,0,0,60520.344,26345.947,0,0,0,423657.22,0,0,0,0,0,292652.5,3528.7788,103283.65,30727.316,0,65425.79,0,0,0,0,9322.842,0
P1_E5_cluster184_A0A1D2WV04_rep2,A0A1D2WV04,rep2,0,0,0,0,0,0,0,0,0,0,0,0,0,0,0,242006.2,0,0,0,0,0,0,0,325594.34,0,0,0,0,0,0,0,0,0,0,1838614.4,0,0,5148.031,0,0,0,0,0,0,0,103949.73,0,0,0,0,12317.315,0,0,0,0,0,0,0,0,87562.95,0,13439.411,0,0,480965.9,0,0,0,0,0,328898.7,0,112425.34,52015.87,0,45607.26,0,0,0,0,978.5864,0
P1_E5_cluster184_A0A1D2WV04_rep3,A0A1D2WV04,rep3,0,0,0,0,0,0,0,0,0,0,0,0,0,0,0,2398.4678,0,0,0,0,0,0,48.87809,5145.338,0,0,0,0,0,0,0,0,0,0,24177.916,0,0,0,0,0,0,0,0,0,0,1205.3575,0,0,0,0,496.18066,0,0,0,0,0,0,0,0,1735.96,503.74,1682.8926,0,274.42114,53393.383,0,0,0,0,0,20315.125,0,18907.562,0,0,1919.261,0,0,0,0,0,7168.793
P1_E6_cluster247_A0A3E4KT54,A0A3E4KT54,rep1,0,0,0,0,0,0,0,0,0,0,0,0,0,0,0,146703.28,0,0,0,0,0,0,769.3259,219480.6,0,0,0,0,0,0,0,0,5951.837,971.0675,1356118.6,0,0,0,0,0,0,0,0,0,0,86494.05,0,0,0,0,16537.232,9438.618,0,4532.647,0,0,0,13445.556,0,57938.668,65202.156,0,63180.54,8754.209,490372.5,0,0,0,0,0,55737.72,71119.414,147654.67,32632.414,176470.55,85691.66,0,0,0,0,16871.807,0
P1_E6_cluster247_A0A3E4KT54_rep2,A0A3E4KT54,rep2,0,0,0,0,0,0,0,0,0,0,0,0,0,0,3506.4268,232289.67,0,0,0,0,0,0,0,310672.94,0,0,0,0,0,0,0,0,5627.22,3012.257,1760244.5,0,0,0,2597.9473,0,0,0,0,0,0,55397.934,0,0,0,0,14915.601,11277.368,0,6070.98,0,0,0,11531.56,0,104054.26,54937.74,15590.563,58684.406,0,585751.25,0,0,0,0,0,352523.97,78625.484,70923.6,58397.906,155854.86,57619.293,0,0,0,14234.82,974.5841,0
P1_E6_cluster247_A0A3E4KT54_rep3,A0A3E4KT54,rep3,0,0,0,0,0,0,0,0,0,0,0,0,0,0,0,207856.34,0,0,0,0,0,0,0,405591.47,0,0,0,0,0,0,0,0,1638.0123,867.5048,1969325.2,0,0,14646.155,0,0,0,0,0,0,0,26200.71,0,0,0,0,12773.673,7835.2896,0,3551.4648,0,0,0,13338.246,0,76780.79,107204.02,12356.959,47841.027,8337.482,526758.06,0,0,0,0,0,118898.4,71003.49,127782.88,23263.63,216513.48,69903.01,0,0,0,16942.52,0,0
P1_E7_cluster272_A0A1E3ADP5,A0A1E3ADP5,rep1,0,0,0,0,0,0,0,0,0,0,0,0,0,0,0,141307.53,0,0,0,0,0,0,0,191990.6,0,0,0,0,0,0,0,0,0,0,1176045.1,0,0,3364.705,0,0,0,0,0,0,0,52817.22,0,0,0,0,7228.479,0,0,0,0,0,0,0,0,54751.484,22335.72,0,0,0,410638.84,0,0,0,0,0,170301.81,0,96266.67,21870.979,0,76505.89,0,0,0,0,0,0
P1_E7_cluster272_A0A1E3ADP5_rep2,A0A1E3ADP5,rep2,0,0,0,0,0,0,0,0,0,0,0,0,0,0,0,175068.98,0,0,0,0,0,0,0,293844.34,0,0,1810.544,0,0,0,0,0,0,0,1405214.2,0,0,0,0,0,0,0,0,0,0,40677.98,0,0,0,0,9072.003,0,0,0,0,0,0,0,0,78770.39,0,8600.572,0,0,505136.47,0,0,0,0,0,346811.66,4292.729,108249.836,39177.65,5805.396,61782.098,0,0,0,0,1002.557,0
P1_E7_cluster272_A0A1E3ADP5_rep3,A0A1E3ADP5,rep3,0,0,0,0,0,0,0,0,0,0,0,0,0,0,0,229722.73,0,0,0,0,0,0,0,353959.5,0,0,0,0,0,0,0,0,0,0,2368168.8,0,0,4383.9106,0,0,0,0,0,0,0,23988.062,0,0,0,0,7664.6963,0,0,0,0,0,0,0,0,64470.645,0,16158.499,0,0,521684.75,0,0,0,0,0,313097.62,5278.038,130858.96,22703.207,5107.92,90831,0,0,0,0,697.8065,0
P1_E8_cluster365_R7PBA0,R7PBA0,rep1,9037.368,0,0,0,0,0,0,11038.309,0,36366.93,0,0,0,0,11549.098,122758.625,0,0,0,0,0,0,1498.313,234876.89,0,0,0,0,0,0,0,0,1086.078,0,885738.6,0,15124.157,20761.666,0,0,0,0,0,0,0,117366.06,0,0,0,0,23681.508,12758.282,0,18782.232,45732.844,0,0,24689.848,0,40569.348,464922.8,0,130491.48,10909.209,413012.25,0,3697.348,0,0,0,179416.66,322997.53,89299.18,36293.043,426542.62,36704.117,0,0,7953.805,0,3497.321,0
P1_E8_cluster365_R7PBA0_rep2,R7PBA0,rep2,2193.592,0,0,0,0,0,0,10106.29,0,38300.086,0,0,0,0,0,163327.22,0,0,0,0,0,0,0,306995.06,0,0,0,0,0,0,0,0,3113.648,4099.294,1285987,0,3534.854,20160.174,0,0,0,0,0,0,0,112046.555,0,0,0,0,25080.914,15075.97,0,15050.957,41411.676,0,2851.966,34150.5,0,45510.516,468167.62,0,143177,5646.43,486406.94,0,2340.576,0,0,0,142061.69,437296.03,141983.52,20752.557,189700.11,60410.45,0,0,5396.798,29387.465,5204.079,0
P1_E8_cluster365_R7PBA0_rep3,R7PBA0,rep3,7508.916,0,0,0,0,0,0,5844.613,0,33425.42,0,0,0,0,0,233228.03,0,0,0,0,0,0,0,350950.8,0,0,0,0,0,0,0,0,0,1363.325,1634056.5,0,16841.383,12332.052,0,0,0,0,0,0,0,60249.258,0,0,0,0,21699.42,11986.108,0,9672.797,15190.625,0,0,22766.383,0,42334.516,442665.97,0,126276.53,3794.356,421947.06,0,2692.878,0,0,0,172093.53,384222.34,90187.984,25842.412,205987.72,40618.637,0,0,3248.279,14870.408,2214.191,0
P1_E9_cluster398_A0A1C5MIH1,A0A1C5MIH1,rep1,0,2434.795,0,0,0,0,0,0,0,157726.14,0,0,0,0,235932.39,191015.98,5898.135,0,0,0,0,0,2000.88,219710.5,0,17981.328,2177.995,0,280483.25,2254.534,0,0,8369.817,0,1401490,6940.786,0,68583.625,67016.54,0,0,0,2722.359,0,0,57765.203,0,0,89426.77,0,890419.8,5470.797,8594.81,0,7215.456,0,223136.08,76056.6,0,42465.83,383804.62,0,2434.951,0,440030.1,8669.908,0,0,115405.7,0,127412.516,2171200.8,116349.66,107386.7,507392.7,60387.688,0,0,0,5725.032,2096.96,0
P1_E9_cluster398_A0A1C5MIH1_rep2,A0A1C5MIH1,rep2,0,0,0,0,0,0,0,0,0,265049.1,0,0,0,0,681929.3,267436.4,2786.402,0,0,0,0,0,0,319465.47,0,16975.084,21845.842,0,381400.66,2972.312,0,0,2521.885,0,1792992.5,8847.599,0,110650.3,99295.33,0,0,0,1427.165,0,0,62494.12,0,0,113389.92,0,1195326,9652.534,11040.59,0,0,0,258776.84,67754.23,0,92233.27,451533.38,4071.693,0,0,712646.2,31794.46,0,0,146202.75,0,304834.84,2941150.5,91600.93,119447.43,760921.3,60519.52,0,10439.986,10300.197,0,7138.511,0
P1_E9_cluster398_A0A1C5MIH1_rep3,A0A1C5MIH1,rep3,0,0,0,0,0,0,0,0,0,182238,0,0,0,0,255430.02,263092.22,7653.44,0,0,0,0,0,0,325586.6,0,10875.177,1108.923,0,289883.75,1476.681,0,0,4759.115,1411.814,1890435.1,0,0,95336.59,62233.11,0,0,0,0,0,0,30439.273,0,0,50764.27,0,839439,5308.754,7534.587,0,0,0,153180.1,58092.09,0,72560.04,515316.78,5300.904,0,0,510003.22,8082.905,0,0,169063.52,0,124498.5,2138344.5,54964.7,100994.81,529719.9,48091.062,0,9930.479,2936.047,5182.456,792.653,0
P1_F1_cluster11_A0A174CW35,A0A174CW35,rep1,0,0,0,0,0,0,0,0,0,0,0,0,0,0,0,0,0,0,0,0,0,0,0,0,0,0,0,0,0,0,0,0,0,0,0,0,0,0,0,0,0,0,0,0,0,0,0,0,0,0,0,0,0,0,0,0,0,0,0,0,0,0,0,0,0,0,0,0,0,0,0,0,0,0,0,0,0,0,0,0,4310.076,0
P1_F1_cluster11_A0A174CW35_rep2,A0A174CW35,rep2,0,0,0,0,0,0,0,0,0,0,0,0,0,0,0,0,0,0,0,0,0,0,0,0,0,0,0,0,0,0,0,0,0,0,0,0,0,0,0,0,0,0,0,0,0,0,0,0,0,0,0,0,0,0,0,0,0,0,0,0,0,0,0,0,0,0,0,0,0,0,0,0,0,0,0,0,0,0,0,0,0,0
P1_F1_cluster11_A0A174CW35_rep3,A0A174CW35,rep3,0,0,0,0,0,0,0,0,0,0,0,0,0,0,0,3534.4543,0,0,0,0,0,0,0,5890.381,0,0,0,0,0,0,0,0,0,0,21328.77,0,0,0,0,0,0,0,0,0,0,347.1223,0,0,0,0,227.0727,0,0,0,0,0,0,0,0,1951.9294,1049.5928,1219.7131,0,0,58769.85,0,0,0,0,0,20415.91,0,20625.643,0,0,2581.922,0,0,0,0,0,9971.796
P1_F10_cluster518_B0MC37,B0MC37,rep1,0,0,0,0,0,0,0,0,0,14347.64,0,0,0,0,0,144113.38,0,0,0,0,0,0,0,204667.9,0,0,0,0,2311.3489,0,0,0,0,0,1436743.2,0,0,0,0,0,0,0,0,0,0,59337.566,0,0,0,0,11688.939,0,0,0,0,0,0,0,0,61507.395,10841.48,3395.6523,0,0,488103.44,0,0,0,0,0,316877.6,0,104459.375,25603.59,0,65186.094,0,0,0,0,689.2549,0
P1_F10_cluster518_B0MC37_rep2,B0MC37,rep2,0,0,0,0,0,0,0,0,0,17026.863,0,0,0,0,0,180588.16,0,0,0,0,0,0,0,317118.6,0,0,0,0,0,0,0,0,0,5371.986,1744570.9,0,0,0,0,0,0,0,0,0,0,43477.08,0,0,0,0,10785.277,0,0,0,0,0,0,0,0,85593.25,0,6075.683,0,0,561991.44,0,0,0,0,0,358877.75,4721.095,39461.75,49753.758,0,56155.543,0,0,0,0,0,0
P1_F10_cluster518_B0MC37_rep3,B0MC37,rep3,0,0,0,0,0,0,0,0,0,9846.417,0,0,0,0,0,225990.38,0,0,0,0,0,0,0,396085.34,0,0,0,0,0,0,0,0,0,0,2090889.5,0,0,0,3037.409,0,0,0,0,0,0,45866.95,0,0,0,0,13564.466,0,0,0,0,0,0,0,0,109278.16,0,14829.851,0,0,704379.25,12648.863,0,0,0,0,405708.53,6825.342,63321.164,42342.332,2292.352,96031.71,0,0,0,0,0,0
P1_F11_cluster564_A0A1Q6JXM9,A0A1Q6JXM9,rep1,0,36369.79,0,0,34915.094,0,170722.23,22584.26,30635.496,994983.6,0,0,15817.577,0,328686.03,1185607.4,0,17974.596,4635.6816,23734.121,57759.906,1824.5638,72088.53,125409.94,52221.06,577747,37188.473,2680.8635,219879.4,58927.977,1969.8903,49988.582,17403.37,290735.7,269637.1,128746.375,43111.996,1037224.7,323091.44,17448.906,11040.595,34976.637,47820.004,56467.164,0,56891.344,0,1003.6659,371357.56,38386.816,430131.28,0,209939.31,583.2002,174863.1,37929.242,267935.44,408139.4,7369.6104,62864.156,358308.84,0,9193.491,0,1566575.2,169554.45,0,0,41996.46,19652.531,88991.55,953053.75,222446.55,869246.25,160831.53,38940.812,80458.3,199653.44,0,16119.869,4577.9883,90867.4
P1_F11_cluster564_A0A1Q6JXM9_rep2,A0A1Q6JXM9,rep2,0,0,0,0,0,0,0,0,0,0,0,0,0,0,0,0,0,0,0,0,0,0,0,0,0,0,0,0,0,0,0,0,0,0,0,0,0,0,0,0,0,0,0,0,0,0,0,0,0,0,0,0,0,0,0,0,0,0,0,0,0,0,0,0,0,0,0,0,0,0,0,0,0,0,0,0,0,0,0,0,0,0
P1_F11_cluster564_A0A1Q6JXM9_rep3,A0A1Q6JXM9,rep3,0,0,0,0,0,0,0,0,0,0,0,0,0,0,0,0,0,0,0,0,0,0,0,0,0,0,0,0,0,0,0,0,0,0,0,0,0,0,0,0,0,0,0,0,0,0,0,0,0,0,0,0,0,0,0,0,0,0,0,0,0,0,0,0,0,0,0,0,0,0,0,0,0,0,0,0,0,0,0,0,0,0
P1_F12_cluster791_A0A3E2XR62,A0A3E2XR62,rep1,0,44452.188,0,0,0,0,50824.15,0,0,303954.16,0,0,0,0,730752.2,889346.4,0,0,0,0,4943.511,0,3967.0864,177646.75,6883.849,117736.914,13080.397,0,219766.22,11286.744,815.4207,686.4493,5468.4707,49289.297,1296119.4,50852.336,28347.42,342102.53,220861.94,0,0,2603.9536,16915.455,5770.027,0,76835.35,0,0,238158.84,5969.3926,716882.06,2507.9343,44262.77,0,98660.92,0,27991.363,341365.12,0,84010.21,37026.938,0,3103.5146,0,1600127.6,0,0,0,42028.6,0,66320.055,684425.44,193012.33,859757.3,74180.125,54686.773,18556.984,46645.03,5735.497,12552.884,8430.089,6890.5146
P1_F12_cluster791_A0A3E2XR62_rep2,A0A3E2XR62,rep2,0,0,0,0,0,0,0,0,0,0,0,0,0,0,0,0,0,0,0,0,0,0,0,0,0,0,0,0,0,0,0,0,0,0,0,0,0,0,0,0,0,0,0,0,0,0,0,0,0,0,0,0,0,0,0,0,0,0,0,0,0,0,0,0,0,0,0,0,0,0,0,0,0,0,0,0,0,0,0,0,0,0
P1_F12_cluster791_A0A3E2XR62_rep3,A0A3E2XR62,rep3,0,0,0,0,0,0,0,0,0,0,0,0,0,0,0,0,0,0,0,0,0,0,0,0,0,0,0,0,0,0,0,0,0,0,0,0,0,0,0,0,0,0,0,0,0,0,0,0,0,0,0,0,0,0,0,0,0,0,0,0,0,0,0,0,0,0,0,0,0,0,0,0,0,0,0,0,0,0,0,0,1315.607,0
P1_F2_cluster40_A0A0M6WSM3,A0A0M6WSM3,rep1,0,44732.57,0,0,0,0,42708.934,0,0,570215.56,0,0,0,0,953333.3,2116519.8,0,0,0,0,3096.0186,0,6232.192,19345.15,11865.912,180877.1,17436.865,0,256768.27,13822.649,0,2254.8867,4591.87,247192.44,99994.41,106168.77,15520.018,237923.66,184198.42,0,0,6661.5317,0,1476.9509,0,85306.445,0,0,11670.596,8799.878,412340.16,897.8932,44720.062,0,269541.03,2976.6035,169806.78,231673.95,0,70280.75,245126.05,0,2842.1196,0,720528.8,41403.14,0,0,65302.266,0,132661.1,563598.75,164900.08,219282.83,34782.586,41210.734,7290.9854,10662.66,0,6548.824,3207.8772,168041.31
P1_F2_cluster40_A0A0M6WSM3_rep2,A0A0M6WSM3,rep2,0,0,0,0,0,0,0,0,0,0,0,0,0,0,0,0,0,0,0,0,0,0,0,0,0,0,0,0,0,0,0,0,0,0,0,0,0,0,0,0,0,0,0,0,0,0,0,0,0,0,0,0,0,0,0,0,0,0,0,0,0,0,0,0,0,0,0,0,0,0,0,0,0,0,0,0,0,0,0,0,0,0
P1_F2_cluster40_A0A0M6WSM3_rep3,A0A0M6WSM3,rep3,0,42050.457,0,0,0,0,34986.27,0,0,688915.4,0,0,0,0,678856.94,1587974.8,0,0,0,0,0,0,0,11401.771,13824.809,148704.84,12840.103,0,251115.48,10045.955,0,3284.335,0,342177.88,102931.54,68632.3,3593.121,299359.7,155676.84,0,0,5613.476,0,0,0,27290.436,0,0,11987.912,5297.646,313355.5,0,41685.008,0,279234.62,0,103163.71,187786.92,0,92615.984,314344.72,0,0,0,668324.56,25176.74,0,0,51851.734,5838.324,37032.273,520768.7,107173.65,347372.47,1946.666,26176.05,11784.07,0,0,5642.908,6035.367,117913.41
P1_F3_cluster86_A0A1C5V0T2,A0A1C5V0T2,rep1,0,0,0,0,0,0,0,0,0,37985.32,0,0,0,0,47234.69,207630.7,0,0,0,0,0,0,0,219093.11,0,28152.44,4040.4456,0,92949.92,5468.9126,0,0,805.8477,0,1153949.8,7216.6455,0,75232.91,131550.17,0,0,0,3837.8535,0,0,72705.46,0,0,170325.22,1276.4313,351978.44,0,5715.073,0,0,0,7061.2725,81171.234,0,58027.938,14496.6875,2236.807,0,0,1043022.9,0,0,0,24588.64,0,145263.72,124758.01,107916.24,394303.97,65217.875,77002.04,3197.37,0,0,0,2339.746,0
P1_F3_cluster86_A0A1C5V0T2_rep2,A0A1C5V0T2,rep2,0,0,0,0,0,0,0,0,0,47005.86,0,0,0,0,106942.16,235128.5,0,0,0,0,0,0,0,306974.84,915.7864,42682.55,10966.614,0,117921.39,7252.3496,0,0,0,0,1540778.2,18334.344,0,115048.36,191685.48,0,0,668.6693,2719.0518,0,0,45059.926,0,0,236522.14,2764.552,416817.3,448.8955,8749.752,0,0,0,4972.324,49648.113,0,95094.84,20322.451,6040.7505,0,6192.647,1376345.6,0,0,0,63423.543,0,161265.4,291144.12,154894.34,378052,84573.07,37680.797,5540.4976,12692.334,0,0,7129.0654,0
P1_F3_cluster86_A0A1C5V0T2_rep3,A0A1C5V0T2,rep3,0,0,0,0,0,0,0,0,0,36577.016,0,0,0,0,34656.914,293049.2,0,0,0,0,0,0,723.1593,350896.94,0,30347.303,2026.4587,0,88514.695,2584.354,0,0,0,0,2143265,6495.093,0,100588.5,131280.47,0,0,0,2404.3406,0,0,34901.438,0,0,157740.69,0,301045.84,0,4459.5664,0,0,0,0,77453.07,0,74680.59,17918.209,6885.465,0,0,946764.9,0,0,0,30108.275,0,27439.746,99999.06,69006.055,309349.7,24100.43,49147.23,4339.4824,9594.379,0,0,5780.2124,0
P1_F4_cluster145_A0A358VEZ8,A0A358VEZ8,rep1,0,0,0,0,0,0,11301.145,0,0,117393.15,0,0,0,0,59014.383,257196.27,0,0,0,0,0,0,6166.6035,179560.31,3150.5645,51781.867,2860.8718,0,95628.82,7807.121,0,0,830.097,0,1152012.4,16138.628,0,105867.72,166258.39,0,0,424.8961,13472.301,3791.37,0,67267.25,0,0,150966.03,1341.2533,239613.86,0,26559.18,0,29868.457,0,17454.877,105662.75,0,58994.08,58805.082,2520.1646,1355.4846,0,791640.3,18020.246,0,0,24172.508,0,45088.38,221827.08,129401.055,255872.22,49216.906,59846.688,13026.181,0,0,0,8497.818,0
P1_F4_cluster145_A0A358VEZ8_rep2,A0A358VEZ8,rep2,0,0,0,0,0,0,0,0,0,121707.45,0,0,0,0,138527.5,334649.44,0,0,0,0,0,0,2379.377,284998.84,0,61061.188,8991.67,0,95147.02,10101.667,0,0,0,0,1334021.8,13534.92,0,123471.016,169027.84,0,0,0,13687.895,0,0,51252.402,0,0,78831.11,0,248147.28,1084.347,29164.012,0,0,0,4765.552,78204.94,0,102533.12,80813.05,4941.667,0,0,845107.8,0,0,0,23159.184,0,305413.66,182789.88,54974.223,235224.22,24703.424,60430.77,10667.084,8214.348,0,2695.778,8518.182,0
P1_F4_cluster145_A0A358VEZ8_rep3,A0A358VEZ8,rep3,0,0,0,0,0,0,7633.73,0,0,105602.68,0,0,0,0,65434.61,349405.38,0,0,0,0,0,0,621.792,318763.6,0,39389.38,2413.925,0,76798.02,5816.541,0,0,2494.657,1297.846,2093511.6,4931.09,0,162880.38,157626.58,0,0,0,4187.059,0,0,30487.725,0,0,112875.41,0,198083.56,1591.151,18256.668,0,0,0,0,60107.844,0,72464.164,14896.039,5283.891,0,0,769530.1,0,0,0,0,0,129232.766,193476.39,87141.61,187519.31,22299.344,52021.73,7844.594,0,0,0,2616.856,0
P1_F5_cluster200_A0A1Y3VSR9,A0A1Y3VSR9,rep1,0,0,0,0,0,0,0,0,0,0,0,0,0,0,0,138249.89,0,0,0,0,0,0,0,214024.83,0,0,0,0,1360.873,0,0,0,1017.47,0,1595280.5,0,0,0,0,0,0,0,0,0,0,59671.78,0,0,0,0,10739.647,1472.719,0,7972.097,0,0,0,0,0,60550.195,23056.777,3165.258,41864.234,6257.354,456001.1,5513.386,0,0,0,0,176345.48,26700.24,121807.336,25594.404,41106.39,64308.004,0,0,0,4094.959,0,0
P1_F5_cluster200_A0A1Y3VSR9_rep2,A0A1Y3VSR9,rep2,0,0,0,0,0,0,0,0,0,0,0,0,0,0,0,156054.16,0,0,0,0,0,0,0,356173.44,0,0,0,0,0,0,0,0,0,0,1619807,0,0,0,0,0,0,0,0,0,0,55084,0,0,0,0,11927.594,2864.3608,0,4251.8154,0,0,0,0,0,101873.55,50081.793,13554.096,37400.996,0,403917,14063.752,2289.401,0,0,0,293280.38,25983.281,63576.72,51582.625,32902.54,50473.133,0,0,0,4469.8613,651.6752,0
P1_F5_cluster200_A0A1Y3VSR9_rep3,A0A1Y3VSR9,rep3,0,0,0,0,0,0,0,0,0,0,0,0,0,0,0,251639.89,0,0,0,0,0,0,0,304548.53,0,0,0,0,0,0,0,0,939.2942,2776.9302,1699401,0,0,0,0,0,0,0,0,0,0,29474.352,0,0,0,0,4167.5312,1395.1808,0,4699.097,0,0,0,0,0,79782.72,0,9722.127,38520.836,3691.3306,511283.56,5229.9404,0,0,0,0,47690.543,29963.57,117015.68,35906.996,47042.09,87871.06,0,0,0,4610.0493,1106.9263,0
P1_F6_cluster255_A0A3R6IUG4,A0A3R6IUG4,rep1,0,0,0,0,0,0,16377.594,0,0,238035.56,0,0,0,0,207688.19,594208.4,0,0,0,0,0,0,0,180088.5,6656.4414,114535.805,7942.9224,0,204484.25,4402.924,0,0,2709.1575,32072.418,1229134.6,38771.707,0,177933.23,299787.28,0,0,0,4439.4814,0,0,77975.21,0,0,137937.38,1709.8074,346492.5,888.4658,30091.588,0,73530.555,0,73334.86,71833.54,0,79975.41,21231.521,0,0,0,1089295.1,0,0,0,28353.145,0,68541.21,439527.8,231042.62,413137.06,78407.266,81731.46,7509.212,0,0,11627.316,5148.662,8052.6353
P1_F6_cluster255_A0A3R6IUG4_rep2,A0A3R6IUG4,rep2,0,0,0,0,0,0,13603.959,0,0,293067.47,0,0,0,0,346361,624137.75,0,0,0,0,0,0,0,310806.44,3236.5286,131314.56,10790.395,0,230884.4,6920.89,0,0,0,42546.246,1658444.8,44677.383,0,192272.53,352885.25,0,0,0,6384.022,0,0,62174.094,0,0,112042.03,749.7991,360090.7,625.0155,35496.668,0,26563.492,0,48069.562,70205.83,0,98085.695,70767.92,3417.046,0,0,1214631,0,0,0,15831.19,0,42166.73,504383.78,113960.65,327517.6,24217.64,49735.535,4872.382,0,0,6241.3623,14209.891,5926.4756
P1_F6_cluster255_A0A3R6IUG4_rep3,A0A3R6IUG4,rep3,0,0,0,0,0,0,25823.623,0,0,230694.28,0,0,0,0,167141.86,622429.4,0,0,0,0,0,0,792.4983,377459.16,1129.169,95419.26,3664.489,0,174683.66,5548.502,0,0,850.3961,47817.203,2065214.2,30988.12,0,265442.03,290636.06,0,0,0,0,0,0,32586.742,0,0,99375.63,1552.1486,268167.16,1147.1223,26647.365,0,57259.19,0,25880.477,94624.8,0,81964.3,64595.246,0,0,0,951014.06,0,0,0,0,0,56848.39,398136.56,134533.94,356133.12,71411.125,56610.18,2840.3804,0,0,2916.6313,4789.6377,11452.395
P1_F7_cluster277_A0A1Q6PYZ4,A0A1Q6PYZ4,rep1,0,127585.25,33677.59,83331.3,10990.021,5617.703,0,33677.59,6753.8506,8887994,0,0,11752.409,13446.792,817740.75,1553606.1,15751.418,120655.37,1158.887,1353.1884,0,25081.322,9094.433,12137.123,1158.6494,127522.836,9422.787,0,419255.75,22632.11,0,56991.91,0,6278.951,26555.916,8240.392,52562.973,122208.47,103035.56,15804.725,8954.516,29566.906,166865.4,14007.361,0,61853.863,13231.669,457.3696,0,0,699762.06,0,20011.68,0,227855.58,0,361663.56,628049.8,7180.5034,54619.68,679978.94,0,4243.784,0,370038.53,0,9683.815,0,0,13842.63,52103.9,819295.3,164884.56,481250.3,225509.34,23936.639,0,0,0,0,3222.3477,124069.33
P1_F7_cluster277_A0A1Q6PYZ4_rep2,A0A1Q6PYZ4,rep2,0,146969.19,37915.254,99307.125,12124.195,0,3816.086,37915.254,0,8134455.5,0,0,17308.992,10045.516,987858.06,1952972.8,20052.783,141306.53,0,4684.6045,2167.1592,29254.045,1689.1055,57676.53,0,150965.4,16557.074,0,506986.9,41311.938,0,69742.64,0,22963.988,33892.504,1810.2787,46461.17,165261.7,139362.25,18123.676,11784.262,37884.78,207519.25,3314.396,5817.6,65723.05,16599.213,525.5831,0,0,1031345.94,0,27930.904,0,270262.22,0,416414.25,787831.8,9423.017,60493.766,969446.6,0,3914.9033,0,592967.44,33692.086,0,0,30609.012,0,48951.066,1143492.5,143960.47,506591.62,195287.89,32015.062,0,0,4922.1475,0,2236.856,148145.23
P1_F7_cluster277_A0A1Q6PYZ4_rep3,A0A1Q6PYZ4,rep3,0,113547.86,33794.176,79487.22,10042.159,0,0,33794.176,43073.098,9901129,7847.822,0,14265.16,0,754759.4,1602870.5,13863.134,132205.6,0,9344.311,0,25136.371,6509.454,55875.727,1703.3177,144475.19,12714.735,0,443633.28,32907.06,0,59677.99,0,9769.807,69356.35,2065.291,51434.484,124186.74,12003.277,12872.048,9459.57,32649.32,172477.25,11217.024,4772.685,27234.355,12108.917,635.7611,0,0,840453.75,0,22336.754,0,284622.3,0,329449.5,595430.94,7216.909,51736.273,918130.56,0,2916.0845,0,499135.06,0,0,0,0,14507.068,182490.97,856550.3,189982.75,557631.75,312794.9,37051.18,0,0,0,21928.797,836.7955,111694.195
P1_F8_cluster369_A0A412TTM9,A0A412TTM9,rep1,0,0,0,0,0,0,0,0,0,72709.13,0,0,0,0,0,139377.06,0,0,0,0,0,0,0,211319.77,0,0,0,0,577.0653,0,0,0,0,3328.18,1259010.6,0,10553.372,6886.91,0,0,0,0,0,0,0,22421.873,0,0,0,0,10487.346,0,0,13059.741,17385.45,0,0,0,0,53761.734,408251.9,0,30416.162,0,443880.56,0,0,0,0,0,35191.59,16988.047,85727.5,43592.547,35313.543,37842.277,0,0,0,0,3321.0999,0
P1_F8_cluster369_A0A412TTM9_rep2,A0A412TTM9,rep2,0,0,0,0,0,0,0,0,0,0,0,0,0,0,0,188544.77,0,0,0,0,0,0,0,311246.38,0,0,0,0,802.6414,0,0,0,0,2029.9724,1827620.4,0,2797.7842,7216.249,0,0,0,0,0,0,0,24631.865,0,0,0,0,10644.337,0,0,13462.258,0,0,0,0,0,64839.33,360729.6,6472.6523,51899.453,0,530729.5,0,0,0,0,0,335589.97,19106.357,67007.13,44350.09,69184.32,43899.26,0,0,0,0,12551.611,0
P1_F8_cluster369_A0A412TTM9_rep3,A0A412TTM9,rep3,1153.75,0,0,0,0,0,0,0,0,0,0,0,0,0,0,144361.31,0,0,0,0,0,0,0,218050.48,0,0,0,0,0,0,0,0,0,0,1075592.2,0,10264.753,0,0,0,0,0,0,0,0,6964.094,0,0,0,0,4199.309,352.618,0,11959.9,0,0,0,0,0,21092.145,182102.2,4373.339,31306.555,1722.783,262357.8,0,0,0,0,0,35033.05,13979.755,96174.31,34275.69,40112.777,43854.586,0,0,0,0,8794.771,0
P1_F9_cluster406_A0A414Q275,A0A414Q275,rep1,25421.055,81324.555,0,0,0,0,0,24516.361,0,18358818,15841.502,53712.895,0,36163.777,836954.7,125255.21,0,0,0,0,0,0,1752.877,229081.33,0,3572.415,0,0,45561.01,0,0,0,67505.16,1309.718,723835.4,0,10246.73,3563.775,9299.904,0,0,0,0,0,0,83985.62,0,20263.533,0,0,77309.24,15615.916,0,13484.104,57109.113,0,503045.22,482433.38,35543.395,43561.27,687786.6,0,96863.86,0,450076,0,55029.895,18713.184,0,0,32438.105,1096074.5,75444.4,15185.1,523850.38,52464.64,0,0,0,36626.773,0,0
P1_F9_cluster406_A0A414Q275_rep2,A0A414Q275,rep2,31059.678,98656.125,0,0,0,0,0,30367.762,0,22115488,21621.047,67056.93,0,39442.805,863996.9,231297.16,0,0,0,0,0,0,0,370108.44,0,6623.895,0,0,61513.19,0,0,0,108121.03,0,1281927.8,0,8566.254,1934.139,12308.415,0,0,0,0,0,0,78488.49,0,25731.848,0,0,104976.87,21628.812,0,15257.537,69934.77,0,612979,694038.9,49409.12,51385.375,818373.44,0,61973.85,3710.55,472209.25,0,60048.387,41884.008,0,23100.492,290529.16,1355406.4,78482.016,51970.902,1131904.2,50956.934,0,0,8082.002,50423.367,4289.909,0
P1_F9_cluster406_A0A414Q275_rep3,A0A414Q275,rep3,24905.814,76765.87,0,0,0,0,0,22154.56,0,18519602,17437.6,53787.684,0,26572.072,830363.2,224630.58,0,0,0,0,0,0,0,375281.9,0,2253.072,0,0,55111.117,0,0,0,90045.53,0,1581220.9,0,4854.662,0,7211.837,0,0,0,0,0,0,39842.434,0,19801.434,0,0,82644.445,17905.664,0,6458.22,21790.873,0,527388.25,570562.2,37706.66,44318.504,754613.3,0,55790.67,0,492001.6,13474.904,37754.008,14334.996,0,0,113082.375,1210324.8,55087.938,37304.312,1454396.4,32660.357,0,0,11568.111,0,9048.172,0
P1_G1_cluster13_A0A1C7H271,A0A1C7H271,rep1,0,0,0,0,0,0,0,0,0,0,0,0,0,0,0,0,0,0,0,0,0,0,0,0,0,0,0,0,0,0,0,0,0,0,0,0,0,0,0,0,0,0,0,0,0,0,0,0,0,0,0,0,0,0,0,0,0,0,0,0,0,0,0,0,0,0,0,0,0,0,0,0,0,0,0,0,0,0,0,0,480.7307,0
P1_G1_cluster13_A0A1C7H271_rep2,A0A1C7H271,rep2,0,0,0,0,0,0,0,0,0,0,0,0,0,0,0,0,0,0,0,0,0,0,0,0,0,0,0,0,0,0,0,0,0,0,0,0,0,0,0,0,0,0,0,0,0,0,0,0,0,0,0,0,0,0,0,0,0,0,0,0,0,0,0,0,0,0,0,0,0,0,0,0,0,0,0,0,0,0,0,0,0,0
P1_G1_cluster13_A0A1C7H271_rep3,A0A1C7H271,rep3,118497.6,586848.7,149222.33,0,0,0,0,1974338,2237.561,9130606,55901.51,14171.807,6244.917,0,455926.6,136723.19,83920.4,2069.428,257657.73,0,0,272455.97,249157.16,31119.723,0,1282.853,13669.062,0,0,592992.4,0,0,1956042.4,222984.67,1538224.1,255852.92,165618.16,513567.28,20673.518,138676.28,171166.5,354885.1,10567.521,0,784874.44,24957.174,267358.94,96207.37,0,35500.617,78038.336,3011748.8,1918.954,3166061.2,575094.06,267316.38,6268340,398041.22,119695.086,25641.15,10422044,766476.6,10169221,974411.9,760144.94,10843.278,2413508.5,114348.94,2080535,1112514.5,150628.53,10506782,202842.58,133268.78,4953806.5,77885.695,494424.3,711304.6,443655.72,301162.25,209309.7,0
P1_G10_cluster524_C0CIF5,C0CIF5,rep1,0,0,0,0,0,0,0,0,0,0,0,0,0,0,0,152852.7,0,0,0,0,0,0,0,217044.5,0,1309.091,0,0,3543.559,0,0,0,0,0,1332552.9,0,0,3953.079,2140.067,0,0,0,0,0,0,60950.13,0,0,9965.91,0,17775.33,0,0,0,0,0,0,0,0,61044.793,10879.078,2527.267,0,0,463081.16,0,0,0,0,0,309395.25,16515.916,86947.98,31168.352,0,86187.07,0,0,0,0,2680.811,0
P1_G10_cluster524_C0CIF5_rep2,C0CIF5,rep2,0,0,0,0,0,0,0,0,0,0,0,0,0,0,0,0,0,0,0,0,0,0,0,0,0,0,0,0,0,0,0,0,0,0,0,0,0,0,0,0,0,0,0,0,0,0,0,0,0,0,0,0,0,0,0,0,0,0,0,0,0,0,0,0,0,0,0,0,0,0,0,0,0,0,0,0,0,0,0,0,0,0
P1_G10_cluster524_C0CIF5_rep3,C0CIF5,rep3,0,0,0,0,0,0,0,0,0,0,0,0,0,0,9300.414,284954.56,0,0,0,0,0,0,0,372218.5,0,0,0,0,2360.191,0,0,0,0,0,2185631.2,0,0,6962.152,0,0,0,0,0,0,0,53337.59,0,0,17304.203,0,25623.93,0,0,0,0,0,0,0,0,113556.766,0,14400.156,0,0,607562.56,0,0,0,0,0,302818.56,24780.035,91207.31,50709.76,0,99188.53,0,0,0,0,0,0
P1_G11_cluster569_A0A350THC0,A0A350THC0,rep1,0,3481.3972,0,0,0,0,30389.69,0,0,133716.42,0,0,0,0,69085.29,463602.34,0,0,0,0,5094.4453,0,5268.499,185306.97,11130.788,167044.02,15258.741,0,226125.31,61554.31,0,7054.918,1883.8518,53643.266,1095303.9,94821.17,0,160835.56,295953,6134.647,7375.16,25654.129,22015.943,0,0,63854.17,0,0,163195.6,7289.497,214114.22,464.0731,54640.75,0,0,0,115253.24,80869.62,0,61047.504,28511.652,0,0,0,871288.5,15054.453,0,0,25643.02,0,41332.953,328558.94,121878.82,307804.16,47207.484,64327.094,15818.506,0,0,0,2040.3173,4475.01
P1_G11_cluster569_A0A350THC0_rep2,A0A350THC0,rep2,0,0,0,0,0,0,48892.953,0,0,212172.62,0,0,2759.17,0,146908.06,725458.9,0,0,0,0,8609.106,0,14192.811,289489.5,11305.182,209792,16127.662,0,275665.5,75250.875,0,7820.896,1912.048,27118.742,1483134.8,102073.56,0,205081.33,425354.22,6281.151,7930.749,32938.43,29241.578,1649.346,0,48228.973,0,0,134219.2,10429.936,285739.4,1268.668,79403.65,0,0,0,165574.11,67479.39,0,67171.85,9470.254,7977.542,0,0,1141248.5,66799.17,0,0,0,0,55757.375,762730.7,136542.77,455213.38,119870.375,75313.016,18031.281,21030.695,0,0,2301.363,6357.56
P1_G11_cluster569_A0A350THC0_rep3,A0A350THC0,rep3,0,0,0,0,0,0,0,0,0,0,0,0,0,0,0,0,0,0,0,0,0,0,0,0,0,0,0,0,0,0,0,0,0,0,0,0,0,0,0,0,0,0,0,0,0,0,0,0,0,0,0,0,0,0,0,0,0,0,0,0,0,0,0,0,0,0,0,0,0,0,0,0,0,0,0,0,0,0,0,0,0,0
P1_G12_cluster830_A0A1C6FDU7,A0A1C6FDU7,rep1,0,0,0,0,0,0,0,0,0,0,0,0,0,0,0,0,0,0,0,0,0,0,0,0,0,0,0,0,0,0,0,0,0,0,0,0,0,0,0,0,0,0,0,0,0,0,0,0,0,0,0,0,0,0,0,0,0,0,0,0,0,0,0,0,0,0,0,0,0,0,0,0,0,0,0,0,0,0,0,0,0,0
P1_G12_cluster830_A0A1C6FDU7_rep2,A0A1C6FDU7,rep2,0,0,0,0,0,0,0,0,0,0,0,0,0,0,0,0,0,0,0,0,0,0,0,0,0,0,0,0,0,0,0,0,0,0,0,0,0,0,0,0,0,0,0,0,0,0,0,0,0,0,0,0,0,0,0,0,0,0,0,0,0,0,0,0,0,0,0,0,0,0,0,0,0,0,0,0,0,0,0,0,0,0
P1_G12_cluster830_A0A1C6FDU7_rep3,A0A1C6FDU7,rep3,0,0,0,0,0,0,0,0,0,0,0,0,0,0,0,0,0,0,0,0,0,0,0,0,0,0,0,0,0,0,0,0,0,0,0,0,0,0,0,0,0,0,0,0,0,0,0,0,0,0,0,0,0,0,0,0,0,0,0,0,0,0,0,0,0,0,0,0,0,0,0,0,0,0,0,0,0,0,0,0,0,0
P1_G2_cluster44_A0A1C5PCN0,A0A1C5PCN0,rep1,0,54881.426,0,0,0,0,105768.63,1630.9595,45416.188,1218010.8,0,0,26278.719,0,1269762,1907120.4,0,40963.473,13465.244,60344.17,121090.46,0,43365.2,55172.72,41256.297,541174.75,37592.63,0,366717.44,36836.48,0,61582.277,20451.04,449138.03,98538.26,160623.1,11185.201,796860.06,347524.38,6620.8853,7448.914,28316.488,42828.29,87719.695,0,82878.16,1276.5295,0,295680,30479.46,553926.06,803.6843,322083.66,1060.1567,304136.53,27085.209,411311.28,477360,0,88925.72,419613.7,0,3916.8906,0,974959.94,185027.42,0,0,73544.84,7272.9795,111979.27,1567087.8,217935.92,237003.38,196311.36,45615.332,55533.797,205304.72,0,0,0,144725.19
P1_G2_cluster44_A0A1C5PCN0_rep2,A0A1C5PCN0,rep2,0,44967.406,0,0,0,0,119018.05,0,50461.227,1012007.7,0,0,23174.494,0,1439367.6,1907390.1,0,26534.133,2134.528,49476.797,84393.98,0,35986.832,123492.555,47889.43,580331,28721.164,0,339077.75,42639.336,3062.062,52887.973,21233.002,319549.16,334407.88,181299.92,17587.36,890574.56,374814.34,5596.511,5216.388,24259.938,68247.04,97525.79,0,50664.82,0,0,266983.16,33178.95,630360.1,0,368343.03,0,284228.94,8568.15,345755.38,197861.77,0,90501.96,119764.65,4575.542,2890.393,0,1499349.8,169934.17,0,0,230629.94,0,108337.22,1671720.8,119579.69,636691.75,235554.94,32974.49,70799.04,171328.36,0,10788.978,2557.465,159395.83
P1_G2_cluster44_A0A1C5PCN0_rep3,A0A1C5PCN0,rep3,3130.88,9463.512,0,7307.602,94666.016,1483.891,143852.92,0,33619.465,1392837.1,7307.602,0,4616.455,0,966821.94,1490018.4,0,36932.53,7042.089,58983.18,90661.055,0,32943.82,100267.65,30185.81,410848.3,29485.139,0,337609.94,28529.467,1372.94,46632.87,11304.859,425457.44,241603.44,211304.19,7316.952,605965.56,306267.6,3780.103,5789.925,22206.81,34552.105,68800.516,0,26226.143,4616.053,0,212589.36,22458.867,505553.97,0,297497.47,0,292414.72,13783.395,301049.34,329601.44,1846.665,69252.01,406799.53,0,0,0,986464.75,138835.12,0,0,58294.344,0,106864.266,1183230.9,211063.98,574452.25,220220.31,23740.451,52990.133,103791.04,0,5379.021,1682.031,98166.375
P1_G3_cluster98_A0A0M6WMX1,A0A0M6WMX1,rep1,0,3517.1694,0,0,0,0,31244.648,0,0,255431.34,0,0,0,0,481858.38,1288930.5,0,0,0,0,16676.04,0,8170.8193,142056.19,8209.954,128060.19,11254.488,0,88903.016,10395.063,0,0,4550.9443,59167.14,1069187.2,70950.74,0,312082.25,173035.8,966.1973,0,3101.9185,6014.468,12198.032,0,64027.184,0,0,144057.69,7472.32,261939.84,0,69123.31,0,129192.11,0,66496.42,191325.31,0,69158.58,29971.445,0,0,0,711406.8,39028.598,0,0,37686.484,0,110411.7,420127,123020.16,140790.45,50130.152,31479.951,12191.965,70849.305,0,0,7910.82,89200.29
P1_G3_cluster98_A0A0M6WMX1_rep2,A0A0M6WMX1,rep2,0,0,0,0,0,0,27091.441,0,0,249740.78,0,0,0,0,610391.4,1270963.1,0,0,0,0,5834.4624,0,8469.25,276093.28,5978.3325,154871.58,3919.361,0,110627.91,13314.671,635.2401,444.4021,5939.9473,67129.03,1167986.1,91744.18,2337.4219,282034.4,107176.695,0,0,2254.662,11180.672,5521.956,0,45954.332,0,0,109856.16,7196.7983,284193.6,687.0237,78719.55,0,108078.945,0,52944.13,108834.01,0,80757.94,49049.26,0,0,0,1078364.2,0,0,0,60793.984,0,52232.62,629347.3,179381.34,346198.06,83241.3,36605.43,21484.098,48357.43,0,0,10353.062,81877.68
P1_G3_cluster98_A0A0M6WMX1_rep3,A0A0M6WMX1,rep3,0,0,0,0,0,0,19061.164,0,0,273868.9,0,0,0,0,332469.6,984583.75,0,0,0,0,0,0,0,261932.16,3059.919,106553.59,10777.336,0,83042.42,6995.5396,0,0,1914.9419,40299.008,1743555.5,63440.29,0,407537.22,147146.84,0,0,0,0,4336.356,0,28479.117,0,0,54798.293,3033.3462,205643.03,502.6708,60387.55,0,97023.34,0,20969.771,175514.61,0,90423.24,90328.42,0,0,0,809864.06,31067.094,0,0,0,0,162258.83,425925.9,125254.67,271678.53,44194.44,36106.047,12054.168,44136.562,2176.4966,0,12430.5625,42182.242
P1_G4_cluster149_A0A0G8G768,A0A0G8G768,rep1,0,3223.894,0,0,0,0,42888.05,34371.625,25247.955,246528.22,0,0,6113.281,0,98161.46,178710.58,0,0,20892.975,4271.805,19887.365,17733.83,63149.48,196615.12,4286.818,86440.945,29391.963,28333.338,37530.605,126771.96,22227.531,155335.89,77051.77,56002.863,1306902.8,81154.66,0,859313.9,94427.516,8510.369,3461.614,18340.543,167349.12,120439.266,46901.957,78024.82,113773.7,0,433167.72,10546.868,175963.8,0,66049.74,0,0,46043.89,36393.75,108552.71,0,59810.883,129015.77,70870.59,0,0,835675.2,18111.902,0,0,57446.945,0,192778.89,1127318.5,136727.61,380581.03,171522.25,62811.887,74990.336,138785.58,0,9848.796,6337.325,0
P1_G4_cluster149_A0A0G8G768_rep2,A0A0G8G768,rep2,0,0,0,0,0,0,0,0,0,362.145,0,0,0,0,0,392.9159,0,0,0,0,0,0,0,0,0,0,0,0,0,0,0,0,0,0,219.4347,0,0,683.7718,0,0,0,0,0,0,0,0,0,0,0,0,0,0,0,0,0,0,0,0,0,0,0,0,0,0,0,0,0,0,0,0,0,0,0,0,0,0,0,0,0,0,0,0
P1_G4_cluster149_A0A0G8G768_rep3,A0A0G8G768,rep3,0,0,0,0,0,0,13752.055,33177.152,15250.514,253524.81,0,0,0,0,69792.89,281516.88,0,3670.4873,13239.787,0,3447.3032,10632.389,61260.113,336353.47,0,79930,27865.81,19412.936,37496.75,115949.05,21312.55,53262.207,60250.445,46432.59,1495086.9,56047.99,0,763375.75,46070.21,0,2018.3794,8317.489,133567.97,98186.945,18746.848,34969.867,110644,0,458220.25,7820.472,156187.7,520.8184,60133.98,0,0,46765.043,20716.012,105686.13,0,70362.8,109716.234,50780.25,0,0,901823.1,28135.182,0,0,0,0,269271.84,997664.7,114438.164,340868.7,100658.94,58886.24,109587.766,165610.64,2713.0203,16841.285,3431.584,0
P1_G5_cluster206_A0A174MBD8,A0A174MBD8,rep1,0,0,0,0,0,0,0,0,0,0,0,0,0,0,0,122848.336,0,0,0,0,0,0,0,188975.6,0,0,0,0,0,0,0,0,0,0,1129824.9,0,0,9980.801,2223.936,0,0,0,0,0,0,22647.969,0,0,0,0,6241.649,0,0,0,0,0,0,0,0,57724.582,22602.498,5144.458,0,0,441731.66,0,0,0,0,0,160157.8,0,106978.94,24118.877,0,48544.17,0,0,0,0,0,0
P1_G5_cluster206_A0A174MBD8_rep2,A0A174MBD8,rep2,0,0,0,0,0,0,0,0,0,0,0,0,0,0,0,225590.4,0,0,0,0,0,0,0,296988.66,0,0,7886.845,0,0,0,0,0,0,0,1642629,0,0,13095.954,1766.49,0,0,0,0,0,0,15661.291,0,0,0,0,5482.231,0,0,0,0,0,0,0,0,88979.2,0,8274.878,0,0,613984.3,4382.023,0,0,0,0,176450.3,5352.545,77455.96,94837.21,0,74169.5,0,0,0,0,5671.917,0
P1_G5_cluster206_A0A174MBD8_rep3,A0A174MBD8,rep3,0,0,0,0,0,0,0,0,0,0,0,0,0,0,0,235357.64,0,0,0,0,0,0,0,359764.34,0,0,0,0,0,0,0,0,0,1385.8109,1913235.1,0,0,0,0,0,0,0,0,0,0,10100.362,0,0,0,0,2930.9001,0,0,0,0,0,0,0,0,77044.65,0,14552.465,0,0,427818.84,16588.412,0,0,0,0,175237.48,2886.733,68782.21,40514.438,2325.309,48759.902,0,0,0,0,722.3223,0
P1_G6_cluster256_A0A0M6WH75,A0A0M6WH75,rep1,0,0,0,0,0,0,0,0,0,0,0,0,0,0,0,131080.64,0,0,0,0,0,0,0,175935.27,0,0,2357.621,0,2466.521,0,0,0,0,0,1395474.8,0,0,4681.938,3822.987,0,0,0,0,0,0,60294.082,0,0,0,0,21323.59,0,0,0,0,0,0,0,0,74216.586,0,2640.414,0,0,500115.97,0,0,0,0,0,198315.58,17664.576,144133.86,14759.057,5889.119,88789.695,0,0,0,0,4789.921,0
P1_G6_cluster256_A0A0M6WH75_rep2,A0A0M6WH75,rep2,0,0,0,0,0,0,0,0,0,0,0,0,0,0,0,211110.58,0,0,0,0,0,0,0,292791.5,0,0,0,0,0,0,0,0,0,0,1681735.4,0,0,3207.67,4795.074,0,0,0,0,0,0,53350.258,0,0,0,0,23477.588,0,0,0,0,0,0,0,0,96847.94,0,15847.016,0,0,461239.38,0,0,0,0,0,321477.2,18578.104,76332.13,62503.168,0,70071.125,0,0,0,0,2053.475,0
P1_G6_cluster256_A0A0M6WH75_rep3,A0A0M6WH75,rep3,0,0,0,0,0,0,0,0,0,0,0,0,0,0,0,231463.61,0,0,0,0,0,0,0,389291.88,0,0,0,0,0,0,0,0,0,3051.17,2194876.5,0,0,0,0,0,0,0,0,0,0,28057.21,0,0,0,0,17151.791,0,0,0,0,0,0,0,0,80851.73,0,10612.953,0,0,503072.97,3390.904,0,0,0,0,315331.38,10557.665,100251.4,25517.533,0,88660.4,0,0,0,0,1150.348,0
P1_G7_cluster285_A0A1C6E707,A0A1C6E707,rep1,0,0,0,0,0,0,0,0,0,0,0,0,0,0,0,146150.77,0,0,0,0,0,0,0,246270.3,0,0,0,0,0,0,0,0,0,0,1424675.6,0,0,0,0,0,0,0,0,0,0,56334.273,0,0,0,0,6525.093,0,0,0,0,0,0,0,0,57933.87,5498.168,6840.53,0,0,423341.47,0,0,0,0,0,307854.88,0,118057.6,31989.836,0,74901.03,0,0,0,0,7819.787,0
P1_G7_cluster285_A0A1C6E707_rep2,A0A1C6E707,rep2,0,0,0,0,0,0,0,0,0,0,0,0,0,0,0,164691.5,0,0,0,0,0,0,0,278333.62,0,0,2745.2373,0,0,0,0,0,0,0,1304846.9,0,0,2671.099,2002.22,0,0,0,0,0,0,45705.234,0,0,0,0,10022.639,0,0,0,0,0,0,0,0,86267.414,0,12445.082,0,0,522808.12,0,0,0,0,0,370637.56,0,139640.88,58493.676,0,55983.41,0,0,0,0,582.8527,0
P1_G7_cluster285_A0A1C6E707_rep3,A0A1C6E707,rep3,0,0,0,0,0,0,0,0,0,0,0,0,0,0,0,201673.28,0,0,0,0,0,0,0,318268.12,0,0,0,0,0,0,0,0,0,0,2025585.9,0,0,0,0,0,0,0,0,0,0,28561.46,0,0,0,0,7162.147,0,0,0,0,0,0,0,0,75961.86,0,12237.641,0,0,465672.03,0,0,0,0,0,295035.1,0,62824.74,37028.46,0,52512.82,0,0,0,0,1274.837,0
P1_G8_cluster383_A0A357TN00,A0A357TN00,rep1,0,5530.465,0,0,0,0,51930.164,0,0,126233.8,0,0,0,0,149486.31,379441.9,0,0,0,0,17834.363,0,36795.93,183190.58,11039.942,168047.89,25718.527,0,54737.344,56169.582,2086.7,5338.166,6468.628,65620.32,1260613.1,85330.46,5614.339,314209.1,234902.08,15557.491,6961.292,24919.812,36014.44,11336.114,0,49036.445,0,0,272382.25,13283.825,155318.5,2248.034,80692.84,0,33983.887,31828.062,39731.895,33602.004,0,47730.65,90835.42,0,2443.831,0,1152359.8,20563.832,0,0,93243.69,0,124241.4,482792.44,137726.78,487513,51869.15,52123.008,51488.715,81332.39,0,4489.056,3376.588,0
P1_G8_cluster383_A0A357TN00_rep2,A0A357TN00,rep2,0,5411.56,0,0,0,0,54910.438,0,6777.77,233356.64,0,0,3640.885,0,385951.06,541184.56,0,9821.568,3117.004,0,23116.69,0,57698.625,288680.7,17419.205,229059.61,25361.762,1247.623,25917.186,81956.08,0,8098.475,0,84042,1651600.9,140591.64,3634.949,507871.53,361676.72,20395.018,9788.523,12212.938,60808.67,9449.082,0,51057.81,0,0,329604.25,19178.057,225433.38,2252.096,119157.82,0,23527.83,33709.28,38345.414,69278.55,0,94442.086,108772.96,17114.08,0,0,1529979.8,115372.03,0,0,86347.69,0,164527.33,611454,110779.86,511798.44,18162.805,59489.22,86142.836,73313.98,0,0,4842.917,7841.362
P1_G8_cluster383_A0A357TN00_rep3,A0A357TN00,rep3,0,0,0,0,0,0,60824.242,0,0,169432.72,0,0,0,0,183885.44,457192.5,0,0,0,0,8925.641,784.6926,18962.836,330547.28,12963.475,181718.97,23847.166,0,45423.22,68672.016,592.021,5023.682,6576.715,73999.94,1503879.9,102741.99,0,390388.3,271749.5,16941.887,5974.3345,25672.72,35527.98,3319.0447,0,32167.473,0,0,275956.06,13837.855,170423.2,0,91983.31,0,32417.79,24470.186,20485.777,58362.42,0,93024.375,103486.48,34055.742,0,0,1155848,23734.184,0,0,47201.39,0,64505.62,510450.03,183856.38,699473.75,84147.46,104933.09,53034.46,67188.44,0,0,8166.049,1781.2048
P1_G9_cluster417_A0A1Y3TDY5,A0A1Y3TDY5,rep1,0,0,0,0,5198.4243,0,0,25950.367,0,172751.42,0,0,0,0,0,138279.3,0,0,7566.7275,0,0,8236.121,0,233013.66,0,22380.684,0,0,340586,0,0,1305.2024,10404.23,2194.1768,1106818.1,0,0,0,1729.8401,0,0,0,0,0,0,73918.85,5353.9697,0,0,0,1520486.5,339.3682,481.9412,5103.7593,51646.59,0,250511.06,14085.08,0,51183.03,4582273.5,0,13286.005,0,397125.1,0,0,0,127152.875,0,297095.5,3112296,115676.49,39849.78,1984170.8,64262.043,0,0,76511.68,0,14971.506,0
P1_G9_cluster417_A0A1Y3TDY5_rep2,A0A1Y3TDY5,rep2,0,0,0,0,0,0,0,32993.887,0,146611.67,0,0,0,0,43250.832,231396.4,0,0,13976.969,0,0,5806.066,0,373866.1,0,24814.816,0,0,448199.34,0,0,4616.14,18247.004,3444.59,1455384.9,0,0,9978.024,2268.539,0,0,0,0,0,0,71886.82,5154.45,0,1471.883,0,2123225.2,2271.689,0,4241.212,0,0,281047.66,18082.691,0,86493.48,5978582,4392.502,14344.923,0,611466.44,0,0,0,126345,0,362942.2,3716951,88387.76,47272.152,1813262.6,47295.81,0,0,50019.457,0,9583.201,0
P1_G9_cluster417_A0A1Y3TDY5_rep3,A0A1Y3TDY5,rep3,0,0,0,0,0,0,0,32291.99,0,209862.72,0,0,0,0,24755.787,278457.2,0,0,20378.588,0,0,8875.54,0,446129.12,0,29684.277,0,0,457872.44,0,0,2819.242,18929.707,1412.7585,2014506.4,0,0,0,0,0,0,0,0,0,0,47704.742,4532.741,0,0,0,2121087.8,725.8989,0,3044.4487,0,0,179600.28,12789.476,0,60052.273,8352903,15615.522,20091.406,0,639079.4,0,0,0,189153.89,0,53692.465,4128574.5,156786.52,51375.63,2497093.5,100551.62,0,0,41475.29,0,5197.174,0
P1_H1_cluster18_A6LC91,A6LC91,rep1,0,0,0,0,0,0,0,0,0,0,0,0,0,0,0,0,0,0,0,0,0,0,0,0,0,0,0,0,0,0,0,0,0,0,0,0,0,0,0,0,0,0,0,0,0,0,0,0,0,0,0,0,0,0,0,0,0,0,0,0,0,0,0,0,0,0,0,0,0,0,0,0,0,0,0,0,0,0,0,0,1272.483,0
P1_H1_cluster18_A6LC91_rep2_20250408113741,A6LC91,rep2,0,0,0,0,0,0,0,0,0,0,0,0,0,0,0,0,0,0,0,0,0,0,0,0,0,0,0,0,0,0,0,0,0,0,0,0,0,0,0,0,0,0,0,0,0,0,0,0,0,0,0,0,0,0,0,0,0,0,0,0,0,0,0,0,0,0,0,0,0,0,0,0,0,0,0,0,0,0,0,0,0,0
P1_H1_cluster18_A6LC91_rep3,A6LC91,rep3,0,0,0,0,0,0,0,0,0,0,0,0,0,0,0,0,0,0,0,0,0,0,0,0,0,0,0,0,0,0,0,0,0,144.3508,0,0,0,0,0,0,0,0,0,0,0,0,0,0,0,0,0,0,0,0,0,0,0,0,0,0,0,0,0,0,0,0,0,0,0,0,0,0,0,0,0,0,0,0,0,0,0,0
P1_H10_cluster525_A0A0S2W269,A0A0S2W269,rep1,0,0,0,0,0,0,0,0,0,0,0,0,0,0,0,155839.73,0,0,0,0,0,0,0,183192.22,0,0,0,0,2436.15,0,0,0,0,0,1170656.5,0,0,0,1501.917,0,0,0,0,0,0,68361.914,0,0,0,0,11252.139,0,0,0,0,0,0,0,0,56545.164,22503.275,0,0,0,440621.34,0,0,0,0,0,316263.94,0,116719.28,31100.676,9296.459,51860.42,0,0,0,0,4675.428,0
P1_H10_cluster525_A0A0S2W269_rep2,A0A0S2W269,rep2,0,0,0,0,0,0,0,0,0,0,0,0,0,0,0,0,0,0,0,0,0,0,0,0,0,0,0,0,0,0,0,0,0,0,0,0,0,0,0,0,0,0,0,0,0,0,0,0,0,0,0,0,0,0,0,0,0,0,0,0,0,0,0,0,0,0,0,0,0,0,0,0,0,0,0,0,0,0,0,0,0,0
P1_H10_cluster525_A0A0S2W269_rep3,A0A0S2W269,rep3,0,0,0,0,0,0,0,0,0,0,0,0,0,0,0,0,0,0,0,0,0,0,0,0,0,0,0,0,0,0,0,0,0,0,0,0,0,0,0,0,0,0,0,0,0,0,0,0,0,0,0,0,0,0,0,0,0,0,0,0,0,0,0,0,0,0,0,0,0,0,0,0,0,0,1148.0347,0,0,0,261.3346,0,0,0
P1_H11_cluster581_A0A6I3NAM9,A0A6I3NAM9,rep1,0,0,0,0,0,0,0,0,0,257219.53,31004.783,84690.11,0,56681.324,41686.57,154033.22,0,0,0,0,0,0,0,201149.98,0,938.2505,5268.1357,0,289175.9,0,0,0,23829.377,6212.5557,1554253.6,0,0,4638.2466,2302.9365,0,0,0,0,0,0,73883.75,0,2650.5193,0,0,391349.72,19890.918,0,7161.1533,0,0,336814.8,0,0,76952.77,66654.8,6190.925,12943.655,0,563680.6,0,33820.426,0,331238.5,0,413784.7,167502.38,152231.81,37578.414,371608.16,93012.26,0,0,0,1281.7773,1756.1038,0
P1_H11_cluster581_A0A6I3NAM9_rep2,A0A6I3NAM9,rep2,0,0,0,0,0,0,0,0,0,0,0,0,0,0,0,0,0,0,0,0,0,0,0,0,0,0,0,0,0,0,0,0,0,0,0,0,0,0,0,0,0,0,0,0,0,0,0,0,0,0,0,0,0,0,0,0,0,0,0,0,0,0,0,0,0,0,0,0,0,0,0,0,0,0,0,0,0,0,0,0,0,0
P1_H11_cluster581_A0A6I3NAM9_rep3,A0A6I3NAM9,rep3,0,0,0,0,0,0,0,0,0,0,0,0,0,0,0,0,0,0,0,0,0,0,0,0,0,0,0,0,0,0,0,0,0,0,0,0,0,0,0,0,0,0,0,0,0,0,0,0,0,0,0,0,0,0,0,0,0,0,0,0,0,0,0,0,0,0,0,0,0,0,0,0,0,0,0,0,0,0,0,0,0,0
P1_H12_cluster838_A0A3D3YKZ5,A0A3D3YKZ5,rep1,0,0,0,0,0,0,0,0,0,0,0,0,0,0,0,0,0,0,0,0,0,0,0,0,0,0,0,0,0,0,0,0,0,0,0,0,0,0,0,0,0,0,0,0,0,0,0,0,0,0,0,0,0,0,0,0,0,0,0,0,0,0,0,0,0,0,0,0,0,0,0,0,0,0,0,0,0,0,0,0,0,0
P1_H12_cluster838_A0A3D3YKZ5_rep2,A0A3D3YKZ5,rep2,0,0,0,0,0,0,0,0,0,0,0,0,0,0,0,0,0,0,0,0,0,0,0,0,0,0,0,0,0,0,0,0,0,0,0,0,0,0,0,0,0,0,0,0,0,0,0,0,0,0,0,0,0,0,0,0,0,0,0,0,0,0,0,0,0,0,0,0,0,0,0,0,0,0,0,0,0,0,0,0,0,0
P1_H12_cluster838_A0A3D3YKZ5_rep3,A0A3D3YKZ5,rep3,0,0,0,0,0,0,0,0,0,0,0,0,0,0,0,0,0,0,0,0,0,0,0,0,0,0,0,0,0,0,0,0,0,0,0,0,0,0,0,0,0,0,0,0,0,0,0,0,0,0,0,0,0,0,0,0,0,0,0,0,0,0,0,0,0,0,0,0,0,0,0,0,0,0,1283.074,0,0,0,970.2031,0,0,0
P1_H2_cluster47_A0A2T3FKY8,A0A2T3FKY8,rep1,0,0,0,0,0,0,0,0,0,0,0,0,0,0,0,0,0,0,0,0,0,0,0,0,0,0,0,0,0,0,0,0,0,0,0,0,0,169.1169,0,0,0,0,0,0,0,0,0,0,0,0,0,0,0,0,0,0,0,0,0,0,0,0,0,0,0,0,0,0,0,0,0,0,0,0,0,0,0,0,0,0,0,0
P1_H2_cluster47_A0A2T3FKY8_rep2,A0A2T3FKY8,rep2,0,0,0,0,0,0,0,0,0,0,0,0,0,0,0,0,0,0,0,0,0,0,0,0,0,0,0,0,0,0,0,0,0,0,0,0,0,0,0,0,0,0,0,0,0,0,0,0,0,0,0,0,0,0,0,0,0,0,0,0,0,0,0,0,0,0,0,0,0,0,0,0,0,0,0,0,0,0,0,0,0,0
P1_H2_cluster47_A0A2T3FKY8_rep3,A0A2T3FKY8,rep3,0,14810.559,0,0,0,0,96585.5,0,0,545269.75,0,0,0,0,629960.94,1840571.8,0,1926.2024,10271.706,5425.4795,4257.6943,0,11743.367,41882.473,24456.11,304402.16,14166.064,0,131505.55,11216.451,0,5372.638,0,420548.34,246163.94,87100.59,9013.918,570204.25,250599.81,656.4092,768.2026,6939.3228,0,4359.2397,0,31297.32,0,0,115481.914,6860.8184,250434.44,0,56108.145,0,319347.5,4578.4385,98308.87,330973.5,0,99996.72,413583.1,0,5711.741,0,871854.2,40494.227,0,0,60716.273,0,37576.11,461125.1,89166.65,273465.03,41995.734,28152.55,21840.76,17118.836,0,4954.5176,2968.2532,136888.69
P1_H3_cluster103_A0A349QN89,A0A349QN89,rep1,0,10531.225,0,0,0,0,41281.92,0,4499.4707,511415.3,0,0,0,0,941965.25,1933320.1,0,4958.842,0,0,13300.803,0,20171.709,147589.05,11624.202,167365.64,6089.793,0,138078.4,5556.423,0,0,3629.1252,48627.523,424105.88,21538.281,0,347069.6,169052,0,0,0,1255.661,3644.02,0,55375.582,0,0,86875.2,946.2917,280149.66,0,55689.31,0,119705.414,0,110697.88,233385,0,68256.3,222472.23,0,2398.579,0,497988.38,24533.168,0,0,38770.566,0,69505.22,507766.75,221229.98,281614.56,70530.1,57165.035,6103.6045,21846.953,0,17644.445,11692.994,160862.72
P1_H3_cluster103_A0A349QN89_rep2,A0A349QN89,rep2,0,0,0,0,0,0,0,0,0,0,0,0,0,0,0,0,0,0,0,0,0,0,0,0,0,0,0,0,0,0,0,0,0,0,0,0,0,0,0,0,0,0,0,0,0,0,0,0,0,0,0,0,0,0,0,0,0,0,0,0,0,0,0,0,0,0,0,0,0,0,0,0,0,0,0,0,0,0,0,0,0,0
P1_H3_cluster103_A0A349QN89_rep3,A0A349QN89,rep3,0,0,0,0,0,0,0,0,0,0,0,0,0,0,0,0,0,0,0,0,0,0,0,0,0,0,0,0,0,0,0,0,0,0,0,0,0,0,0,0,0,0,0,0,0,0,0,0,0,0,0,0,0,0,0,0,0,0,0,0,0,0,0,0,0,0,0,0,0,0,0,0,0,0,0,0,0,0,0,0,0,0
P1_H4_cluster168_A0A1C6A728,A0A1C6A728,rep1,0,27201.758,0,0,0,0,12213.846,2443.521,0,278977,0,0,0,0,298444.75,544854.9,0,1538.9014,10090.656,0,3469.3433,0,41081.727,182055.89,4595.5527,64612.19,16603.043,0,17312.105,17175.473,0,1780.2756,3125.9956,34869.652,1008365.8,51197.902,0,312203.88,47708.68,0,0,7228.2812,10912.982,2980.8804,0,98017.02,0,0,18323.695,2438.6719,194118.05,805.2418,20537.406,0,103687.35,0,67089.7,65429.78,0,69692.87,173353.89,0,6019.914,0,659593.5,0,0,0,368740.7,0,384911.44,1049917.4,203209.53,213220.7,61550.684,54389.266,22486.861,21480.604,0,18034.604,18503.73,4735.167
P1_H4_cluster168_A0A1C6A728_rep2,A0A1C6A728,rep2,0,0,0,0,0,0,0,0,0,0,0,0,0,0,0,0,0,0,0,0,0,0,0,0,0,0,0,0,0,0,0,0,0,0,0,0,0,0,0,0,0,0,0,0,0,0,0,0,0,0,0,0,0,0,0,0,0,0,0,0,0,0,0,0,0,0,0,0,0,0,0,0,0,0,0,0,0,0,0,0,0,0
P1_H4_cluster168_A0A1C6A728_rep3,A0A1C6A728,rep3,0,0,0,0,0,0,0,0,0,0,0,0,0,0,0,0,0,0,0,0,0,0,0,0,0,0,0,0,0,0,0,0,0,0,0,0,0,0,0,0,0,0,0,0,0,0,0,0,0,0,0,0,0,0,0,0,0,0,0,0,0,0,0,0,0,0,0,0,0,0,0,0,0,0,0,0,0,0,0,0,0,0
P1_H5_cluster213_A0A0F5JPH2,A0A0F5JPH2,rep1,81463.12,0,0,0,0,0,0,15279.867,0,657780.3,0,0,0,0,392771.47,155038.9,0,0,0,0,0,0,1530.833,281162.47,0,0,0,0,0,0,0,0,11440.122,0,955738.25,0,50774.168,24844.07,0,0,0,0,0,0,0,85860.35,0,0,0,0,45307.3,35201.668,0,27811.516,59099.56,0,153487.16,132168.4,0,43968.55,2249234.8,0,171928.62,18730.22,482117.8,0,8809.75,0,0,0,207974.17,2598177.2,120826.54,37227.383,2690111,61233.105,0,0,27539.045,36839.375,6693.704,0
P1_H5_cluster213_A0A0F5JPH2_rep2,A0A0F5JPH2,rep2,0,0,0,0,0,0,0,0,0,251.5766,0,0,0,0,177.1661,0,0,0,0,0,0,0,0,0,0,0,0,0,0,0,0,0,0,0,305.6211,0,0,0,0,0,0,0,0,0,0,0,0,0,0,0,0,0,0,0,0,0,0,0,0,0,842.1458,0,0,0,0,0,0,0,0,0,0,0,0,0,736.0527,0,0,0,0,0,0,0
P1_H5_cluster213_A0A0F5JPH2_rep3,A0A0F5JPH2,rep3,68465.086,0,0,0,0,0,0,17368.06,0,648403.06,0,0,0,0,287695.2,235028.83,0,0,0,0,0,0,0,473883.78,0,0,0,0,0,0,0,0,7367.92,1059.798,1769571.6,0,30468.406,27869.033,0,0,0,0,0,0,0,46898.402,0,1401.369,0,0,44522.438,31897.277,0,14176.91,34486.74,0,106704.29,119705.39,0,39651.156,2207908.2,0,191399.02,15783.398,644962,0,5300.392,0,0,0,230084.38,2584413,136418.66,32824.008,2780211.8,83868.5,0,0,44693.875,34802.73,12646.698,0
P1_H6_cluster257_A0A396KEZ6,A0A396KEZ6,rep1,0,6692.024,1415.773,0,34628.98,12139.924,87001.73,1415.773,12696.823,2581412.5,0,0,0,0,547627.44,1237224,0,7887.318,3641.789,11526.396,25044.148,0,19854.771,8323.578,15906.562,212946.6,24698.201,0,235332.28,9662.056,0,8786.419,0,227096.05,51844.09,169837.28,37166.367,215203.56,73277.33,2767.288,1924.523,13800.267,6176.58,18114.979,0,40656.69,0,0,86114.81,15047.568,353658.1,0,79502.18,0,241176.86,28049.473,311769.97,241484.25,2975.577,37330.39,614919,0,2595.821,0,523024.1,43078.484,0,0,45579.094,0,39714.145,1034979.8,140025.77,128932.52,119807.66,16671.643,17276.445,20987.176,0,7718.511,0,101613.38
P1_H6_cluster257_A0A396KEZ6_rep2,A0A396KEZ6,rep2,0,73193.836,0,0,0,0,113781.24,0,15471.884,1139259.6,0,0,17675.453,0,1151484.2,1629402.2,0,22752.934,2850.693,12070.354,39016.363,0,38862.914,106809.08,54841.508,656939,51761.773,0,319683.5,39853.31,0,14164.359,8515.2,370431.84,297813.4,217106.03,51935.73,877330.7,166785.31,5532.228,3696.533,21715.559,39323.67,17763.053,0,64004.66,0,0,304851.4,29687.078,690184.6,0,200793.39,0,303004.6,62640.96,483583.62,455467.7,0,99834.93,278157.72,0,6565.379,0,1645784,213409.97,0,0,117311.58,0,83616.49,1571263.2,319832.8,1512752.6,195545.12,56311.465,52559.625,88404.9,0,15993.72,1311.155,126091.79
P1_H6_cluster257_A0A396KEZ6_rep3,A0A396KEZ6,rep3,0,2086.9458,0,0,0,0,2825.6938,0,0,50537.24,0,0,0,0,66562.28,81846.62,0,1520.3676,0,420.8626,0,0,1715.2297,0,0,47513.06,479.7596,0,33056.055,2790.5994,0,860.9701,226.4949,27195.656,10401.29,10290.769,0,46935.348,8539.28,450.8731,0,2869.9165,178.8474,5430.2188,0,1123.021,0,0,2482.0562,132.9642,57400.363,0,12643.327,0,0,1706.9576,29327.604,47141.695,439.8395,2132.1187,8517.313,0,0,0,66504.29,3993.6338,0,692.5569,723.5896,767.1244,5022.679,62013.9,30103.02,9601.707,6041.8364,506.3277,0,0,0,0,0,130826.38
P1_H7_cluster308_A0A3E4LQA4,A0A3E4LQA4,rep1,7025.411,51264.863,9093.116,0,45707.45,0,183822.84,9093.116,23262.584,3201627,0,0,2784.02,0,1069135.2,1804376.9,0,20333.303,34039.14,23462.535,52715.527,0,126838.07,3225.54,33933.297,397399.3,47290.004,0,247701.12,28392.092,4551.767,18373.727,2955.5,572745.44,39277.227,259947.23,73557.695,666997.8,164925.08,3224.61,8736.065,33163.27,4127.248,23929.248,0,72792.97,0,0,157947,19540.795,468851.9,0,132022.7,0,376558.03,124676.23,247294.61,420411.22,4953.492,91210.945,935355.56,0,13105.979,0,881417.6,82616.914,0,0,86609.69,0,65662.125,959858,238050.84,543041.06,61350.062,50450.812,24521.455,76247.67,0,18518.166,1599.033,144108.08
P1_H7_cluster308_A0A3E4LQA4_rep2,A0A3E4LQA4,rep2,6503.065,41444.55,0,0,63476.47,0,223240.38,5265.705,16604.05,2136097,0,0,0,0,1261432.2,1949516.9,0,9986.095,36334.85,26090.723,37632.406,0,112263.87,0,34771.484,478646.62,42921.164,0,270655.03,42631.688,1469.802,20404.61,3294.335,593242.44,62529.703,285679.72,60508.957,794819.7,175044.05,2855.601,8239.273,34733.12,8215.21,52741.21,0,61833.418,0,0,183723,26947.428,635269.8,0,181472.34,0,410680.3,181971.08,308860.94,457990.56,2486.355,110583.086,1028389.1,0,13965.49,0,1103275.1,36533.844,0,0,95781.31,8829.642,126606.17,1135097.4,143324.33,221242.44,82889.9,32478.473,49562.98,86761.23,3870.184,20469.625,3169.386,176374.38
P1_H7_cluster308_A0A3E4LQA4_rep3,A0A3E4LQA4,rep3,7153.495,3366.2185,310.2958,0,7556.485,0,17741.586,310.2958,3993.4338,117000.2,0,0,0,0,102257.55,153810.16,0,648.4756,2116.4373,694.3361,3523.5698,0,13288.55,16545.38,2705.939,46700.285,8505.069,0,33818.582,5229.0767,0,5117.1235,0,82275.41,17994.299,37984.688,4770.9785,113868.99,43616.457,0,0,8683.82,2397.4805,12247.699,0,9305.766,0,0,18232.967,3677.5647,177602.16,0,56886.25,0,1050.0532,37999.65,70202.945,128567.39,0,6369.834,106827.54,0,970.7786,0,175908.83,23858.004,0,0,13965.39,0,20841.037,207577.88,80803.766,39133.156,23808.83,7367.1387,2000.3274,17503.451,0,2567.1875,0,63047.57
P1_H8_cluster387_A0A316LWP8,A0A316LWP8,rep1,0,45251.805,0,0,0,0,117418.625,0,11529.47,631513.94,0,0,12717.303,1875.0345,870010.3,2287508.5,0,0,0,0,40971.684,1303.946,12381.386,125954.25,40944.4,498465.2,29006.018,0,235103.14,21177.885,0,8305.925,3587.8538,239784.44,426956.94,131936.44,45895.594,582029.75,344387.22,0,0,5957.6772,20700.963,9232.255,0,98663.414,0,0,265399.75,14031.219,396707.4,816.9353,106030.45,0,181316.89,0,284257.84,419232.06,0,82262.336,130946,0,7695.1973,0,1112060.9,42582.65,0,0,130639.66,0,75678.15,1241496.5,259190.34,866853.25,149563.7,60166.855,19163.38,0,0,18041.27,8174.1055,154972.88
P1_H8_cluster387_A0A316LWP8_rep2,A0A316LWP8,rep2,0,13996.293,0,0,0,0,105583.86,0,10263.205,598658.75,0,0,2914.411,0,752755.8,2176587.2,0,0,0,0,5027.951,0,9547.988,188327.19,33383.848,440252.22,21861.705,0,216927.44,17795.855,0,6354.674,7129.828,166938.5,491609.75,114021.695,30583.69,660588.8,411033.2,0,0,7163.269,2918.367,8166.108,0,70006.15,0,0,127393.445,12240.566,352087.34,1014.375,91808.07,0,161923.52,0,215938.47,392278.53,0,97537.57,116011.37,0,0,0,1062880.1,12147.531,0,0,62925.01,0,47187.453,1024638.56,142109.03,575180.44,132320,72937.92,18522.303,22236.512,0,7688.885,8601.927,163550.27
P1_H8_cluster387_A0A316LWP8_rep3,A0A316LWP8,rep3,0,9614.68,0,0,0,0,64366.01,0,0,620330.3,0,0,3707.7368,0,600755.4,1854970.5,0,2422.537,0,0,4542.661,0,3779.4768,207072.52,12985.297,373450,18634.39,0,200377.62,15223.807,0,5676.0024,1185.9141,221203.31,558079.4,91801.49,28148.135,715288.56,309406.9,0,0,6332.108,0,11418.775,0,41868.098,0,0,170213.61,5920.19,299436.78,891.4508,83049.375,0,138018.78,0,115615.164,403747.88,0,97266.73,256442.22,3148.4092,0,0,986571.75,28228.395,0,0,43677.516,0,75079.81,949566.6,240294.39,653920.3,123115.53,52944.85,10526.686,14502.701,0,16047.593,17891.531,122517.3
P1_H9_cluster422_A0A3D4LSP0,A0A3D4LSP0,rep1,0,0,0,0,0,0,0,0,0,0,0,0,0,0,0,123368.29,0,0,0,0,0,0,0,150483.55,0,0,2667.209,0,1074.313,0,0,0,0,0,1172350.4,0,0,6070.855,1708.253,0,0,0,0,0,0,58618.7,0,0,1003.249,0,16047.184,0,0,0,0,0,0,0,0,56278.797,13983.875,0,0,0,475752,0,0,0,0,0,340225.4,4730.238,96640.234,27591.564,0,80992.97,0,0,0,0,0,0
P1_H9_cluster422_A0A3D4LSP0_rep2,A0A3D4LSP0,rep2,0,0,0,0,0,0,0,0,0,0,0,0,0,0,0,0,0,0,0,0,0,0,0,0,0,0,0,0,0,0,0,0,0,0,0,0,0,0,0,0,0,0,0,0,0,0,0,0,0,0,0,0,0,0,0,0,0,0,0,0,0,0,0,0,0,0,0,0,0,0,0,0,0,0,0,0,0,0,0,0,0,0
P1_H9_cluster422_A0A3D4LSP0_rep3,A0A3D4LSP0,rep3,0,0,0,0,0,0,0,0,0,0,0,0,0,0,0,93494.36,0,0,0,0,0,0,0,412862.22,0,0,0,0,0,0,0,0,0,6190.979,2440374.8,0,0,4795.626,0,0,0,0,0,0,0,46342.066,0,0,731.4395,0,23610.834,0,0,0,0,0,0,0,0,107675.81,0,12124.904,0,0,732600.44,5939.382,0,0,0,0,217781.8,13298.617,135282.62,44781.58,2143.5444,105354.25,0,0,0,0,0,0
P2_A1_cluster870_A0A1Q6SNA2,A0A1Q6SNA2,rep1,0,0,0,0,0,0,0,0,0,0,0,0,0,0,0,0,0,0,0,0,0,0,0,0,0,0,0,0,0,0,0,0,0,0,0,0,0,0,0,0,0,0,0,0,0,0,0,0,0,0,0,0,0,0,0,0,0,0,0,0,0,0,0,0,0,0,0,0,0,0,0,0,0,0,0,0,0,0,0,0,4274.689,0
P2_A1_cluster870_A0A1Q6SNA2_rep2,A0A1Q6SNA2,rep2,0,0,0,0,0,0,0,0,0,0,0,0,0,0,0,0,0,0,0,0,0,0,0,0,0,0,0,0,0,0,0,0,0,0,0,0,0,0,0,0,0,0,0,0,0,0,0,0,0,0,0,0,0,0,0,0,0,0,0,0,0,0,0,0,0,0,0,0,0,0,0,0,0,0,0,0,0,0,0,0,0,0
P2_A1_cluster870_A0A1Q6SNA2_rep3,A0A1Q6SNA2,rep3,0,0,0,0,0,0,0,0,0,0,0,0,0,0,0,0,0,0,0,0,0,0,0,0,0,0,0,0,0,0,0,0,0,0,0,0,0,0,0,0,0,0,0,0,0,0,0,0,0,0,0,0,0,0,0,0,0,0,0,0,0,0,0,0,0,0,0,0,0,0,0,0,0,0,1998.44,0,0,0,517.165,0,0,0
P2_A2_Lysinibacillus_PVA_P12256,P12256,rep1,0,0,0,0,0,0,0,0,0,0,0,0,0,0,0,0,0,0,0,0,0,0,0,0,0,0,0,0,0,0,0,0,0,0,0,0,0,0,0,0,0,0,0,0,0,0,0,0,0,0,0,0,0,0,0,0,0,0,0,0,0,0,0,0,0,0,0,0,0,0,0,0,0,0,0,0,0,0,0,0,3170.738,0
P2_A2_Lysinibacillus_PVA_P12256_rep2,P12256,rep2,0,0,0,0,0,0,0,0,0,0,0,0,0,0,0,198195.92,0,0,0,0,0,0,0,222694.1,0,0,9902.006,0,0,1089.112,0,0,0,6260.74,1889452,0,0,3992.426,2191.336,0,0,0,0,0,0,195289.12,0,0,0,0,15701.468,0,0,0,0,0,0,0,0,116289.28,0,12495.19,0,0,598578.4,0,0,0,5596.395,0,399392.97,13050.133,153884.84,138929.2,0,106180.42,0,0,0,0,2197.673,0
P2_A2_Lysinibacillus_PVA_P12256_rep3,P12256,rep3,0,0,0,0,0,0,0,0,0,0,0,0,0,0,0,0,0,0,0,0,0,0,0,0,0,0,0,0,0,0,0,0,0,0,0,0,0,0,0,0,0,0,0,0,0,0,0,0,0,0,0,0,0,0,0,0,0,0,0,0,0,0,0,0,0,0,0,0,0,0,0,0,0,0,0,0,0,0,0,0,0,0
P2_A3_Prosthecochloris_A0A317T5Z6,A0A317T5Z6,rep1,0,0,0,0,0,0,0,0,0,0,0,0,0,0,0,0,0,0,0,0,0,0,0,0,0,0,0,0,0,0,0,0,0,0,0,0,0,0,0,0,0,0,0,0,0,0,0,0,0,0,0,0,0,0,0,0,0,0,0,0,0,0,0,0,0,0,0,0,0,0,0,0,0,0,0,0,0,0,0,0,0,0
P2_A3_Prosthecochloris_A0A317T5Z6_rep2,A0A317T5Z6,rep2,0,0,0,0,0,0,0,0,0,0,0,0,0,0,0,0,0,0,0,0,0,0,0,0,0,0,0,0,0,0,0,0,0,0,0,0,0,0,0,0,0,0,0,0,0,0,0,0,0,0,0,0,0,0,0,0,0,0,0,0,0,0,0,0,0,0,0,0,0,0,0,0,0,0,0,0,0,0,0,0,0,0
P2_A3_Prosthecochloris_A0A317T5Z6_rep3,A0A317T5Z6,rep3,0,0,0,0,0,0,0,0,0,0,0,0,0,0,0,0,0,0,0,0,0,0,0,0,0,0,0,0,0,0,0,0,0,0,0,0,0,0,0,0,0,0,0,0,0,0,0,0,0,0,0,0,0,0,0,0,0,0,0,0,0,0,0,0,0,0,0,0,0,0,0,0,0,0,0,0,0,0,0,0,0,0
P2_A4_Moorena_SIO4A1_A0A6B3MYR8,A0A6B3MYR8,rep1,0,0,0,0,0,0,0,0,0,0,0,0,0,0,0,0,0,0,0,0,0,0,0,0,0,0,0,0,0,0,0,0,0,0,0,0,0,0,0,0,0,0,0,0,0,0,0,0,0,0,0,0,0,0,0,0,0,0,0,0,0,0,0,0,0,0,0,0,0,0,0,0,0,0,0,0,0,0,0,0,0,0
P2_A4_Moorena_SIO4A1_A0A6B3MYR8_rep2,A0A6B3MYR8,rep2,0,0,0,0,0,0,0,0,0,0,0,0,0,0,0,0,0,0,0,0,0,0,0,0,0,0,0,0,0,0,0,0,0,0,0,0,0,0,0,0,0,0,0,0,0,0,0,0,0,0,0,0,0,0,0,0,0,0,0,0,0,0,0,0,0,0,0,0,0,0,0,0,0,0,0,0,0,0,0,0,0,0
P2_A4_Moorena_SIO4A1_A0A6B3MYR8_rep3,A0A6B3MYR8,rep3,0,0,0,0,0,0,0,0,0,0,0,0,0,0,0,0,0,0,0,0,0,0,0,0,0,0,0,0,0,0,0,0,0,0,0,0,0,0,0,0,0,0,0,0,0,0,0,0,0,0,0,0,0,0,0,0,0,0,0,0,0,0,0,0,0,0,0,0,0,0,0,0,0,0,4193.261,0,0,0,0,0,0,0
P2_A5_empty_vector_control,Negative_ctrl_1,rep1,0,0,0,0,0,0,0,0,0,0,0,0,0,0,0,0,0,0,0,0,0,0,0,0,0,0,0,0,0,0,0,0,0,0,0,0,0,0,0,0,0,0,0,0,0,0,0,0,0,0,0,0,0,0,0,0,0,0,0,0,0,0,0,0,0,0,0,0,0,0,0,0,0,0,0,0,0,0,0,0,0,0
P2_A5_empty_vector_control_rep2,Negative_ctrl_1,rep2,0,0,0,0,0,0,0,0,0,0,0,0,0,0,0,137911.69,0,0,0,0,0,0,0,142132.5,0,0,7141.92,0,0,0,0,0,0,8283.422,980264.94,0,0,3333.951,10319.759,0,0,0,0,0,0,178886.97,0,0,0,0,15423.415,0,0,0,0,0,0,0,0,99197.766,0,4839.286,0,0,609654.25,0,0,0,0,0,410793.66,0,178667.75,50245.973,5152.449,69697.055,0,0,0,0,7170.462,0
P2_A5_empty_vector_control_rep3,Negative_ctrl_1,rep3,0,0,0,0,0,0,0,0,0,0,0,0,0,0,0,216588.36,0,0,0,0,0,0,0,294419.06,0,0,0,0,0,1101.915,0,0,0,3742.082,1495019,0,0,5247.84,4193.694,0,0,0,0,0,0,142042.17,0,0,0,0,14262.844,0,0,0,0,0,0,0,0,122827.87,0,12280.944,0,0,657926.4,10058.753,0,0,0,0,254810.98,4170.113,164504.33,59326.957,3384.995,36912.207,0,0,0,0,1782.305,0
P2_B1_cluster900_A0A416W0A8,A0A416W0A8,rep1,0,0,0,0,0,0,0,0,0,0,0,0,0,0,0,0,0,0,0,0,0,0,0,0,0,0,0,0,0,0,0,0,0,0,0,0,0,0,0,0,0,0,0,0,0,0,0,0,0,0,0,0,0,0,0,0,0,0,0,0,0,0,0,0,0,0,0,0,0,0,0,0,0,0,0,0,0,0,0,0,1010.609,0
P2_B1_cluster900_A0A416W0A8_rep2,A0A416W0A8,rep2,0,0,0,0,0,0,0,0,0,75612.41,0,0,0,0,185446.47,237209.42,0,0,0,0,0,0,0,289612.53,0,20209.023,15527.877,0,55196.21,3353.852,0,0,0,0,1621434.8,11632.632,0,131206.89,96066.18,0,0,0,1569.446,0,0,109835.414,0,0,203628.66,0,355285.78,0,3159.38,0,0,0,0,47832.1,0,83009.98,6023.291,9530.371,0,0,1018298,0,0,0,18953.791,0,58475.44,295694.47,163848.48,220483.05,60255.375,96494.83,0,0,0,0,1832.643,0
P2_B1_cluster900_A0A416W0A8_rep3,A0A416W0A8,rep3,0,0,0,0,0,0,0,0,0,0,0,0,0,0,0,0,0,0,0,0,0,0,0,0,0,0,0,0,0,0,0,0,0,0,0,0,0,0,0,0,0,0,0,0,0,0,0,0,0,0,0,0,0,0,0,0,0,0,0,0,0,0,0,0,0,0,0,0,0,0,0,0,0,0,0,0,0,0,0,0,0,0
P2_B2_Lactobacillus_PVA_BBD47700,BBD47700,rep1,0,0,0,0,0,0,0,0,0,0,0,0,0,0,0,0,0,0,0,0,0,0,0,0,0,0,0,0,0,0,0,0,0,0,0,0,0,0,0,0,0,0,0,0,0,0,0,0,0,0,0,0,0,0,0,0,0,0,0,0,0,0,0,0,0,0,0,0,0,0,0,0,0,0,0,0,0,0,0,0,860.1897,0
P2_B2_Lactobacillus_PVA_BBD47700_rep2,BBD47700,rep2,0,21620.762,0,0,0,0,0,0,0,8113690,0,0,0,0,493545.2,197267.14,0,0,0,0,0,0,0,211662.44,0,0,0,0,60412.766,0,0,0,0,1415.367,1188913.6,0,44083.133,0,5818.054,0,0,0,0,0,0,62972.266,0,0,0,0,88223.58,0,0,0,0,0,15908.744,688345.6,0,90716.5,15961.209,11704.608,3619.417,0,505306.66,0,0,0,0,0,297029.5,179970.5,70558.22,84719.87,43112.2,34180.742,0,0,0,0,2926.334,0
P2_B2_Lactobacillus_PVA_BBD47700_rep3,BBD47700,rep3,0,19096.682,0,0,0,0,0,0,0,6509389,0,0,0,0,265526.4,215600.31,0,0,0,0,0,0,0,448721.4,0,0,0,0,59321.977,0,0,0,0,1287.7921,1742759.8,0,14150.698,0,0,0,0,0,0,0,0,44953.69,0,0,0,0,88896.76,411.4856,0,0,0,0,0,485507.38,0,42252.31,129881.43,7392.504,10793.143,0,464345.7,4675.141,0,0,0,0,285277.5,181947.39,48524.11,49922.62,63084.035,37798.04,0,0,0,0,0,0
P2_B3_Francisella_A0A5C2BYC4,A0A5C2BYC4,rep1,0,0,0,0,0,0,0,0,0,0,0,0,0,0,0,0,0,0,0,0,0,0,0,0,0,0,0,0,0,0,0,0,0,0,0,0,0,0,0,0,0,0,0,0,0,0,0,0,0,0,0,0,0,0,0,0,0,0,0,0,0,0,0,0,0,0,0,0,0,0,0,0,0,0,0,0,0,0,0,0,2955.023,0
P2_B3_Francisella_A0A5C2BYC4_rep2,A0A5C2BYC4,rep2,0,0,0,0,0,0,0,0,0,0,0,0,0,0,0,159815.39,0,0,0,0,0,0,0,284172.12,0,0,0,0,0,0,0,0,0,0,1401186.6,0,0,0,0,0,0,0,0,0,0,45648.066,0,0,0,0,8996.176,0,0,0,0,0,0,0,0,71086.42,0,8083.477,0,0,537315.25,0,0,0,0,0,320767.28,4557.261,153600.27,37720.69,0,99155.65,0,0,0,0,2976.159,0
P2_B3_Francisella_A0A5C2BYC4_rep3,A0A5C2BYC4,rep3,0,0,0,0,0,0,0,0,0,0,0,0,0,0,0,192821.7,0,0,0,0,0,0,0,401541.6,0,0,0,0,2724.266,0,0,0,0,0,2003193,0,0,0,0,0,0,0,0,0,0,57999.2,0,0,0,0,14628.414,0,0,0,0,0,0,0,0,116320.78,0,6902.858,0,0,734046.94,12543.237,0,0,0,0,396057.4,0,96623.93,38765.31,5128.46,84309.43,0,0,0,0,0,0
P2_B4_Okeania_SIO1F9_A0A6B3PBB6,A0A6B3PBB6,rep1,0,0,0,0,0,0,0,0,0,0,0,0,0,0,0,0,0,0,0,0,0,0,0,0,0,0,0,0,0,0,0,0,0,0,0,0,0,0,0,0,0,0,0,0,0,0,0,0,0,0,0,0,0,0,0,0,0,0,0,0,0,0,0,0,0,0,0,0,0,0,0,0,0,0,0,0,0,0,0,0,775.7605,0
P2_B4_Okeania_SIO1F9_A0A6B3PBB6_rep2,A0A6B3PBB6,rep2,0,0,0,0,0,0,0,0,0,0,0,0,0,0,0,220866.64,0,0,0,0,0,0,0,303729.75,0,0,0,0,0,0,0,0,0,0,1598306,0,0,0,1791.587,0,0,0,0,0,0,91498.984,0,0,0,0,12254.728,0,0,0,0,0,0,0,0,96614.25,0,8446.069,0,0,555317.2,0,0,0,0,0,370284.25,4239.845,165576.94,32964.92,6753.308,133232.88,0,0,0,0,1979.482,0
P2_B4_Okeania_SIO1F9_A0A6B3PBB6_rep3,A0A6B3PBB6,rep3,0,0,0,0,0,0,0,0,0,0,0,0,0,0,0,0,0,0,0,0,0,0,0,0,0,0,0,0,0,0,0,0,0,0,0,0,0,0,0,0,0,0,0,0,0,0,0,0,0,0,0,0,0,0,0,0,0,0,0,0,0,0,0,0,0,0,0,0,0,0,0,0,0,0,0,0,0,0,0,0,0,0
P2_B5_empty_vector_control,Negative_ctrl_2,rep1,0,0,0,0,0,0,0,0,0,0,0,0,0,0,0,0,0,0,0,0,0,0,0,0,0,0,0,0,0,0,0,0,0,0,0,0,0,0,0,0,0,0,0,0,0,0,0,0,0,0,0,0,0,0,0,0,0,0,0,0,0,0,0,0,0,0,0,0,0,0,0,0,0,0,0,0,0,0,0,0,0,0
P2_B5_empty_vector_control_rep2,Negative_ctrl_2,rep2,0,0,0,0,0,0,0,0,0,0,0,0,0,0,0,180823.27,0,0,0,0,0,0,0,194330.28,0,0,0,0,0,0,0,0,0,1631.7432,970013.3,0,0,10576.936,0,0,0,0,0,0,0,0,0,0,0,0,0,0,0,0,0,0,0,0,0,65198.867,0,5916.366,0,0,448824.12,0,0,0,0,0,31948.906,607.1163,88621.28,45466.1,3881.06,17008.027,0,0,0,0,3181.5603,0
P2_B5_empty_vector_control_rep3,Negative_ctrl_2,rep3,0,0,0,0,0,0,0,0,0,0,0,0,0,0,0,200843.12,0,0,0,0,0,0,0,286485.38,0,0,0,0,0,0,0,0,0,3881.625,1382996.4,0,0,12283.003,2127.175,0,0,0,0,0,0,0,0,0,0,0,0,0,0,0,0,0,0,0,0,68141.58,0,10988.64,0,0,541034.94,0,0,0,0,0,317377.94,4702.049,145129.95,39196.89,4709.893,22566.893,0,0,0,0,1961.877,0
P2_C1_cluster960_G5H9U7,G5H9U7,rep1,0,0,0,0,0,0,0,0,0,0,0,0,0,0,0,137697.98,0,0,0,0,0,0,0,212885.62,0,0,0,0,1079.96,0,0,0,0,0,1318404.1,0,0,0,1698.913,0,0,0,0,0,0,147065.03,0,0,0,0,10114.518,0,0,0,0,0,0,0,0,71347.48,15520.536,7037.379,0,0,481341.84,0,0,0,0,0,356897.3,0,111626.63,51892.523,0,72706.5,0,0,0,0,6173.19,0
P2_C1_cluster960_G5H9U7_rep2,G5H9U7,rep2,0,0,0,0,0,0,0,0,0,0,0,0,0,0,0,184929.31,0,0,0,0,0,0,0,328822.12,0,0,0,0,933.3007,0,0,0,0,0,1568635.5,0,0,0,0,0,0,0,0,0,0,141526.08,0,0,0,0,9149.355,0,0,0,0,0,0,0,0,75978.25,0,5420.7407,0,0,456607.9,19175.5,0,0,0,0,325924.16,5150.254,72306.27,30205.371,0,73518.94,0,0,0,0,1674.0852,0
P2_C1_cluster960_G5H9U7_rep3,G5H9U7,rep3,0,0,0,0,0,0,0,0,0,0,0,0,0,0,0,243684.31,0,0,0,0,0,0,0,391773.16,0,0,0,0,0,0,0,0,0,0,1741301.9,0,0,3046.5752,0,0,0,0,0,0,0,102864.4,0,0,0,0,10762.63,0,0,0,0,0,0,0,0,89985.81,0,12175.185,0,0,521264.97,18195.688,0,0,0,0,355204.28,0,70355.45,48060.31,0,56125.125,0,0,0,0,568.9818,0
P2_C2_Maribacter_A0A848U0C2,A0A848U0C2,rep1,0,0,0,0,0,0,0,0,0,0,0,0,0,0,0,149048.11,0,0,0,0,0,0,0,175368.2,0,0,0,0,0,0,0,0,0,0,1109840.1,0,0,0,0,0,0,0,0,0,0,158772.42,0,0,0,0,8694.691,0,0,0,0,0,0,0,0,50430.066,24880.771,2646.58,0,0,376761.53,0,0,0,0,0,304711.62,0,102492.87,32171.934,0,80011.234,0,0,0,0,19321.457,0
P2_C2_Maribacter_A0A848U0C2_rep2,A0A848U0C2,rep2,0,0,0,0,0,0,0,0,0,0,0,0,0,0,0,175927.39,0,0,0,0,0,0,0,262605,0,0,0,0,1394.509,0,0,0,0,5759.776,1150688.6,0,0,0,1309.403,0,0,0,0,0,0,129524.9,0,0,0,0,8276.636,0,0,0,0,0,0,0,0,84648.2,0,8088.375,0,0,412327.34,0,0,0,0,0,168386.22,0,99720.44,57640.305,0,90355.305,0,0,0,0,3354.652,0
P2_C2_Maribacter_A0A848U0C2_rep3,A0A848U0C2,rep3,0,0,0,0,0,0,0,0,0,0,0,0,0,0,0,211917.84,0,0,0,0,0,0,616.421,391029,0,0,0,0,0,0,0,0,0,0,1825603.1,0,0,0,0,0,0,0,0,0,0,106263.35,0,0,0,0,7440.703,0,0,0,0,0,0,0,0,81653.5,3349.694,12103.25,0,0,421286.16,10851.381,0,0,0,0,309189.03,0,66993.086,25115.572,2440.995,61769.453,0,0,0,0,0,0
P2_C3_Francisella_A0A5C2C0X5,A0A5C2C0X5,rep1,0,0,0,0,0,0,0,0,0,0,0,0,0,0,0,133565.03,0,0,0,0,0,0,0,223014.72,0,0,0,0,644.0623,0,0,0,0,0,1382506.5,0,0,0,0,0,0,0,0,0,0,54448.785,0,0,0,0,8507.551,0,0,0,0,0,0,0,0,59727.38,12635.393,5130.0327,0,0,409480.84,0,0,0,0,0,317805.88,0,100137.42,20867.777,0,78909.14,0,0,0,0,4031.225,0
P2_C3_Francisella_A0A5C2C0X5_rep2,A0A5C2C0X5,rep2,0,0,0,0,0,0,0,0,0,0,0,0,0,0,0,242976.38,0,0,0,0,0,0,0,311550.28,0,0,0,0,0,0,0,0,0,0,1658998,0,0,0,0,0,0,0,0,0,0,43786.91,0,0,0,0,8394.627,0,0,0,0,0,0,0,0,61254.395,0,8897.88,0,0,441363.12,0,0,0,0,0,282508.75,0,54806.734,36082.734,0,68587.484,0,0,0,0,1570.864,0
P2_C3_Francisella_A0A5C2C0X5_rep3,A0A5C2C0X5,rep3,0,0,0,0,0,0,0,0,0,0,0,0,0,0,0,202062.83,0,0,0,0,0,0,565.7432,316430.28,0,0,0,0,0,0,0,0,0,0,1633126.8,0,0,0,0,0,0,0,0,0,0,30691.877,0,0,0,0,9459.402,0,0,0,0,0,0,0,0,60702.105,0,10793.674,0,0,479622.3,0,0,0,0,0,346814.4,4059.2197,68941.66,36080.99,0,41176.664,0,0,0,0,0,0
P2_C4_Okeania_SIO1F9_A0A6B3PFJ7,A0A6B3PFJ7,rep1,0,0,0,0,0,0,0,0,0,0,0,0,0,0,0,108606.59,0,0,0,0,0,0,789.9911,179732.2,0,0,0,0,1348.6373,0,0,0,0,0,1096178,0,0,0,0,0,0,0,0,0,0,113488.79,0,0,0,0,9988.921,0,0,0,0,0,0,0,0,48282.805,25829.932,2080.4805,0,0,407573.25,0,0,0,0,0,171959.03,0,144916.66,30672.127,0,82535.66,0,0,0,0,8036.7207,0
P2_C4_Okeania_SIO1F9_A0A6B3PFJ7_rep2,A0A6B3PFJ7,rep2,0,0,0,0,0,0,0,0,0,0,0,0,0,0,0,191903.11,0,0,0,0,0,0,0,292662.8,0,0,0,0,0,0,0,0,0,5924.4336,1469726.1,0,0,0,0,0,0,0,0,0,0,95562.85,0,0,0,0,8994.514,0,0,0,0,0,0,0,0,74633.98,0,10344.886,0,0,447413.8,0,0,0,0,0,311845.78,3494.343,137516.95,33540.918,0,89632.95,0,0,0,0,743.2592,0
P2_C4_Okeania_SIO1F9_A0A6B3PFJ7_rep3,A0A6B3PFJ7,rep3,0,0,0,0,0,0,0,0,0,0,0,0,0,0,0,190669.23,0,0,0,0,0,0,0,317904.66,0,0,0,0,0,0,0,0,0,0,1682431.5,0,0,0,0,0,0,0,0,0,0,67829.07,0,0,0,0,9695.58,0,0,0,0,0,0,0,0,81320.5,0,8661.282,0,0,428105.6,10268.462,0,0,0,0,312381.75,4561.565,127955.52,31957.14,0,74202.35,0,0,0,0,1033.414,0
P2_C5_empty_vector_control,Negative_ctrl_3,rep1,0,0,0,0,0,0,0,0,0,0,0,0,0,0,0,98349.47,0,0,0,0,0,0,0,167969.44,0,0,0,0,0,0,0,0,0,0,959900.44,0,0,16158.914,0,0,0,0,0,0,0,0,0,0,0,0,0,0,0,0,0,0,0,0,0,51779.863,20778.076,2972.623,0,0,477404,0,0,0,0,0,156062.75,7401.747,79416.92,43486.824,3652.5,13607.723,0,0,8703.674,0,2436.495,0
P2_C5_empty_vector_control_rep2,Negative_ctrl_3,rep2,0,0,0,0,0,0,0,0,0,0,0,0,0,0,0,178229.75,1943.581,0,0,0,0,0,0,206230.02,0,0,0,0,0,0,0,0,0,0,904031.1,0,0,14227.006,1249.423,0,0,0,0,0,0,0,0,0,0,0,0,0,0,0,0,0,0,0,0,63171.332,0,10928.207,0,0,533028.94,0,0,0,0,0,176465.02,11454.349,78001.26,46849.754,4725.942,11162.51,0,0,0,0,1967.02,0
P2_C5_empty_vector_control_rep3,Negative_ctrl_3,rep3,0,0,0,0,0,0,0,0,0,0,0,0,0,0,0,225597.17,0,0,0,0,0,0,0,327724.1,0,0,0,0,0,0,0,0,0,0,1363532.4,0,0,6168.499,0,0,0,0,0,0,0,0,0,0,0,0,0,0,0,0,0,0,0,0,0,78691.01,0,6406.465,0,0,627911.9,6284.192,0,0,0,0,332483.6,7399.588,83736.33,58620.617,3855.391,21280.506,0,0,0,0,2775.881,0
P2_D1_cluster976_G5H9N3,G5H9N3,rep1,0,0,0,0,0,0,0,0,0,0,0,0,0,0,0,124850.016,0,0,0,0,0,0,0,198115.97,0,0,1464.952,0,2129.132,0,0,0,0,3748.353,1237523.6,0,0,0,0,0,0,0,0,0,0,80642.56,0,0,0,0,12439.855,0,0,0,0,0,0,0,0,78024.91,30701.637,6365.562,0,0,494334.5,0,0,0,0,0,359849.78,6819.525,88799.414,37684.023,0,54977.043,0,0,0,0,2324.413,0
P2_D1_cluster976_G5H9N3_rep2,G5H9N3,rep2,0,0,0,0,0,0,0,0,0,0,0,0,0,0,0,199704.56,0,0,0,0,0,0,0,340059.84,0,0,0,0,0,0,0,0,0,0,1763334.9,0,0,0,0,0,0,0,0,0,0,60199.02,0,0,0,0,11039.557,0,0,0,0,0,0,0,0,71665.87,3122.592,10438.905,0,0,527215.25,0,0,0,0,0,295573.7,9653.691,99423.39,44414.668,0,75935.63,0,0,0,0,3886.715,0
P2_D1_cluster976_G5H9N3_rep3,G5H9N3,rep3,0,0,0,0,0,0,0,0,0,0,0,0,0,0,0,253239.11,0,0,0,0,0,0,0,395005.47,0,0,0,0,0,0,0,0,0,0,2278766,0,0,0,0,0,0,0,0,0,0,43545.71,0,0,0,0,11994.55,0,0,0,0,0,0,0,0,63479.527,0,10301.891,0,0,497632.78,0,0,0,0,0,336554.06,5232.568,59662.586,41818.88,1613.285,29745.516,0,0,0,0,0,0
P2_D2_Myroides_A0A7K1GNS5,A0A7K1GNS5,rep1,0,0,0,0,0,0,0,0,0,0,0,0,0,0,0,105477.55,0,0,0,0,0,0,0,195593.58,0,0,0,0,0,0,0,0,0,0,1317787.2,0,0,0,0,0,0,0,0,0,0,51929.17,0,0,0,0,8333.9,0,0,0,0,0,0,0,0,46768.6,22319.68,0,0,0,386457.3,0,0,0,0,0,175582.34,0,112990.84,41211.38,0,88141.84,0,0,0,0,12413.1,0
P2_D2_Myroides_A0A7K1GNS5_rep2,A0A7K1GNS5,rep2,0,0,0,0,0,0,0,0,0,0,0,0,0,0,0,171288.23,0,0,0,0,0,0,0,328359.25,0,0,0,0,0,0,0,0,0,0,1541885.8,0,0,0,0,0,0,0,0,0,0,44585.14,0,0,0,0,9183.297,0,0,0,0,0,0,0,0,61301.875,0,8301.804,0,0,454544.28,0,0,0,0,0,178441.27,4200.6904,59970.35,47882.82,0,50224.137,0,0,0,0,825.4719,0
P2_D2_Myroides_A0A7K1GNS5_rep3,A0A7K1GNS5,rep3,0,0,0,0,0,0,0,0,0,0,0,0,0,0,0,187123.69,0,0,0,0,0,0,0,367272.72,0,0,0,0,0,0,0,0,0,0,2161953.2,0,0,0,0,0,0,0,0,0,0,39526.64,0,0,0,0,5212.586,0,0,0,0,0,0,0,0,76009.445,0,11836.089,0,0,466104.7,12390.67,0,0,0,0,323258.9,0,77619.86,37607.312,0,65769.62,0,0,0,0,946.5552,0
P2_D3_Francisella_A0A5C2C1U8,A0A5C2C1U8,rep1,0,0,0,0,0,0,0,0,0,0,0,0,0,0,0,141598.1,0,0,0,0,0,0,0,184277.66,0,0,0,0,816.2749,0,0,0,0,0,1188911,0,0,0,0,0,0,0,0,0,0,57304.082,0,0,0,0,8529.481,0,0,0,0,0,0,0,0,62091.793,22892.61,3704.016,0,0,432613.38,0,0,0,0,0,306471.9,0,110709.3,25912.594,0,49094.3,0,0,0,0,4506.732,0
P2_D3_Francisella_A0A5C2C1U8_rep2,A0A5C2C1U8,rep2,0,0,0,0,0,0,0,0,0,0,0,0,0,0,0,201124,0,0,0,0,0,0,0,300741.97,0,0,0,0,0,0,0,0,0,0,1755874.5,0,0,0,0,0,0,0,0,0,0,45465.67,0,0,0,0,9663.645,0,0,0,0,0,0,0,0,60418.22,0,12464.675,0,0,526313.75,5884.615,0,0,0,0,305232.2,0,55963.207,31787.342,0,45151.418,0,0,0,0,1792.917,0
P2_D3_Francisella_A0A5C2C1U8_rep3,A0A5C2C1U8,rep3,0,0,0,0,0,0,0,0,0,0,0,0,0,0,0,3489.2998,0,0,0,0,0,0,0,5813.657,0,0,0,0,0,0,0,0,0,0,21000.541,0,0,0,0,0,0,0,0,251.7291,0,340.8021,0,0,0,0,367.0432,0,0,0,0,0,0,0,0,1173.3306,522.6898,1990.0103,0,0,62108.09,0,0,0,0,0,20710.783,0,21006.502,0,0,1661.3242,0,0,320.8382,0,0,9628.255
P2_D4_Melainabacteria_A0A952U252,A0A952U252,rep1,0,0,0,0,0,0,0,0,0,0,0,0,0,0,0,140151.52,0,0,0,0,0,0,0,174292.16,0,0,0,0,0,0,0,0,0,0,1143668.1,0,0,0,0,0,0,0,0,0,0,98608.62,0,0,0,0,9858.149,0,0,0,0,0,0,0,0,49862.746,21290.6,4210.572,0,0,417456.84,0,0,0,0,0,317997.38,4539.703,116150.516,27708.203,0,100376.445,0,0,0,0,14232.884,0
P2_D4_Melainabacteria_A0A952U252_rep2,A0A952U252,rep2,0,0,0,0,0,0,0,0,0,0,0,0,0,0,0,159070.98,0,0,0,0,0,0,0,311874.97,0,0,0,0,0,0,0,0,0,0,1448608,0,0,0,0,0,0,0,0,0,0,78901.586,0,0,0,0,9861.461,0,0,0,0,0,0,0,0,85373.11,0,10609.85,0,2233.694,476379.9,0,0,0,0,0,327597.97,0,81258.82,34018.3,0,42994.684,0,0,0,0,0,0
P2_D4_Melainabacteria_A0A952U252_rep3,A0A952U252,rep3,0,0,0,0,0,0,0,0,0,0,0,0,0,0,0,186950.33,0,0,0,0,0,0,0,337523.44,0,0,0,0,0,0,0,0,0,0,2021758.6,0,0,0,0,0,0,0,0,0,0,56932.68,0,0,0,0,9264.328,0,0,0,0,0,0,0,0,81277.62,0,14749.634,0,0,431916.38,0,0,3108.8657,0,0,311533.44,3436.0454,72343.2,37770.195,4590.708,66048.75,0,0,0,0,895.6226,0
P2_D5_substrate_only_control,Only_substrate_1,rep1,0,0,0,0,0,0,0,0,0,0,0,0,0,0,0,148815.34,0,0,0,0,0,0,0,161487.4,0,0,0,0,0,0,0,0,0,0,945193.6,0,0,17969.914,4004.767,0,0,0,0,0,0,0,0,0,0,0,0,0,0,0,0,0,0,0,0,53328.08,15506.596,1410.651,0,0,462909.75,0,0,0,0,0,290603.3,7900.866,128201.24,39357.07,3944.637,22593.512,0,0,0,0,6087.671,0
P2_D5_substrate_only_control_rep2,Only_substrate_1,rep2,0,0,0,0,0,0,0,0,0,0,0,0,0,0,0,170739.52,0,0,0,0,0,0,0,219566.75,0,0,0,0,0,582.7118,0,0,0,0,1154459.5,0,0,16586.115,0,0,0,0,0,0,0,0,0,0,0,0,0,0,0,0,0,0,0,0,0,57079.14,0,6743.9805,0,0,504900.62,0,0,0,0,0,316170.94,5864.166,72121.71,53538.52,4965.5522,10804.889,0,0,0,0,4041.1675,0
P2_D5_substrate_only_control_rep3,Only_substrate_1,rep3,0,0,0,0,0,0,0,0,0,0,0,0,0,0,0,239115.33,0,0,0,0,0,0,0,295874.5,0,0,0,0,0,505.3602,0,0,0,1538.0516,1518695.4,0,0,8446.394,0,0,0,0,0,0,0,0,0,0,0,0,0,0,0,0,0,0,0,0,0,68465.64,0,9618.296,0,0,518631.62,5020.172,0,0,0,0,333487.84,11752.226,106342.8,53406.617,4178.233,14790.408,0,0,0,0,1696.2286,0
P2_E1_Listeria_PVA_Q8Y9S7,Q8Y9S7,rep1,0,0,0,0,0,0,0,0,0,0,0,0,0,0,0,144598.03,0,0,0,0,0,0,0,169272.58,0,0,0,0,0,0,0,0,0,4191.657,1505827.2,0,0,0,2116.611,0,0,0,0,0,0,69492.39,0,0,0,0,12514.813,0,0,0,0,0,0,0,0,56902.85,25666.89,4413.907,0,0,491180,0,0,0,0,0,351042.2,4618.8,147071.34,31777.248,0,92281.72,0,0,0,0,2436.674,0
P2_E1_Listeria_PVA_Q8Y9S7_rep2,NA,rep2,0,0,0,0,0,0,0,0,0,0,0,0,0,0,0,187143.95,0,0,0,0,0,0,0,307001.4,0,0,0,0,0,0,0,0,0,0,1546685.6,0,0,0,0,0,0,0,0,0,0,50873.67,0,0,0,0,8041.622,0,0,0,0,0,0,0,0,78404.52,0,11112.338,0,0,445872.5,0,0,0,0,0,177668.73,4634.795,160659.31,45029.402,0,94287.266,0,0,0,0,6157.986,0
P2_E1_Listeria_PVA_Q8Y9S7_rep3,Q8Y9S7,rep3,0,0,0,0,0,0,0,0,0,0,0,0,0,0,0,190829.56,0,0,0,0,0,0,0,314347.78,0,0,0,0,1245.371,0,0,0,0,0,1775066.9,0,0,0,0,0,0,0,0,0,0,37080.84,0,0,0,0,9543.427,0,0,0,0,0,0,0,0,72909.48,0,12017.494,0,0,465297.12,0,0,0,0,0,339163.66,0,89763.97,25390.756,0,47959.39,0,0,0,0,0,0
P2_E2_Aureitalea_A0A2S7KLN3,A0A2S7KLN3,rep1,0,0,0,0,0,0,0,0,0,0,0,0,0,0,0,109473.25,0,0,0,0,0,0,0,207805.44,0,0,0,0,0,0,0,0,0,0,1325796.8,0,0,0,0,0,0,0,0,0,0,64325.133,0,0,0,0,8553.684,0,0,0,0,0,0,0,0,61585.28,21884.139,4454.826,0,0,407866.22,0,0,0,0,0,273128.8,0,126825.56,39277.594,4546.523,86211.81,0,0,0,0,27428.535,0
P2_E2_Aureitalea_A0A2S7KLN3_rep2,A0A2S7KLN3,rep2,0,0,0,0,0,0,0,0,0,0,0,0,0,0,0,188242.4,0,0,0,0,0,0,0,323628.88,0,0,0,0,0,0,0,0,0,0,1659627.4,0,0,0,0,0,0,0,0,0,0,40364.28,0,0,0,0,8243.722,0,0,0,0,0,0,0,0,81248.36,0,12390.133,0,0,448411.75,0,0,0,0,0,298299.28,0,22012.963,58077.89,1518.0665,46462.492,0,0,0,0,930.0751,0
P2_E2_Aureitalea_A0A2S7KLN3_rep3,A0A2S7KLN3,rep3,0,0,0,0,0,0,0,0,0,0,0,0,0,0,0,282003.44,0,0,0,0,0,0,570.7511,411990.56,0,0,0,0,0,0,0,0,0,0,2074400.8,0,0,0,0,0,0,0,0,0,0,37748.67,0,0,0,0,10097.787,0,0,0,0,0,0,0,0,74594.05,0,11027.649,0,0,502835.53,5876.5977,0,0,0,0,354672.06,0,57748.418,27670.646,0,62452.195,0,0,0,0,0,0
P2_E3_Vibrio_A0A7W2FPE8,A0A7W2FPE8,rep1,24762.348,55488.375,0,0,0,0,0,99457.82,0,3494079.5,70508.19,41689.355,0,18616.512,0,74810.055,0,0,0,0,0,0,0,195580.12,0,13640.659,0,0,56354.48,0,0,0,452184.84,928.184,756588.56,0,33406.664,0,0,0,0,0,0,0,0,70066.64,0,280095.66,0,0,22256.459,43946.492,0,160486.48,68790.94,0,10767578,90535.07,585431.44,28031.24,5077704,0,379837.7,47990.508,371113.88,0,550203.3,2671768.2,0,294318.12,164310.1,7950272,114241.05,20347.336,4304264,76103.8,0,0,83396.125,0,19135.924,0
P2_E3_Vibrio_A0A7W2FPE8_rep2,A0A7W2FPE8,rep2,23474.465,56102.75,0,0,0,0,0,94917.875,0,3496769,61094.543,38066.055,0,27736.18,0,136687.19,0,0,0,0,0,0,0,285042.97,0,24743.86,0,0,55268.19,0,0,0,478848.06,2062.359,1297508.8,0,14654.594,13266.878,0,0,0,0,0,0,0,48460.867,0,279540.44,0,0,20847.963,42289.473,0,139375.17,67755.016,0,11770233,107507,593372.1,33644.75,5234634.5,0,393834.28,38946.047,353862.56,0,565526.1,2799367.5,0,239421.55,173076.27,8439539,75981.695,57152.938,3353995.5,54569.477,0,0,82273.9,4937.324,6527.065,0
P2_E3_Vibrio_A0A7W2FPE8_rep3,A0A7W2FPE8,rep3,25035.916,53811.156,0,0,0,0,0,106320.125,0,3705970.8,70603.76,41683.25,0,24881.371,0,106120.445,0,0,0,0,0,0,0,320843.88,0,18979.271,0,0,39999.465,0,0,0,494403.12,2430.644,1489569.1,0,15707.123,5555.969,0,0,0,0,0,0,0,36040.66,0,298840.56,0,0,21924.988,49825.965,0,141768.17,16464.242,0,12505542,103445.914,728256.6,36608.516,5824561.5,0,462913.03,43862.53,464837,14627.225,559507.44,3239205.8,0,396329.9,67359.11,8799136,84188.03,35214.062,4880452,107051.68,0,0,110510.79,0,12479.111,0
P2_E4_Symploca_SIO2E9_A0A6B3M9R4,A0A6B3M9R4,rep1,0,0,0,0,0,0,0,0,0,0,0,0,0,0,0,128425.02,0,0,0,0,0,0,0,201624.16,0,0,0,0,0,0,0,0,0,0,1245622.8,0,0,0,0,0,0,0,0,0,0,63575.523,0,0,0,0,8720.644,0,0,0,0,0,0,0,0,51768.77,14087.82,2980.615,0,0,493127.9,0,0,0,0,0,166009.25,0,130461.87,27197.754,4227.564,66655.69,0,0,0,0,3085.018,0
P2_E4_Symploca_SIO2E9_A0A6B3M9R4_rep2,A0A6B3M9R4,rep2,0,0,0,0,0,0,0,0,0,0,0,0,0,0,0,214441.4,0,0,0,0,0,0,0,285542.62,0,0,0,0,0,0,0,0,0,0,1811082.1,0,0,0,0,0,0,0,0,0,0,45279.52,0,0,0,0,8492.962,0,0,0,0,0,0,0,0,69474.49,0,9722.721,0,0,535470.25,0,0,0,0,0,302546.97,2544.7764,102313.914,32887.37,16361.292,63707.273,0,0,0,0,588.8567,0
P2_E4_Symploca_SIO2E9_A0A6B3M9R4_rep3,A0A6B3M9R4,rep3,0,0,0,0,0,0,0,0,0,0,0,0,0,0,0,212812.47,0,0,0,0,0,0,0,384175.22,0,0,0,0,0,0,0,0,0,0,2210350.8,0,0,0,0,0,0,0,0,0,0,30831.07,0,0,0,0,9352.572,0,0,0,0,0,0,0,0,60006.39,0,14004.805,0,0,467465.28,0,0,0,0,0,337759.6,3257.581,45086.03,28502.098,28664.084,101383.49,0,0,0,0,1883.387,0
P2_E5_substrate_only_control,Only_substrate_2,rep1,0,0,0,0,0,0,0,0,0,0,0,0,0,0,0,0,0,0,0,0,0,0,0,0,0,0,0,0,0,0,0,0,0,0,0,0,0,0,0,0,0,0,0,0,0,0,0,0,0,0,0,0,0,0,0,0,0,0,0,0,0,0,0,0,0,0,0,0,0,0,0,0,0,0,0,0,0,0,0,0,0,0
P2_E5_substrate_only_control_rep2,Only_substrate_2,rep2,0,0,0,0,0,0,0,0,0,0,0,0,0,0,0,0,0,0,0,0,0,0,0,0,0,0,0,0,0,0,0,0,0,0,0,0,0,0,0,0,0,0,0,0,0,0,0,0,0,0,0,0,0,0,0,0,0,0,0,0,0,0,0,0,0,0,0,0,0,0,0,0,0,0,0,0,0,0,0,0,0,0
P2_E5_substrate_only_control_rep3,Only_substrate_2,rep3,0,0,0,0,0,0,0,0,0,0,0,0,0,0,0,0,0,0,0,0,0,0,0,0,0,0,0,0,0,0,0,0,0,0,0,0,0,0,0,0,0,0,0,0,0,0,0,0,0,0,0,0,0,0,0,0,0,0,0,0,0,0,0,0,0,0,0,0,0,0,0,0,0,0,0,0,0,0,0,0,0,0
P2_F1_Listeria_BSH_Q8Y5J3,Q8Y5J3,rep1,0,0,0,0,0,0,0,0,0,40500.42,0,0,0,0,25188.611,496754.7,0,0,1623.062,3454.965,11881.342,0,9830.793,148713.05,2381.431,49614.082,6080.464,5431.095,19296.74,31124.016,0,6145.66,0,4399.473,471035.72,27899.111,0,51108.43,43660.844,12823.151,0,3742.124,21286.086,10546.062,0,78393.68,0,0,3703.766,847.37,70100.47,0,74592.71,0,67215,7684.83,12412.795,0,0,65008.664,34875.57,0,0,0,490746.94,11473.957,0,0,31884.215,0,203878.98,115077.586,211350.1,105556.414,0,95944.58,13469.826,20005.852,0,4683.541,4118.936,1652.343
P2_F1_Listeria_BSH_Q8Y5J3_rep2,Q8Y5J3,rep2,0,0,0,0,0,0,0,0,0,44500.43,0,0,0,0,15480.694,718776.4,0,0,0,0,5396.758,0,22531.916,295853.1,832.4569,52655.273,4691.301,0,6994.1943,27362.111,2048.0515,3698.7559,3383.118,0,493667.94,24662.297,0,81331.555,12028.289,15246.496,0,4497.465,5024.3716,6949.014,0,60868.055,0,0,0,0,62217.44,0,63311.293,0,97748.17,5847.918,28299.578,0,0,88571.07,0,0,0,0,519593.2,42609.17,0,0,0,0,135158.69,100547.27,139801.34,56265.176,0,58116.793,11399.743,0,0,0,3862.6326,24111.271
P2_F1_Listeria_BSH_Q8Y5J3_rep3,Q8Y5J3,rep3,0,0,0,0,0,0,0,0,0,66411.59,0,0,0,0,14390.702,655161.94,0,0,0,0,6007.83,0,17857.4,367810,0,53657.29,3723.5742,0,7051.413,28414.293,768.054,901.9836,3933.155,0,698111.06,15144.0205,0,60361.348,40092.105,10877.13,0,1283.551,8413.848,6074.618,0,52326.7,0,0,0,0,68608.555,0,72119.33,0,82723.27,9336.51,43348.695,0,0,74893.23,0,0,0,0,476443.28,23021.938,0,0,0,0,34233.973,86421.98,69477.27,66503.28,0,99665.48,7936.077,0,0,3482.3413,0,6682.4697
P2_F2_Blastospirellula_A0A2S8G2H3,A0A2S8G2H3,rep1,0,0,0,0,0,0,0,0,0,0,0,0,0,0,0,124114.54,0,0,0,0,0,0,0,168060.03,0,0,0,0,0,0,0,0,0,0,1152582.2,0,0,0,0,0,0,0,0,0,0,164688.62,0,0,0,0,9962.517,0,0,0,0,0,0,0,0,50574.168,18787.145,3119.664,0,0,383229.72,0,0,0,0,0,163099.17,5425.485,110453.266,19641.635,0,75788.73,0,0,0,0,8776.805,0
P2_F2_Blastospirellula_A0A2S8G2H3_rep2,A0A2S8G2H3,rep2,0,0,0,0,0,0,0,0,0,0,0,0,0,0,0,190090.25,0,0,0,0,0,0,0,321163.62,0,0,0,0,0,0,0,0,0,0,1627498.6,0,0,0,0,0,0,0,0,0,0,127840.21,0,0,0,0,7920.717,0,0,0,0,0,0,0,0,82073.17,0,8280.907,0,0,491468.22,0,0,0,0,0,326030.7,4843.938,138981.44,28202.13,0,97378.22,0,0,0,0,753.8813,0
P2_F2_Blastospirellula_A0A2S8G2H3_rep3,A0A2S8G2H3,rep3,0,0,0,0,0,0,0,0,0,0,0,0,0,0,0,219711.3,0,0,0,0,0,0,0,317025.62,0,0,0,0,0,0,0,0,0,0,1526982.6,0,0,0,0,0,0,0,0,0,0,94933.56,0,0,0,0,9812.295,0,0,0,0,0,0,0,0,72959.305,0,10225.349,0,0,486496.2,11000.596,0,0,0,0,339039.8,0,114447.8,55563.78,0,107638.28,0,0,0,0,0,0
P2_F3_Desulfomarina_A0A8D5FTP2,A0A8D5FTP2,rep1,0,0,0,0,0,0,0,0,0,0,0,0,0,0,0,131675.31,0,0,0,0,0,0,0,191949.42,0,0,0,0,1081.59,0,0,0,0,0,1182839.2,0,0,0,0,0,0,0,0,0,0,47514.14,0,0,0,0,9015.612,0,0,0,0,0,0,0,0,49212.273,28327.354,3302.648,0,0,443201.1,0,0,0,0,0,318521.97,0,146583.69,22691.578,0,95776.64,0,0,0,0,2285.759,0
P2_F3_Desulfomarina_A0A8D5FTP2_rep2,A0A8D5FTP2,rep2,0,0,0,0,0,0,0,0,0,0,0,0,0,0,0,195004.92,0,0,0,0,0,0,0,292689.88,0,0,0,0,0,0,0,0,0,0,1814959.5,0,0,0,0,0,0,0,0,0,0,43527.555,0,0,0,0,9152.924,0,0,0,0,0,0,0,0,80570.945,0,12053.689,0,0,427337.1,0,0,0,0,0,290046.4,3895.162,71083.96,36358.777,3304.229,55875.74,0,0,0,0,1025.688,0
P2_F3_Desulfomarina_A0A8D5FTP2_rep3,A0A8D5FTP2,rep3,0,0,0,0,0,0,0,0,0,0,0,0,0,450.189,0,12775.364,0,0,0,0,0,0,0,21741.734,0,0,0,0,0,0,0,0,0,0,123882.12,0,0,0,0,0,0,0,0,0,0,7366.7407,0,0,0,0,1800.1277,0,0,0,0,0,1269.105,0,0,5256.5425,741.63,0,0,0,107503.62,0,0,1514.627,0,0,39762.164,4552.4595,43046.395,5093.3037,858.9161,12529.291,0,0,0,0,0,0
P2_F4_Marinobacter_A0A1I4P275,A0A1I4P275,rep1,0,0,0,0,0,0,0,0,0,0,0,0,0,0,0,143922.89,0,0,0,0,0,0,0,233944.75,0,0,0,0,0,0,0,0,0,0,1442489,0,0,0,0,0,0,0,0,0,0,57573.594,0,0,0,0,10774.31,0,0,0,0,0,0,0,0,62760.09,15182.538,3665.7,0,0,476605.7,0,0,0,0,0,294248.6,3374.326,114944.586,34547.848,0,89345.63,0,0,0,0,9462.261,0
P2_F4_Marinobacter_A0A1I4P275_rep2,A0A1I4P275,rep2,0,0,0,0,0,0,0,0,0,0,0,0,0,0,0,195597.9,0,0,0,0,0,0,618.8577,314657.06,0,0,0,0,0,0,0,0,0,0,1432237.9,0,0,2661.3628,0,0,0,0,0,0,0,45387.42,0,0,0,0,10674.18,0,0,0,0,0,0,0,0,82168.23,0,10156.633,0,0,455834.66,12294.904,0,0,0,0,160090.06,0,73689.25,33935.223,3041.4326,58590.645,0,0,0,0,1823.6012,0
P2_F4_Marinobacter_A0A1I4P275_rep3,A0A1I4P275,rep3,0,0,0,0,0,0,0,0,0,0,0,0,0,0,0,22563.031,0,0,0,0,0,0,0,31258.393,0,0,0,0,0,0,0,0,0,0,222191.58,0,0,0,0,0,0,0,0,0,0,5614.559,0,0,0,0,1906.22,0,0,0,0,0,0,0,0,4425.879,0,0,0,0,98346.98,0,0,0,0,0,63662.516,0,36440.65,11481.742,0,19870.387,0,0,0,0,7556.692,0
P2_F5_substrate_only_control,Only_substrate_3,rep1,0,0,0,0,0,0,0,0,0,0,0,0,0,0,0,0,0,0,0,0,0,0,0,0,0,0,0,0,0,0,0,0,0,0,0,0,0,0,0,0,0,0,0,0,0,0,0,0,0,0,0,0,0,0,0,0,424.5879,0,0,0,0,0,0,0,0,0,0,0,0,0,0,0,0,0,0,0,0,0,0,0,0,0
P2_F5_substrate_only_control_rep2,Only_substrate_3,rep2,0,0,0,0,0,0,0,0,0,0,0,0,0,0,0,0,0,0,0,0,0,0,0,0,0,0,0,0,0,0,0,0,0,0,0,0,0,0,0,0,0,0,0,0,0,0,0,0,0,0,0,0,0,0,0,0,0,0,0,0,0,0,0,0,0,0,0,0,0,0,0,0,0,0,0,0,0,0,0,0,0,0
P2_F5_substrate_only_control_rep3,Only_substrate_3,rep3,0,0,0,0,0,0,0,0,0,0,0,0,0,0,0,3400.854,0,0,0,0,0,0,0,0,0,0,0,0,0,0,0,0,0,0,8667.762,0,0,0,0,0,0,0,0,0,0,0,0,0,0,0,0,0,0,0,0,0,0,0,0,0,0,0,0,0,0,0,0,0,0,0,0,0,0,0,0,0,0,0,0,0,0,0
P2_G1_Listeria_BSH_A0A3Q0NGD6,A0A3Q0NGD6,rep1,0,0,0,0,25029.693,0,24937.855,0,47603.03,283284.03,0,0,36388.082,8332.455,196242,2473534,0,36740.883,17739.732,44274.355,98446.8,0,72834.38,59072.156,25416.174,311130.1,14455.435,35219.723,0,120246.38,9654.002,24755.871,9508.606,153823.14,149460.56,168619.02,0,172325.55,105829.77,101113.984,11120.992,34724.9,109764.75,86519.79,1370.412,82423.195,0,0,134462.31,3133.296,140019,2534.067,405938.5,0,272760.28,84496.92,301639.62,20748.469,0,98507.68,24807.441,0,4698.6,0,591458.25,194717.53,0,0,111415.516,0,287983.25,563315.6,331412.62,240817.75,92657.38,70609.42,33267.406,72061.875,0,12552.689,8374.678,205839.39
P2_G1_Listeria_BSH_A0A3Q0NGD6_rep2,A0A3Q0NGD6,rep2,0,0,0,0,0,0,49504.574,0,39458.06,363660.47,0,0,37931.617,7090.575,189232.47,2188855.8,0,40954.82,20964.871,55028.27,99113.81,0,92224.766,72635.14,27972.49,317458.5,14752.295,53798.17,36760.574,145432.66,27282.68,27068.922,26626.582,182778.66,163735.03,166983.45,0,320787.78,118413.17,102940.055,13583.562,35482.39,143675.97,127190.875,0,86775.98,0,0,27259.867,4074.4983,145689.66,0,431395.78,590.0745,304213.53,95707.875,338937.88,19274.213,0,95082.46,31800.697,0,4946.2866,0,566729.44,248417.7,0,0,94593.22,0,263783.22,656787.06,425788.88,225588.72,125246.33,49053.145,32429.771,47771.9,0,13379.935,5709.412,178561.02
P2_G1_Listeria_BSH_A0A3Q0NGD6_rep3,A0A3Q0NGD6,rep3,0,0,0,0,36652.203,0,18367.666,0,0,448485.38,0,0,47588.098,0,200546.25,1930664.6,0,67200.016,28430.719,66285.49,104297.37,0,90211.875,160286.11,26262.102,369863.88,18343.2,49763.273,0,161686.77,2363.673,34097.977,5793.359,186329.66,687521.8,168146.81,0,226027.94,114512.81,84091.89,6980.619,30074.838,139981.78,138061.58,0,81997.17,0,0,78873.77,2064.417,157744.6,1878.343,489810.62,0,298387.72,113546.32,351334.7,14776.695,0,128447.445,0,0,0,0,712787.2,286769.03,0,0,71091.07,0,131129.03,696582.06,330279.16,227005.33,119569.06,90331.88,34802.285,11087.953,0,5981.099,3449.615,105373.57
P2_G2_Blastospirellula_A0A2S8GTJ2,A0A2S8GTJ2,rep1,0,0,0,0,0,0,0,0,0,0,0,0,0,0,0,156419.62,0,0,0,0,0,0,854.6661,192424.48,0,0,0,0,0,0,0,0,0,0,1301585.6,0,0,4129.4316,0,0,0,0,0,0,0,170446.48,0,0,0,0,10167.643,0,0,0,0,0,0,0,0,63526.23,22359.137,2743.6763,0,0,384969.56,0,0,0,0,0,304705.44,2227.5913,100452.69,30626.121,2370.2244,62665.727,0,0,0,0,4963.036,0
P2_G2_Blastospirellula_A0A2S8GTJ2_rep2,A0A2S8GTJ2,rep2,0,0,0,0,0,0,0,0,0,0,0,0,0,0,0,202262.45,0,0,0,0,0,0,0,325342.28,0,0,0,0,0,0,0,0,0,0,1814859.2,0,0,0,0,0,0,0,0,0,0,97503.81,0,0,0,0,8612.98,0,0,0,0,0,0,0,0,63051.15,0,11928.384,0,0,379417.1,0,0,0,0,0,267563.62,2789.003,68255.06,57159.496,0,55739.336,0,0,0,0,1051.368,0
P2_G2_Blastospirellula_A0A2S8GTJ2_rep3,A0A2S8GTJ2,rep3,0,0,0,0,0,0,0,0,0,0,0,0,0,0,0,233649.16,0,0,0,0,0,0,0,405082.16,0,0,0,0,0,0,0,0,0,0,2220052.5,0,0,0,0,0,0,0,0,0,0,97112.38,0,0,0,0,10656.999,0,0,0,0,0,0,0,0,73577.87,0,12982.762,0,0,510486.56,4982.833,0,0,0,0,319541.5,4815.2607,115316.86,24705.166,0,72727.97,0,0,0,0,721.3129,0
P2_G3_Mariniradius_M7X2M2,M7X2M2,rep1,0,0,0,0,0,0,0,0,0,0,0,0,0,0,0,105930.56,0,0,0,0,0,0,0,170562.39,0,0,0,0,2103.263,0,0,0,0,0,1304323.5,0,0,0,2313.968,0,0,0,0,0,0,61113.727,0,0,0,0,8594.424,0,0,0,0,0,0,0,0,51521.34,23381.291,2216.13,0,0,429870.62,0,0,0,0,0,322311.25,3058.554,126932.766,35090.152,0,102211.984,0,0,0,0,18183.139,0
P2_G3_Mariniradius_M7X2M2_rep2,M7X2M2,rep2,0,0,0,0,0,0,0,0,0,0,0,0,0,0,0,158630.12,0,0,0,0,0,0,0,283043.22,0,0,0,0,0,0,0,0,0,0,1797046.8,0,0,0,0,0,0,0,0,0,0,41729.188,0,0,0,0,8705.916,0,0,0,0,0,0,0,0,56761.434,0,11574.022,0,0,412535.34,0,0,0,0,0,336524.72,7140.047,123039.47,26205.197,0,73624.01,0,0,0,0,927.2972,0
P2_G3_Mariniradius_M7X2M2_rep3,M7X2M2,rep3,0,0,0,0,0,0,0,0,0,0,0,0,0,0,0,194753.97,0,0,0,0,0,0,0,301470.66,0,0,0,0,0,0,0,0,0,0,1713463.2,0,0,0,0,0,0,0,0,0,0,28208.176,0,0,0,0,9347.07,0,0,0,0,0,0,0,0,42071.105,3981.966,9695.033,0,0,301896.34,5665.85,0,0,0,0,208420.98,3427.441,90290.36,36123.22,3282.28,65337.516,0,0,0,0,2573.04,0
P2_G4_polyamineBSH_A0A1Y4QH48,A0A1Y4QH48,rep1,0,0,0,0,0,0,0,0,0,0,0,0,0,0,0,113197.34,0,0,0,0,0,0,0,182680.81,0,0,0,0,1700.108,0,0,0,0,0,1119862,0,0,0,1708.348,0,0,0,0,0,0,72802.59,0,0,0,0,11082.813,0,0,0,0,0,0,0,0,66534.734,24185.219,4442.473,0,0,443209.56,9775.867,0,0,0,0,301780.4,3426.841,51992.324,27412.844,0,66669.734,0,0,0,0,6352.28,0
P2_G4_polyamineBSH_A0A1Y4QH48_rep2,A0A1Y4QH48,rep2,0,0,0,0,0,0,0,0,0,0,0,0,0,0,0,160802.75,0,0,0,0,0,0,0,193322.6,0,0,0,0,0,0,0,0,0,0,984859.4,0,0,0,0,0,0,0,0,0,0,42306.027,0,0,0,0,9987.179,0,0,0,0,0,0,0,0,57637.64,0,6305.0986,0,2906.6658,545231.5,0,0,0,0,0,167848.6,2782.6807,88107.66,34337.785,2726.3687,66922.43,0,0,0,0,831.0912,0
P2_G4_polyamineBSH_A0A1Y4QH48_rep3,A0A1Y4QH48,rep3,0,0,0,0,0,0,0,0,0,0,0,0,0,0,0,253986.11,0,0,0,0,0,0,0,404993.62,0,0,0,0,0,0,0,0,0,0,2132486.5,0,0,0,0,0,0,0,0,0,0,35102.742,0,0,0,0,10716.974,0,0,0,0,0,0,0,0,68622.7,6480.1895,13872.482,0,0,501457.97,5463.9883,0,0,0,0,179854.81,4236.6953,88711.37,35627.074,0,51261.84,0,0,0,0,936.3871,0
P2_H1_Bifidobacterium_BSH_Q9KK62,Q9KK62,rep1,0,0,0,0,0,0,0,0,0,13869.127,0,0,0,0,6678.888,120374.68,0,0,0,0,0,0,0,180711.14,0,2149.563,0,0,4148.721,0,0,0,0,0,979944.75,0,0,14278.084,0,0,0,0,0,0,0,78342.94,0,0,5504.31,0,25663.314,0,0,0,0,0,5829.462,14024.441,0,58147.867,25797.803,1635.135,0,0,524893.8,0,0,0,0,0,54988.746,79225.36,173092.72,45123.965,27677.225,109149.02,0,0,0,0,54337.316,0
P2_H1_Bifidobacterium_BSH_Q9KK62_rep2,Q9KK62,rep2,0,0,0,0,0,0,0,0,0,0,0,0,0,0,0,0,0,0,0,0,0,0,0,0,0,0,0,0,0,0,0,0,0,0,0,0,0,0,0,0,0,0,0,0,0,0,0,0,0,0,0,0,0,0,0,0,0,0,0,0,0,0,0,0,0,0,0,0,0,0,0,0,0,0,0,0,0,0,0,0,0,0
P2_H1_Bifidobacterium_BSH_Q9KK62_rep3,Q9KK62,rep3,0,0,0,0,0,0,0,0,0,0,0,0,0,0,0,0,0,0,0,0,0,0,0,0,0,0,0,0,0,0,0,0,0,0,0,0,0,0,0,0,0,0,0,0,0,0,0,0,0,0,0,0,0,0,0,0,0,0,0,0,0,0,0,0,0,0,0,0,0,0,0,0,0,0,0,0,0,0,0,0,0,0
P2_H2_Mycobacterium_A0A3E2MNL2,A0A3E2MNL2,rep1,0,0,0,0,0,0,0,0,0,0,0,0,0,0,0,102108.02,0,0,0,0,0,0,0,161103.28,0,0,0,0,2181.257,0,0,0,0,0,1212707.4,0,0,4129.702,0,0,0,0,0,0,0,75240.18,0,0,0,0,10757.057,0,0,0,0,0,0,0,0,56400.848,24260.883,2112.078,0,0,480538.7,0,0,0,0,0,371203.6,0,154887.8,46959.746,5319.976,103276.67,0,0,0,0,89432.67,0
P2_H2_Mycobacterium_A0A3E2MNL2_rep2,A0A3E2MNL2,rep2,0,0,0,0,0,0,0,0,0,0,0,0,0,0,0,0,0,0,0,0,0,0,0,0,0,0,0,0,0,0,0,0,0,0,0,0,0,0,0,0,0,0,0,0,0,0,0,0,0,0,0,0,0,0,0,0,0,0,0,0,0,0,0,0,0,0,0,0,0,0,0,0,0,0,0,0,0,0,0,0,0,0
P2_H2_Mycobacterium_A0A3E2MNL2_rep3,A0A3E2MNL2,rep3,0,0,0,0,0,0,0,0,0,0,0,0,0,0,0,0,0,0,0,0,0,0,0,0,0,0,0,0,0,0,0,0,0,0,0,0,0,0,0,0,0,0,0,0,0,0,0,0,0,0,0,0,0,0,0,0,0,0,0,0,0,0,0,0,0,0,0,0,0,0,0,0,0,0,0,0,0,0,0,0,0,0
P2_H3_Halodesulfovibrio_A0A1N6ECR1,A0A1N6ECR1,rep1,0,0,0,0,0,0,0,0,0,0,0,0,0,0,0,144302.95,0,0,0,0,0,0,0,227318.38,0,0,0,0,946.1513,0,0,0,0,6974.7246,1345150,0,0,0,1842.1957,0,0,0,0,0,0,66461.625,0,0,0,0,11276.899,0,0,0,0,0,0,0,0,74601.82,21422.799,5742.912,0,0,523755.38,0,0,0,0,0,313639.5,4330.005,155929.17,40452.36,0,113362.06,0,0,0,0,42588.83,0
P2_H3_Halodesulfovibrio_A0A1N6ECR1_rep2,A0A1N6ECR1,rep2,0,0,0,0,0,0,0,0,0,0,0,0,0,0,0,0,0,0,0,0,0,0,0,0,0,0,0,0,0,0,0,0,0,0,0,0,0,0,0,0,0,0,0,0,0,0,0,0,0,0,0,0,0,0,0,0,0,0,0,0,0,0,0,0,0,0,0,0,0,0,0,0,0,0,0,0,0,0,0,0,0,0
P2_H3_Halodesulfovibrio_A0A1N6ECR1_rep3,A0A1N6ECR1,rep3,0,0,0,0,0,0,0,0,0,0,0,0,0,0,0,234125.33,0,0,0,0,0,0,0,393444.53,0,0,0,0,0,0,0,0,0,0,1832063.6,0,0,0,0,0,0,0,0,0,0,44838.957,0,0,0,0,12565.715,0,0,0,0,0,0,0,0,88642.9,0,9727.971,0,0,559422.8,0,0,0,0,0,391968.28,5890.879,89264.8,32337.273,0,64722.164,0,0,0,0,0,0
P2_H4_penicillin_amidase,Pencillin_amidase,rep1,0,0,0,0,0,0,0,0,0,0,0,0,0,0,0,127769.97,0,0,0,0,0,0,0,165303.73,0,0,4791.81,0,1140.916,0,0,0,0,0,1318635.4,0,0,0,0,0,0,0,0,0,0,73794.32,0,0,0,0,10662.741,0,0,0,0,0,0,0,0,64077.32,31258.057,3295.921,0,0,545035.4,0,0,0,0,0,196032.02,3560.241,179854.67,40954.68,5140.578,130273.72,0,0,0,0,50349.105,0
P2_H4_penicillin_amidase_rep2,Pencillin_amidase,rep2,0,0,0,0,0,0,0,0,0,0,0,0,0,0,0,0,0,0,0,0,0,0,0,0,0,0,0,0,0,0,0,0,0,0,0,0,0,0,0,0,0,0,0,0,0,0,0,0,0,0,0,0,0,0,0,0,0,0,0,0,0,0,0,0,0,0,0,0,0,0,0,0,0,0,0,0,0,0,0,0,0,0
P2_H4_penicillin_amidase_rep3,Pencillin_amidase,rep3,0,0,0,0,0,0,0,0,0,0,0,0,0,0,0,259426.17,0,0,0,0,0,0,0,430352,0,0,0,0,0,0,0,0,0,0,2048013.5,0,0,0,0,0,0,0,0,0,0,44232.594,0,0,0,0,11800.593,0,0,0,0,0,0,0,0,75864.71,4965.71,9508.375,0,0,547214.94,11876.765,0,0,0,0,335094.56,6387.178,60863.438,31864.885,4762.105,55059.355,0,0,0,0,0,0
Resuspension_buffer,NA,rep1,0,0,0,0,0,0,0,0,0,0,0,0,0,0,0,0,0,0,0,0,0,0,0,0,0,0,0,0,0,0,0,0,0,0,0,0,0,0,0,0,0,0,0,0,0,0,0,0,0,0,0,0,0,0,0,0,0,0,0,0,0,0,0,0,0,0,0,0,0,0,0,0,0,0,0,0,0,0,0,0,0,0
Resuspension_buffer_rep2,NA,rep2,0,0,0,0,0,0,0,0,0,0,0,0,0,0,0,0,0,0,0,0,0,0,0,0,0,0,0,0,0,0,0,0,0,0,0,0,0,0,0,0,0,0,0,0,0,0,0,0,0,0,0,0,0,0,0,0,0,0,0,0,0,0,0,0,0,0,0,0,0,0,0,0,0,0,0,0,0,0,0,0,0,0
Resuspension_buffer_rep3,NA,rep3,0,0,0,0,0,0,0,0,0,0,0,0,0,0,0,0,0,0,0,0,0,0,0,0,0,0,0,0,0,0,0,0,0,0,0,0,0,0,0,0,0,0,0,0,0,0,0,0,0,0,0,0,0,0,0,0,0,0,0,0,0,0,0,0,0,0,0,0,0,0,0,0,0,0,0,0,0,0,0,0,0,0
Testmix_1,NA,rep1,0,0,0,0,0,0,0,0,0,0,0,0,0,0,0,0,0,0,0,0,0,0,0,0,0,0,0,0,0,0,0,0,0,0,0,0,0,0,0,0,0,0,0,0,0,0,0,0,0,0,0,0,0,0,0,0,0,0,0,0,0,0,0,0,0,0,0,0,0,0,0,0,0,0,0,0,0,0,0,0,0,0
Testmix_1_rep2,NA,rep2,0,0,0,0,0,0,0,0,0,0,0,0,0,0,0,0,0,0,0,0,0,0,0,0,0,0,0,0,0,0,0,0,0,0,0,0,0,0,0,0,0,0,0,0,0,0,0,0,0,0,0,0,0,0,0,0,0,0,0,0,0,0,0,0,0,0,0,0,0,0,0,0,0,0,0,0,0,0,0,0,0,0
Testmix_1_rep3,NA,rep3,0,0,0,0,0,0,0,0,0,0,0,0,0,0,0,0,0,0,0,0,0,0,0,0,0,0,0,0,0,0,0,0,0,0,0,0,0,0,0,0,0,0,0,0,0,0,0,0,0,0,0,0,0,0,0,0,0,0,0,0,0,0,0,0,0,0,0,0,0,0,0,0,0,0,0,0,0,0,0,0,0,0
Testmix_2,NA,rep1,0,0,0,0,0,0,0,0,0,0,0,0,0,0,0,0,0,0,0,0,0,0,0,0,0,0,0,0,0,0,0,0,0,0,0,0,0,0,0,0,0,0,0,0,0,0,0,0,0,0,0,0,0,0,0,0,0,0,0,0,0,0,0,0,0,0,0,0,0,0,0,0,0,0,0,0,0,0,0,0,1427.611,0
Testmix_2_rep2,NA,rep2,0,0,0,0,0,0,0,0,0,0,0,0,0,0,0,0,0,0,0,0,0,0,0,0,0,0,0,0,0,0,0,0,0,0,0,0,0,0,0,0,0,0,0,0,0,0,0,0,0,0,0,0,0,0,0,0,0,0,0,0,0,0,0,0,0,0,0,0,0,0,0,0,0,0,0,0,0,0,0,0,0,0
Testmix_2_rep3,NA,rep3,0,0,0,0,0,0,0,0,0,0,0,0,0,0,0,0,0,0,0,0,0,0,0,0,0,0,0,0,0,0,0,0,0,0,0,0,0,0,0,0,0,0,0,0,0,0,0,0,0,0,0,0,0,0,0,0,0,0,0,0,0,0,0,0,0,0,0,0,0,0,0,0,0,0,0,0,0,0,0,0,0,0
Testmix_3,NA,rep1,0,0,0,0,0,0,0,0,0,0,0,0,0,0,0,0,0,0,0,0,0,0,0,0,0,0,0,0,0,0,0,0,0,0,0,0,0,0,0,0,0,0,0,0,0,0,0,0,0,0,0,0,0,0,0,0,0,0,0,0,0,0,0,0,0,0,0,0,0,0,0,0,0,0,0,0,0,0,0,0,1600.427,0
Testmix_3_rep2,NA,rep2,0,0,0,0,0,0,0,0,0,0,0,0,0,0,0,0,0,0,0,0,0,0,0,0,0,0,0,0,0,0,0,0,0,0,0,0,0,0,0,0,0,0,0,0,0,0,0,0,0,0,0,0,0,0,0,0,0,0,0,0,0,0,0,0,0,0,0,0,0,0,0,0,0,0,0,0,0,0,0,0,0,0
Testmix_3_rep3,NA,rep3,0,0,0,0,0,0,0,0,0,0,0,0,0,0,0,0,0,0,0,0,0,0,0,0,0,0,0,0,0,0,0,0,0,0,0,0,0,0,0,0,0,0,0,0,0,0,0,0,0,0,0,0,0,0,0,0,0,0,0,0,0,0,0,0,0,0,0,0,0,0,0,0,0,0,0,0,0,0,0,0,0,0
Testmix_4,NA,rep1,0,0,0,0,0,0,0,0,0,0,0,0,0,0,0,0,0,0,0,0,0,0,0,0,0,0,0,0,0,0,0,0,0,0,0,0,0,0,0,0,0,0,0,0,0,0,0,0,0,0,0,0,0,0,0,0,0,0,0,0,0,0,0,0,0,0,0,0,0,0,0,0,0,0,0,0,0,0,0,0,2941.845,0
Testmix_4_rep2,NA,rep2,0,0,0,0,0,0,0,0,0,0,0,0,0,0,0,0,0,0,0,0,0,0,0,0,0,0,0,0,0,0,0,0,0,0,0,0,0,0,0,0,0,0,0,0,0,0,0,0,0,0,0,0,0,0,0,0,0,0,0,0,0,0,0,0,0,0,0,0,0,0,0,0,0,0,0,0,0,0,0,0,0,0
Testmix_4_rep3,NA,rep3,0,0,0,0,0,0,0,0,0,0,0,0,0,0,0,0,0,0,0,0,0,0,0,0,0,0,0,0,0,0,0,0,0,0,0,0,0,0,0,0,0,0,0,0,0,0,0,0,0,0,0,0,0,0,0,0,0,0,0,0,0,0,0,0,0,0,0,0,0,0,0,0,0,0,0,0,0,0,0,0,0,0
Testmix_5,NA,rep1,0,0,0,0,0,0,0,0,0,0,0,0,0,0,0,0,0,0,0,0,0,0,0,0,0,0,0,0,0,0,0,0,0,0,0,0,0,0,0,0,0,0,0,0,0,0,0,0,0,0,0,0,0,0,0,0,0,0,0,0,0,0,0,0,0,0,0,0,0,0,0,0,0,0,0,0,0,0,0,0,775.2242,0
Testmix_5_rep2,NA,rep2,0,0,0,0,0,0,0,0,0,0,0,0,0,0,0,0,0,0,0,0,0,0,0,0,0,0,0,0,0,0,0,0,0,0,0,0,0,0,0,0,0,0,0,0,0,0,0,0,0,0,0,0,0,0,0,0,0,0,0,0,0,0,0,0,0,0,0,0,0,0,0,0,0,0,0,0,0,0,0,0,569.1064,0
Testmix_5_rep3,NA,rep3,0,0,0,0,0,0,0,0,0,0,0,0,0,0,0,0,0,0,0,0,0,0,0,0,0,0,0,0,0,0,0,0,0,0,0,0,0,0,0,0,0,0,0,0,0,0,0,0,0,0,0,0,0,0,0,0,0,0,0,0,0,0,0,0,0,0,0,0,0,0,0,0,0,0,0,0,0,0,0,0,0,0
Testmix_6,NA,rep1,0,0,0,0,0,0,0,0,0,0,0,0,0,0,0,0,0,0,0,0,0,0,0,0,0,0,0,0,0,0,0,0,0,0,0,0,0,0,0,0,0,0,0,0,0,0,0,0,0,0,0,0,0,0,0,0,0,0,0,0,0,0,0,0,0,0,0,0,0,0,0,0,0,0,0,0,0,0,0,0,3314.987,0
Testmix_6_rep2,NA,rep2,0,0,0,0,0,0,0,0,0,0,0,0,0,0,0,0,0,0,0,0,0,0,0,0,0,0,0,0,0,0,0,0,0,0,0,0,0,0,0,0,0,0,0,0,0,0,0,0,0,0,0,0,0,0,0,0,0,0,0,0,0,0,0,0,0,0,0,0,0,0,0,0,0,0,0,0,0,0,0,0,0,0
Testmix_7,NA,rep1,0,0,0,0,0,0,0,0,0,0,0,0,0,0,0,0,0,0,0,0,0,0,0,0,0,0,0,0,0,0,0,0,0,0,0,0,0,0,0,0,0,0,0,0,0,0,0,0,0,0,0,0,0,0,0,0,0,0,0,0,0,0,0,0,0,0,0,0,0,0,0,0,0,0,0,0,0,0,0,0,1185.216,0
Testmix_7_rep2,NA,rep2,0,0,0,0,0,0,0,0,0,0,0,0,0,0,0,0,0,0,0,0,0,0,0,0,0,0,0,0,0,0,0,0,0,0,0,0,0,0,0,0,0,0,0,0,0,0,0,0,0,0,0,0,0,0,0,0,0,0,0,0,0,0,0,0,0,0,0,0,0,0,0,0,0,0,0,0,0,0,0,0,0,0
Testmix_8,NA,rep1,0,0,0,0,0,0,0,0,0,0,0,0,0,0,0,0,0,0,0,0,0,0,0,0,0,0,0,0,0,0,0,0,0,0,0,0,0,0,0,0,0,0,0,0,0,0,0,0,0,0,0,0,0,0,0,0,0,0,0,0,0,0,0,0,0,0,0,0,0,0,0,0,0,0,0,0,0,0,0,0,0,0
Testmix_8_rep2,NA,rep2,0,0,0,0,0,0,0,0,0,0,0,0,0,0,0,0,0,0,0,0,0,0,0,0,0,0,0,0,0,0,0,0,0,0,0,0,0,0,0,0,0,0,0,0,0,0,0,0,0,0,0,0,0,0,0,0,0,0,0,0,0,0,0,0,0,0,0,0,0,0,0,0,0,0,0,0,0,0,0,0,0,0
Total_pool_1,NA,rep1,0,12129.753,0,0,0,0,0,0,0,328638.1,0,0,0,0,167349.58,240331.9,0,0,0,0,0,0,5664.69,138315.53,1842.951,58378.14,7021.188,0,47275.258,17897.361,0,4060.996,64436.625,0,839672.9,24464.293,2397.846,108026.59,91334.86,0,0,4485.828,10440.898,0,15370.021,96098.15,0,3805.799,76316.875,7038.593,257127.7,99787.42,36629.2,72850.664,27542.105,0,262272.06,83632.805,0,59430.527,264557.38,0,112882.914,6821.866,638974.8,12534.373,49245.508,19776.297,114409.63,12865.785,115627.02,1030697.6,132386.31,114361.46,243914,58396.906,24090.684,17993.934,11728.691,23423.61,2281.686,0
Total_pool_1_rep2,NA,rep2,0,7322.371,0,0,0,0,0,0,0,288690.12,0,0,0,0,180799.97,168841.94,0,0,0,0,0,0,0,140813.16,0,58624.625,5265.187,0,58390.574,18078.162,0,1858.2473,68266.37,0,706279.3,17438.75,0,86157.34,94917.625,0,0,1325.4597,6522.0757,0,6107.1865,86080.26,0,662.3495,67514.516,6193.6104,244179.02,91442.21,33866.387,63486.746,10301.847,0,222326.64,77302.2,0,77168.625,246781.52,0,126532.34,0,667125.1,0,37441.902,21236.04,55442.773,0,29627.027,915972.25,71602.72,80469.086,289722.97,61746.855,11303.787,16389.117,5443.089,6380.571,2853.7793,0
Total_pool_10,NA,rep1,0,19979.758,0,0,0,0,0,0,0,359121.44,0,0,0,0,194614.5,271649.5,0,0,0,0,3323.97,0,4987.534,207061.58,3016.608,61779.79,5534.261,0,55458.05,17861.312,0,5127.077,70758.05,0,1358536.9,23453.346,0,106724.625,119484.305,0,0,2225.9,10787.09,0,16413.137,107727.61,0,2721.247,71027.56,8254.503,266383.22,111496.61,37433.633,72030.8,9576.732,0,250548.47,88048.945,0,78492.18,266119.3,0,182394.25,0,693885,26457.115,40674.28,0,86187.49,0,180408.3,1070368.1,84947.57,99240.8,318584.84,50936.91,19812.1,19847.04,8723.083,9150.787,2762.492,0
Total_pool_10_rep2,NA,rep2,0,4094.939,0,0,0,0,0,0,0,380665.78,0,0,0,0,238375.38,338829.66,0,0,0,0,0,0,6946.291,285569.9,2673.958,74084.03,5490.772,0,58454.367,18417.918,0,2744.997,67477.164,0,1614925.6,22802.76,0,121403.74,119245.79,0,0,3909.479,3227.382,0,3263.152,86300.766,0,2096.595,93124.445,5650.734,282062.72,112250.25,34468.848,72947.65,0,0,258770.75,100430.68,0,95437.47,312492,4212.065,212909.5,0,711148.9,13795.487,33409.414,0,29796.371,16353.176,121898.516,1094575.1,67307.88,84729.47,223451.94,50688.113,14285.355,16498.883,14058.344,19764.678,3458.467,0
Total_pool_11,NA,rep1,0,15933.842,0,0,0,0,8086.379,0,0,343945.78,0,0,0,0,234579.4,271796.06,0,0,0,0,0,0,4294.542,219831.17,2953.323,68825.664,4819.993,0,91625.8,17544.078,0,4565.962,68257.695,0,1390641.5,27012.658,0,105418.46,92531.734,0,0,3475.031,11305.933,0,15767.227,98961.63,0,1375.79,99543.62,6396.965,257853.75,106869.91,36717.74,76078.7,22982.479,0,266664.4,85333,0,84716.09,270310.34,0,180061.4,2323.626,667866.4,19916.535,44445.53,0,87650.73,0,57003.344,1072841.6,143611.02,149793.95,290436.5,77054.44,23790.648,32577.787,13874.008,16268.449,5294.42,0
Total_pool_11_rep2,NA,rep2,0,0,0,0,0,0,0,0,0,0,0,0,0,0,0,0,0,0,0,0,0,0,0,0,0,0,0,0,0,0,0,0,0,0,0,0,0,0,0,0,0,0,0,0,0,0,0,0,0,0,0,0,0,0,0,0,0,0,0,0,0,0,0,0,0,0,0,0,0,0,0,0,0,0,0,0,0,0,0,0,0,0
Total_pool_12,NA,rep1,0,19020.77,0,0,0,0,0,0,0,343393.12,0,0,0,0,190144.17,286270.28,0,0,0,0,3200.224,0,2966.652,214429.16,5284.237,71607.68,3129.996,0,79501.875,23815.406,0,4182.815,72239.32,0,1415341,22747.547,0,101826.766,103824.33,0,0,4861.598,4888.512,0,14545.633,95091,0,3629.291,93066.984,8010.595,270336.88,116162.82,40972.73,77459.82,0,0,263016.8,84587.2,0,72770.77,284042.78,0,187535.61,2421.296,750782.9,14262.401,43974.5,18201.748,108995.266,0,171303.12,1057311.6,136905.11,124979.125,276777.38,70436.734,23721.469,34272.35,9150.585,0,8070.477,0
Total_pool_12_rep2,NA,rep2,0,0,0,0,0,0,0,0,0,0,0,0,0,0,0,0,0,0,0,0,0,0,0,0,0,0,0,0,0,0,0,0,0,0,0,0,0,0,0,0,0,0,0,0,0,0,0,0,0,0,0,0,0,0,0,0,0,0,0,0,0,0,0,0,0,0,0,0,0,0,0,0,0,0,0,0,0,0,0,0,0,0
Total_pool_13,NA,rep1,0,16998.111,0,0,0,0,0,0,0,371461.9,0,0,0,0,209593.8,179976.62,0,0,0,0,0,0,0,255258.92,2985.781,75652.72,7478.858,0,47493.305,20656.152,0,4631.266,72539.5,0,1231723.5,22925.26,0,111520.98,106475.37,0,0,1548.082,13468.015,0,14802.505,104406.06,0,1992.99,86181.19,7452.843,274732.12,114236.09,38239.082,77805.61,0,0,283224.44,79028.05,0,79326.94,275783.03,0,119356.86,0,737189.94,55963.477,41598.836,0,105190.766,0,304543.75,1006638.1,123672.23,126613.15,314063,46134.242,18199.01,15523.099,7039.291,5473.879,3860.271,0
Total_pool_13_rep2,NA,rep2,0,0,0,0,0,0,0,0,0,0,0,0,0,0,0,0,0,0,0,0,0,0,0,0,0,0,0,0,0,0,0,0,0,0,0,0,0,0,0,0,0,0,0,0,0,0,0,0,0,0,0,0,0,0,0,0,0,0,0,0,0,0,0,0,0,0,0,0,0,0,0,0,0,0,0,0,0,0,0,0,0,0
Total_pool_14,NA,rep1,0,8486.21,0,0,0,0,0,0,0,394321.12,0,0,0,0,204422.6,220952.02,0,0,0,0,0,0,4371.007,239947.31,3795.277,70638.5,2200.874,0,57458.1,20387.045,0,3979.363,73237.164,0,1384932.4,29693.469,0,105446,123329.695,0,0,4861.793,8987.565,0,14758.278,108066.96,0,1911.945,94038.586,7063.754,278683,113767.336,41387.03,73971.555,20960.598,0,273002.44,93883.54,0,85771.56,300449.44,0,194768.2,6602.813,704829.1,18728.53,39814.707,0,102720.89,0,48221.5,1036963.1,134773.22,122221.836,362583.62,85195.41,24688.27,32568.178,21110.09,0,8191.616,0
Total_pool_14_rep2,NA,rep2,0,0,0,0,0,0,0,0,0,0,0,0,0,0,0,0,0,0,0,0,0,0,0,0,0,0,0,0,0,0,0,0,0,0,0,0,0,0,0,0,0,0,0,0,0,0,0,0,0,0,0,0,0,0,0,0,0,0,0,0,0,0,0,0,0,0,0,0,0,0,0,0,0,0,0,0,0,0,0,0,0,0
Total_pool_2,NA,rep1,0,20626.562,0,0,0,0,0,0,0,293067.78,0,0,0,0,182979.62,197055.53,0,0,0,0,5073.459,0,6881.849,222955.6,4677.151,70323.11,10655.207,0,90852.72,19506.555,0,4023.948,61633.316,0,1223040.2,24030.717,3991.521,92731.74,112909.63,0,0,3508.238,10808.686,3044.466,15367.233,85913.78,0,3886.304,108013.984,6243.967,245776.53,101228.29,38924.33,75396.26,17650.21,0,282622.4,82031.17,0,63635.63,245935.28,0,158246.97,4146.516,692972.5,9170.085,43564.523,19160.428,113670.77,0,51465.207,954275.1,134536.97,115793.86,301276.34,66701.55,19466.39,53364.324,12159.975,0,3274.362,0
Total_pool_2_rep2,NA,rep2,0,10215.898,0,0,0,0,0,0,0,339215.72,0,0,0,0,199137.58,265364.94,0,0,0,0,0,0,6185.942,318166.5,3369.834,77545.8,4997.627,0,76902.14,10529.734,0,3907.149,68682.45,0,1513167.1,18698.328,0,108494.21,96075.15,0,0,4836.387,5462.95,0,2533.712,80927.164,0,1661.552,80514.92,4235.19,261350.53,98477.33,34524.344,59730.027,8546.469,0,261342.08,98080.27,0,89454.57,256361.52,6478.369,199068.58,9211.406,699496,17199.309,41106.145,0,93920.05,0,50465.883,1008583.25,128585.66,126475.05,259896.48,59444.54,2508.415,28552.988,8369.805,0,2934.545,0
Total_pool_3,NA,rep1,0,17722.135,0,0,0,0,0,0,0,403685.25,0,0,0,0,191855.39,204732.28,0,0,0,0,0,0,7433.376,195111.48,5140.465,65487.324,6820.157,0,101103.62,17785.19,0,4187.939,59137.008,0,1321255.1,23210.08,0,98889.734,97494.5,0,0,2488.017,10589.678,0,12668.977,94768.445,0,2817.738,84353.95,4329.977,270899.97,104208.99,37922.516,73732.19,28784.28,0,275594.78,89949.73,0,71675.96,250333.33,0,122657.43,0,743360.75,17416.977,29794.902,0,94765.31,0,185655.39,1023563,140455.52,147432.2,261298.27,73164.04,24435.56,41722.25,16081.057,28026.066,2724.296,0
Total_pool_3_rep2,NA,rep2,0,7505.131,0,0,0,0,0,0,0,342420.75,0,0,0,0,255915.45,286432.56,0,0,0,0,2809.53,0,4258.64,349251.75,1285.444,78453.28,1838.37,0,82905.35,18875.768,0,4087.654,66192.63,0,1733821.1,13350.062,0,87529.77,85711.93,0,0,1355.699,4457.273,0,2476.97,84111.16,0,1535.093,41841.137,6671.506,269426.38,102119.24,35275.645,66287.58,11952.666,0,244116.17,95807.99,0,93945.09,269706.5,3027.646,168685.2,0,678202.44,0,45338.996,0,121443.766,0,55122.125,1091761.5,144889.9,124795.89,321054.5,73274.93,9208.146,27408.975,11108.393,0,6967.028,0
Total_pool_4,NA,rep1,0,18069.922,0,0,0,0,7265.649,0,0,319020.25,0,0,0,0,224512.52,273633.78,0,0,0,0,0,0,11214.688,205923.4,2406.108,74932.375,6840.165,0,79523.59,17439.088,0,5147.133,58296.605,0,1386088,23938.754,4685.594,116934.25,115102.055,0,0,1762.621,9324.631,0,14946.064,94879.945,0,4018.296,96919.914,4943.849,254369.4,103684,41698.906,77817.125,19795.037,0,274204.16,81373.7,0,72206.56,255990.84,0,76711.74,7502.964,702912.2,33916.66,53162.492,13758.628,106841.81,0,146092.72,1077017.8,142927.77,120050.58,337543.28,61571.38,22594.455,36645.758,18085.697,37931.492,4350.282,0
Total_pool_4_rep2,NA,rep2,0,4277.082,0,0,0,0,0,0,0,375785.28,0,0,0,0,229736.31,303565.25,0,0,0,0,3494.474,0,3694.862,344792.12,1849.959,73462.06,3103.166,0,77222.414,18589.635,0,3645.043,68827.016,0,1678112.9,23664.367,0,106761.81,100162.42,0,0,4185.499,4589.536,0,8301.9,92375.96,0,1142.194,57568.848,6137.202,273282.62,107566.18,33959.184,67549.086,0,0,272046.53,89069.29,0,85739.63,260592.5,3683.017,205095.61,0,726778.8,57596.31,41033.6,0,104228.016,17339.748,33292.406,1086063.6,85608.01,82243.13,179206.03,55589.918,19070.176,18706.11,10254.412,25914.28,3069.551,0
Total_pool_5,NA,rep1,0,6891.956,0,0,0,0,0,0,0,345035.38,0,0,0,0,194381.06,171715.47,0,0,0,0,0,0,3079.818,220165.53,3396.023,80999.85,5269.511,0,61534.785,21747.244,0,4541.002,62195.98,0,1241655.2,25214.125,3191.772,119942.54,105978.66,0,0,2853.49,17212.879,0,16192.18,100672.34,0,3357.904,95427.99,7559.609,266258.88,108638.42,41005.188,76385.15,22720.477,0,299672.56,97183.414,2780.992,71258.84,270620.72,0,200725.95,12864.75,704374,0,43853.08,20837.312,135729.97,12876.108,58243.17,1123665,46148.5,137248.31,277591.25,78854.43,26300.902,27862.441,15019.668,30795.42,10651.526,0
Total_pool_5_rep2,NA,rep2,0,5788.318,0,0,0,0,0,0,0,389557.28,0,0,0,0,215452.31,248314.08,0,0,0,0,2813.0144,0,2396.1294,369773.66,0,67479.26,5127.3965,0,86291.055,22413.742,0,4292.648,69616.28,0,1606850.8,24303.436,0,113258.26,103712.11,0,0,2295.318,8293.517,2451.6558,4318.882,85477.22,0,911.0269,55848.562,5205.4126,271881.94,106365.51,30527.691,68366.76,0,0,304300.28,90688.12,0,109625.586,317261.5,3924.38,216394.36,4555.358,776404.75,13806.221,27044.387,0,74491.58,0,37160.38,1111515.6,94317.016,94761.266,239309.39,60230.36,19102.545,31916.738,13453.596,12709.0625,8042.51,0
Total_pool_6,NA,rep1,0,19219.36,0,0,0,0,0,0,0,314769.5,0,0,0,0,179991.97,245460.1,0,0,0,0,0,0,2455.796,181015.28,4133.681,78214.91,5898.251,0,49290.895,17987.982,0,4252.442,65740.3,7781.127,1205228.1,23694.28,3046.278,91102.13,109014.805,0,0,3056.723,4693.327,0,16010.88,99001.65,0,3882.556,90306.2,6047.058,280532.7,112851.24,37727.547,78961.54,21151.006,0,296988.75,85880.33,0,64914.92,274099.8,0,111608.14,0,684809.8,10714.816,37018.61,0,127116.484,0,58822.418,1070110.5,158436.88,149149.06,288483.62,67576.05,22760.033,47107.746,17961.957,0,9773.268,0
Total_pool_6_rep2,NA,rep2,0,0,0,0,0,0,0,0,0,366658.5,0,0,0,0,220321.94,275996.53,0,0,0,0,3234.921,0,5417.442,300683.9,1814.724,69190.234,7472.247,0,87452.97,19503.402,0,4319.145,69317.3,12088.299,1484510.9,18821.732,0,106859.336,91081.195,0,0,5617.524,12777.768,0,5226.053,88252.34,0,2013.353,13846.646,5335.665,266489.1,104132.82,33725.91,63892.82,12697.097,0,269181.72,90330.74,0,89881.06,261028.64,3655.363,112631.27,0,706108.3,0,39306.992,0,73812.766,0,50057.145,945232.9,111952.45,132799.05,373433.97,87322.05,17385.598,0,19688.232,14896.222,5082.287,0
Total_pool_7,NA,rep1,0,22971.89,0,0,0,0,0,0,0,339899.84,0,0,0,0,186547.67,198411.78,0,0,0,0,0,0,4785.939,175492.03,4011.701,74248.47,4028.203,0,50383.35,16530.146,0,1885.509,59778.414,0,1262788,21016.924,0,102040.31,126451.46,0,0,2303.237,10571.724,0,18761.08,100049.61,0,3160.624,94544.74,6399.24,266075.75,107215.34,37120.67,77035.45,25055.094,0,283213.6,93559.16,0,71056.45,276516.88,0,208410.05,0,697370.56,27248.803,52569.285,0,71552.36,0,133149.42,1104802.6,141390.86,119046.13,298111.75,80848.65,20708.082,66712.98,18289.674,0,4296.888,0
Total_pool_7_rep2,NA,rep2,0,0,0,0,0,0,0,0,0,373982,0,0,0,0,202908.34,236959.12,0,0,0,0,2863.6245,0,3421.961,247445.19,0,71446.51,3157.1318,0,35615.3,20207.102,0,2817.3179,73093.79,0,1185178.1,14261.109,0,96597.55,94147.266,0,0,685.8201,8554.691,0,4027.9111,86802.59,0,1418.9546,61543.996,6250.506,260905.94,101635.305,34898.516,67311.19,11436.49,0,269443.88,97575.26,0,80034.305,300251.06,0,165174.66,4913.876,688279.56,0,29347.223,0,102067.09,0,27711.402,959558,59496.61,94749.7,305973.22,53354.145,14950.24,15555.911,8725.066,0,4532.1167,0
Total_pool_8,NA,rep1,0,8761.596,0,0,0,0,0,0,0,368536.4,0,0,0,0,200885.77,214813.84,0,0,0,0,0,0,5612.68,213322.06,6689.487,79782.164,6553.942,0,20644.996,22676.291,0,4437.623,70160.164,0,1188660.6,22496.35,0,101509.44,110836.62,0,0,3168.747,10796.371,0,19010.113,102386.46,0,3026.588,106643.66,6656.93,289798.1,107125.95,37475.566,78231.47,26463.531,0,290546.56,92760.766,0,69698.086,281809.22,0,201838.9,10735.131,653886.8,12317.414,39793.258,0,115914.89,0,41686.33,988928,125906.51,112536.64,245008.31,48132.656,22958.658,16657.146,8825.873,9786.821,2996.547,0
Total_pool_8_rep2,NA,rep2,0,9152.395,0,0,0,0,0,0,0,384431.56,0,0,0,0,214153.92,284565.8,0,0,0,0,0,0,3064.251,292958.25,2045.406,69342.99,5076.96,0,109420.13,22553.143,0,4012.688,70067.64,0,1427573.6,14460.037,0,93772.484,106067.445,0,0,0,6164.466,2466.644,11096.386,82134.06,0,1677.709,64136.957,8030.673,276329.12,103993,36498.66,76075.83,0,0,261104.11,100201.305,0,88126.34,291838.78,4265.522,212119.28,0,687435.5,26120.836,43102.18,0,117951.42,0,49224.027,1086925.9,134298.77,153450.61,310793.7,82255.516,27552.088,11833.914,21641.475,0,6126.989,0
Total_pool_8_rep3,NA,rep3,0,0,0,0,0,0,0,0,0,10025.281,0,0,0,0,4018.6548,8643.167,0,0,0,0,0,0,0,4552.2095,0,4685.6357,0,0,6958.8145,852.47815,0,0,1346.5593,247.40186,29295.291,255.53638,0,3226.5796,1294.9999,0,0,0,82.36438,152.2934,0,418.34033,0,55.36287,1734.5647,0,12343.726,1152.6566,915.8555,1161.4587,0,0,9745.107,3085.8223,0,2269.0781,1334.6677,1087.7527,3371.6895,0,60110.363,919.1533,1634.9852,0,1021.31213,0,17026.75,41564.71,22789.773,1458.332,7838.6553,2024.5443,0,0,0,852.93494,0,14149.092
Total_pool_9,NA,rep1,0,14915.633,0,0,0,0,0,0,0,330939.1,0,0,0,0,227623.14,196305.14,0,0,0,0,0,0,6709.357,181089.81,2432.544,75123.58,4055.537,0,43158.477,20409.926,0,4965.805,64798.85,0,1338243.9,23555.568,3617.811,117929.65,132998.78,0,0,2286.659,9747.17,0,14726.771,105086.07,0,1806.117,81113.5,6064.723,269968.75,111905.82,37710.594,80548.86,22835.143,0,275829.28,82365.31,0,73586.56,286294.56,0,101958.7,4593.185,753032.7,30956.293,35168.293,27816.598,87587.516,0,31496.496,1050455,99751.89,74144.12,279742.2,50740.89,18625.336,30671.885,0,0,4011.298,0
Total_pool_9_rep2,NA,rep2,0,0,0,0,0,0,0,0,0,350999.8,0,0,0,0,250839.72,326462.38,0,0,0,0,8873.082,0,4953.527,307250.06,1455.492,70076.31,4613.208,0,70430.75,23283.898,0,3523.32,73610.74,5681.474,1605475.1,22124.404,0,108666.86,136338.25,0,0,4554.745,7380.877,0,2395.83,88136.19,0,3185.786,48287.22,7607.345,282099.53,104374.61,34656.71,64183.996,11709.318,0,259991.05,89104.836,0,81930.73,274520.88,0,196696.6,0,692419.6,20703.156,27953.104,0,35307.277,5758.939,275422,1036154.44,91039.445,98997.234,101880.4,53780.758,11741.651,20657.766,8092.769,23451.943,4284.038,0
